{
    "TP": 11814,
    "TN": 42746,
    "FP": 67,
    "FN": 297,
    "accuracy": 0.9933726604034666,
    "precision": 0.9943607440451141,
    "recall": 0.9754768392370572,
    "attack_types": {
        "0": {
            "labelled_normal": 42746,
            "labelled_malicious": 67,
            "recall": 0.9984350547730829
        },
        "1": {
            "labelled_normal": 6,
            "labelled_malicious": 316,
            "recall": 0.9813664596273292
        },
        "2": {
            "labelled_normal": 37,
            "labelled_malicious": 266,
            "recall": 0.8778877887788779
        },
        "3": {
            "labelled_normal": 0,
            "labelled_malicious": 362,
            "recall": 1.0
        },
        "4": {
            "labelled_normal": 0,
            "labelled_malicious": 352,
            "recall": 1.0
        },
        "5": {
            "labelled_normal": 1,
            "labelled_malicious": 291,
            "recall": 0.9965753424657534
        },
        "6": {
            "labelled_normal": 35,
            "labelled_malicious": 371,
            "recall": 0.9137931034482759
        },
        "7": {
            "labelled_normal": 0,
            "labelled_malicious": 291,
            "recall": 1.0
        },
        "8": {
            "labelled_normal": 0,
            "labelled_malicious": 351,
            "recall": 1.0
        },
        "9": {
            "labelled_normal": 3,
            "labelled_malicious": 244,
            "recall": 0.9878542510121457
        },
        "10": {
            "labelled_normal": 21,
            "labelled_malicious": 275,
            "recall": 0.9290540540540541
        },
        "11": {
            "labelled_normal": 1,
            "labelled_malicious": 362,
            "recall": 0.9972451790633609
        },
        "12": {
            "labelled_normal": 0,
            "labelled_malicious": 460,
            "recall": 1.0
        },
        "13": {
            "labelled_normal": 13,
            "labelled_malicious": 346,
            "recall": 0.9637883008356546
        },
        "14": {
            "labelled_normal": 11,
            "labelled_malicious": 347,
            "recall": 0.9692737430167597
        },
        "15": {
            "labelled_normal": 23,
            "labelled_malicious": 297,
            "recall": 0.928125
        },
        "16": {
            "labelled_normal": 0,
            "labelled_malicious": 360,
            "recall": 1.0
        },
        "17": {
            "labelled_normal": 0,
            "labelled_malicious": 307,
            "recall": 1.0
        },
        "18": {
            "labelled_normal": 18,
            "labelled_malicious": 422,
            "recall": 0.9590909090909091
        },
        "19": {
            "labelled_normal": 0,
            "labelled_malicious": 333,
            "recall": 1.0
        },
        "20": {
            "labelled_normal": 0,
            "labelled_malicious": 133,
            "recall": 1.0
        },
        "21": {
            "labelled_normal": 0,
            "labelled_malicious": 344,
            "recall": 1.0
        },
        "22": {
            "labelled_normal": 0,
            "labelled_malicious": 319,
            "recall": 1.0
        },
        "23": {
            "labelled_normal": 0,
            "labelled_malicious": 457,
            "recall": 1.0
        },
        "24": {
            "labelled_normal": 8,
            "labelled_malicious": 203,
            "recall": 0.9620853080568721
        },
        "25": {
            "labelled_normal": 7,
            "labelled_malicious": 300,
            "recall": 0.9771986970684039
        },
        "26": {
            "labelled_normal": 1,
            "labelled_malicious": 342,
            "recall": 0.9970845481049563
        },
        "27": {
            "labelled_normal": 14,
            "labelled_malicious": 432,
            "recall": 0.968609865470852
        },
        "28": {
            "labelled_normal": 21,
            "labelled_malicious": 315,
            "recall": 0.9375
        },
        "29": {
            "labelled_normal": 4,
            "labelled_malicious": 389,
            "recall": 0.989821882951654
        },
        "30": {
            "labelled_normal": 36,
            "labelled_malicious": 357,
            "recall": 0.9083969465648855
        },
        "31": {
            "labelled_normal": 0,
            "labelled_malicious": 405,
            "recall": 1.0
        },
        "32": {
            "labelled_normal": 0,
            "labelled_malicious": 368,
            "recall": 1.0
        },
        "33": {
            "labelled_normal": 10,
            "labelled_malicious": 307,
            "recall": 0.9684542586750788
        },
        "34": {
            "labelled_normal": 8,
            "labelled_malicious": 372,
            "recall": 0.9789473684210527
        },
        "35": {
            "labelled_normal": 19,
            "labelled_malicious": 418,
            "recall": 0.9565217391304348
        }
    },
    "attack_categories": {
        "0": {
            "labelled_normal": 42746,
            "labelled_malicious": 67,
            "recall": 0.9984350547730829
        },
        "1": {
            "labelled_normal": 40,
            "labelled_malicious": 1519,
            "recall": 0.9743425272610647
        },
        "2": {
            "labelled_normal": 80,
            "labelled_malicious": 2486,
            "recall": 0.9688230709275136
        },
        "3": {
            "labelled_normal": 47,
            "labelled_malicious": 1657,
            "recall": 0.9724178403755869
        },
        "4": {
            "labelled_normal": 104,
            "labelled_malicious": 3941,
            "recall": 0.9742892459826947
        },
        "5": {
            "labelled_normal": 0,
            "labelled_malicious": 996,
            "recall": 1.0
        },
        "6": {
            "labelled_normal": 18,
            "labelled_malicious": 422,
            "recall": 0.9590909090909091
        },
        "7": {
            "labelled_normal": 8,
            "labelled_malicious": 793,
            "recall": 0.9900124843945068
        }
    }
}