{
    "TP": 11724,
    "TN": 42803,
    "FP": 62,
    "FN": 335,
    "accuracy": 0.9927718301653193,
    "precision": 0.9947395214661463,
    "recall": 0.9722199187328966,
    "attack_types": {
        "0": {
            "labelled_normal": 42803,
            "labelled_malicious": 62,
            "recall": 0.9985535985069404
        },
        "1": {
            "labelled_normal": 6,
            "labelled_malicious": 372,
            "recall": 0.9841269841269841
        },
        "2": {
            "labelled_normal": 24,
            "labelled_malicious": 267,
            "recall": 0.9175257731958762
        },
        "3": {
            "labelled_normal": 0,
            "labelled_malicious": 295,
            "recall": 1.0
        },
        "4": {
            "labelled_normal": 0,
            "labelled_malicious": 413,
            "recall": 1.0
        },
        "5": {
            "labelled_normal": 7,
            "labelled_malicious": 267,
            "recall": 0.9744525547445255
        },
        "6": {
            "labelled_normal": 40,
            "labelled_malicious": 378,
            "recall": 0.9043062200956937
        },
        "7": {
            "labelled_normal": 0,
            "labelled_malicious": 305,
            "recall": 1.0
        },
        "8": {
            "labelled_normal": 2,
            "labelled_malicious": 348,
            "recall": 0.9942857142857143
        },
        "9": {
            "labelled_normal": 0,
            "labelled_malicious": 300,
            "recall": 1.0
        },
        "10": {
            "labelled_normal": 22,
            "labelled_malicious": 264,
            "recall": 0.9230769230769231
        },
        "11": {
            "labelled_normal": 0,
            "labelled_malicious": 337,
            "recall": 1.0
        },
        "12": {
            "labelled_normal": 0,
            "labelled_malicious": 453,
            "recall": 1.0
        },
        "13": {
            "labelled_normal": 10,
            "labelled_malicious": 309,
            "recall": 0.9686520376175548
        },
        "14": {
            "labelled_normal": 13,
            "labelled_malicious": 328,
            "recall": 0.9618768328445748
        },
        "15": {
            "labelled_normal": 29,
            "labelled_malicious": 308,
            "recall": 0.913946587537092
        },
        "16": {
            "labelled_normal": 0,
            "labelled_malicious": 341,
            "recall": 1.0
        },
        "17": {
            "labelled_normal": 0,
            "labelled_malicious": 275,
            "recall": 1.0
        },
        "18": {
            "labelled_normal": 21,
            "labelled_malicious": 432,
            "recall": 0.9536423841059603
        },
        "19": {
            "labelled_normal": 0,
            "labelled_malicious": 316,
            "recall": 1.0
        },
        "20": {
            "labelled_normal": 0,
            "labelled_malicious": 145,
            "recall": 1.0
        },
        "21": {
            "labelled_normal": 0,
            "labelled_malicious": 336,
            "recall": 1.0
        },
        "22": {
            "labelled_normal": 0,
            "labelled_malicious": 274,
            "recall": 1.0
        },
        "23": {
            "labelled_normal": 0,
            "labelled_malicious": 453,
            "recall": 1.0
        },
        "24": {
            "labelled_normal": 10,
            "labelled_malicious": 228,
            "recall": 0.957983193277311
        },
        "25": {
            "labelled_normal": 7,
            "labelled_malicious": 265,
            "recall": 0.9742647058823529
        },
        "26": {
            "labelled_normal": 1,
            "labelled_malicious": 395,
            "recall": 0.9974747474747475
        },
        "27": {
            "labelled_normal": 20,
            "labelled_malicious": 388,
            "recall": 0.9509803921568627
        },
        "28": {
            "labelled_normal": 21,
            "labelled_malicious": 343,
            "recall": 0.9423076923076923
        },
        "29": {
            "labelled_normal": 2,
            "labelled_malicious": 363,
            "recall": 0.9945205479452055
        },
        "30": {
            "labelled_normal": 50,
            "labelled_malicious": 381,
            "recall": 0.8839907192575406
        },
        "31": {
            "labelled_normal": 0,
            "labelled_malicious": 354,
            "recall": 1.0
        },
        "32": {
            "labelled_normal": 0,
            "labelled_malicious": 386,
            "recall": 1.0
        },
        "33": {
            "labelled_normal": 12,
            "labelled_malicious": 296,
            "recall": 0.961038961038961
        },
        "34": {
            "labelled_normal": 11,
            "labelled_malicious": 403,
            "recall": 0.9734299516908212
        },
        "35": {
            "labelled_normal": 27,
            "labelled_malicious": 406,
            "recall": 0.9376443418013857
        }
    },
    "attack_categories": {
        "0": {
            "labelled_normal": 42803,
            "labelled_malicious": 62,
            "recall": 0.9985535985069404
        },
        "1": {
            "labelled_normal": 52,
            "labelled_malicious": 1484,
            "recall": 0.9661458333333334
        },
        "2": {
            "labelled_normal": 99,
            "labelled_malicious": 2496,
            "recall": 0.9618497109826589
        },
        "3": {
            "labelled_normal": 52,
            "labelled_malicious": 1561,
            "recall": 0.967761934283943
        },
        "4": {
            "labelled_normal": 101,
            "labelled_malicious": 3999,
            "recall": 0.9753658536585366
        },
        "5": {
            "labelled_normal": 0,
            "labelled_malicious": 926,
            "recall": 1.0
        },
        "6": {
            "labelled_normal": 21,
            "labelled_malicious": 432,
            "recall": 0.9536423841059603
        },
        "7": {
            "labelled_normal": 10,
            "labelled_malicious": 826,
            "recall": 0.9880382775119617
        }
    }
}