{
    "TP": 10426,
    "TN": 42772,
    "FP": 41,
    "FN": 7881,
    "accuracy": 0.8703861256544503,
    "precision": 0.9960829272953091,
    "recall": 0.5695089310099962,
    "attack_types": {
        "0": {
            "labelled_normal": 42772,
            "labelled_malicious": 41,
            "recall": 0.9990423469506925
        },
        "1": {
            "labelled_normal": 6,
            "labelled_malicious": 316,
            "recall": 0.9813664596273292
        },
        "2": {
            "labelled_normal": 31,
            "labelled_malicious": 272,
            "recall": 0.8976897689768977
        },
        "3": {
            "labelled_normal": 0,
            "labelled_malicious": 362,
            "recall": 1.0
        },
        "4": {
            "labelled_normal": 0,
            "labelled_malicious": 352,
            "recall": 1.0
        },
        "5": {
            "labelled_normal": 0,
            "labelled_malicious": 292,
            "recall": 1.0
        },
        "6": {
            "labelled_normal": 41,
            "labelled_malicious": 365,
            "recall": 0.8990147783251231
        },
        "7": {
            "labelled_normal": 0,
            "labelled_malicious": 291,
            "recall": 1.0
        },
        "8": {
            "labelled_normal": 1,
            "labelled_malicious": 350,
            "recall": 0.9971509971509972
        },
        "9": {
            "labelled_normal": 2,
            "labelled_malicious": 245,
            "recall": 0.9919028340080972
        },
        "10": {
            "labelled_normal": 20,
            "labelled_malicious": 276,
            "recall": 0.9324324324324325
        },
        "11": {
            "labelled_normal": 0,
            "labelled_malicious": 363,
            "recall": 1.0
        },
        "12": {
            "labelled_normal": 0,
            "labelled_malicious": 460,
            "recall": 1.0
        },
        "13": {
            "labelled_normal": 1473,
            "labelled_malicious": 121,
            "recall": 0.07590966122961104
        },
        "14": {
            "labelled_normal": 1630,
            "labelled_malicious": 46,
            "recall": 0.027446300715990454
        },
        "15": {
            "labelled_normal": 1516,
            "labelled_malicious": 42,
            "recall": 0.026957637997432605
        },
        "16": {
            "labelled_normal": 1614,
            "labelled_malicious": 44,
            "recall": 0.026537997587454766
        },
        "17": {
            "labelled_normal": 1400,
            "labelled_malicious": 14,
            "recall": 0.009900990099009901
        },
        "18": {
            "labelled_normal": 20,
            "labelled_malicious": 420,
            "recall": 0.9545454545454546
        },
        "19": {
            "labelled_normal": 0,
            "labelled_malicious": 333,
            "recall": 1.0
        },
        "20": {
            "labelled_normal": 0,
            "labelled_malicious": 133,
            "recall": 1.0
        },
        "21": {
            "labelled_normal": 0,
            "labelled_malicious": 344,
            "recall": 1.0
        },
        "22": {
            "labelled_normal": 0,
            "labelled_malicious": 319,
            "recall": 1.0
        },
        "23": {
            "labelled_normal": 0,
            "labelled_malicious": 457,
            "recall": 1.0
        },
        "24": {
            "labelled_normal": 8,
            "labelled_malicious": 203,
            "recall": 0.9620853080568721
        },
        "25": {
            "labelled_normal": 9,
            "labelled_malicious": 298,
            "recall": 0.9706840390879479
        },
        "26": {
            "labelled_normal": 1,
            "labelled_malicious": 342,
            "recall": 0.9970845481049563
        },
        "27": {
            "labelled_normal": 11,
            "labelled_malicious": 435,
            "recall": 0.9753363228699552
        },
        "28": {
            "labelled_normal": 21,
            "labelled_malicious": 315,
            "recall": 0.9375
        },
        "29": {
            "labelled_normal": 3,
            "labelled_malicious": 390,
            "recall": 0.9923664122137404
        },
        "30": {
            "labelled_normal": 39,
            "labelled_malicious": 354,
            "recall": 0.9007633587786259
        },
        "31": {
            "labelled_normal": 0,
            "labelled_malicious": 405,
            "recall": 1.0
        },
        "32": {
            "labelled_normal": 0,
            "labelled_malicious": 368,
            "recall": 1.0
        },
        "33": {
            "labelled_normal": 10,
            "labelled_malicious": 307,
            "recall": 0.9684542586750788
        },
        "34": {
            "labelled_normal": 8,
            "labelled_malicious": 372,
            "recall": 0.9789473684210527
        },
        "35": {
            "labelled_normal": 17,
            "labelled_malicious": 420,
            "recall": 0.9610983981693364
        }
    },
    "attack_categories": {
        "0": {
            "labelled_normal": 42772,
            "labelled_malicious": 41,
            "recall": 0.9990423469506925
        },
        "1": {
            "labelled_normal": 42,
            "labelled_malicious": 1517,
            "recall": 0.9730596536241181
        },
        "2": {
            "labelled_normal": 77,
            "labelled_malicious": 2489,
            "recall": 0.9699922057677319
        },
        "3": {
            "labelled_normal": 7633,
            "labelled_malicious": 267,
            "recall": 0.03379746835443038
        },
        "4": {
            "labelled_normal": 101,
            "labelled_malicious": 3944,
            "recall": 0.9750309023485785
        },
        "5": {
            "labelled_normal": 0,
            "labelled_malicious": 996,
            "recall": 1.0
        },
        "6": {
            "labelled_normal": 20,
            "labelled_malicious": 420,
            "recall": 0.9545454545454546
        },
        "7": {
            "labelled_normal": 8,
            "labelled_malicious": 793,
            "recall": 0.9900124843945068
        }
    }
}