{
    "TP": 12569,
    "TN": 42813,
    "FP": 52,
    "FN": 412,
    "accuracy": 0.9916914371664936,
    "precision": 0.995879882735124,
    "recall": 0.9682613049842077,
    "attack_types": {
        "0": {
            "labelled_normal": 42813,
            "labelled_malicious": 52,
            "recall": 0.9987868890703371
        },
        "1": {
            "labelled_normal": 6,
            "labelled_malicious": 372,
            "recall": 0.9841269841269841
        },
        "2": {
            "labelled_normal": 19,
            "labelled_malicious": 272,
            "recall": 0.9347079037800687
        },
        "3": {
            "labelled_normal": 0,
            "labelled_malicious": 295,
            "recall": 1.0
        },
        "4": {
            "labelled_normal": 0,
            "labelled_malicious": 413,
            "recall": 1.0
        },
        "5": {
            "labelled_normal": 6,
            "labelled_malicious": 268,
            "recall": 0.9781021897810219
        },
        "6": {
            "labelled_normal": 41,
            "labelled_malicious": 377,
            "recall": 0.9019138755980861
        },
        "7": {
            "labelled_normal": 0,
            "labelled_malicious": 305,
            "recall": 1.0
        },
        "8": {
            "labelled_normal": 2,
            "labelled_malicious": 348,
            "recall": 0.9942857142857143
        },
        "9": {
            "labelled_normal": 0,
            "labelled_malicious": 300,
            "recall": 1.0
        },
        "10": {
            "labelled_normal": 28,
            "labelled_malicious": 258,
            "recall": 0.9020979020979021
        },
        "11": {
            "labelled_normal": 0,
            "labelled_malicious": 337,
            "recall": 1.0
        },
        "12": {
            "labelled_normal": 0,
            "labelled_malicious": 453,
            "recall": 1.0
        },
        "13": {
            "labelled_normal": 10,
            "labelled_malicious": 309,
            "recall": 0.9686520376175548
        },
        "14": {
            "labelled_normal": 12,
            "labelled_malicious": 329,
            "recall": 0.9648093841642229
        },
        "15": {
            "labelled_normal": 25,
            "labelled_malicious": 312,
            "recall": 0.9258160237388724
        },
        "16": {
            "labelled_normal": 0,
            "labelled_malicious": 341,
            "recall": 1.0
        },
        "17": {
            "labelled_normal": 0,
            "labelled_malicious": 275,
            "recall": 1.0
        },
        "18": {
            "labelled_normal": 19,
            "labelled_malicious": 434,
            "recall": 0.9580573951434879
        },
        "19": {
            "labelled_normal": 0,
            "labelled_malicious": 316,
            "recall": 1.0
        },
        "20": {
            "labelled_normal": 0,
            "labelled_malicious": 145,
            "recall": 1.0
        },
        "21": {
            "labelled_normal": 0,
            "labelled_malicious": 336,
            "recall": 1.0
        },
        "22": {
            "labelled_normal": 0,
            "labelled_malicious": 274,
            "recall": 1.0
        },
        "23": {
            "labelled_normal": 0,
            "labelled_malicious": 453,
            "recall": 1.0
        },
        "24": {
            "labelled_normal": 104,
            "labelled_malicious": 1056,
            "recall": 0.9103448275862069
        },
        "25": {
            "labelled_normal": 5,
            "labelled_malicious": 267,
            "recall": 0.9816176470588235
        },
        "26": {
            "labelled_normal": 1,
            "labelled_malicious": 395,
            "recall": 0.9974747474747475
        },
        "27": {
            "labelled_normal": 18,
            "labelled_malicious": 390,
            "recall": 0.9558823529411765
        },
        "28": {
            "labelled_normal": 19,
            "labelled_malicious": 345,
            "recall": 0.9478021978021978
        },
        "29": {
            "labelled_normal": 2,
            "labelled_malicious": 363,
            "recall": 0.9945205479452055
        },
        "30": {
            "labelled_normal": 47,
            "labelled_malicious": 384,
            "recall": 0.8909512761020881
        },
        "31": {
            "labelled_normal": 0,
            "labelled_malicious": 354,
            "recall": 1.0
        },
        "32": {
            "labelled_normal": 0,
            "labelled_malicious": 386,
            "recall": 1.0
        },
        "33": {
            "labelled_normal": 9,
            "labelled_malicious": 299,
            "recall": 0.9707792207792207
        },
        "34": {
            "labelled_normal": 8,
            "labelled_malicious": 406,
            "recall": 0.9806763285024155
        },
        "35": {
            "labelled_normal": 31,
            "labelled_malicious": 402,
            "recall": 0.9284064665127021
        }
    },
    "attack_categories": {
        "0": {
            "labelled_normal": 42813,
            "labelled_malicious": 52,
            "recall": 0.9987868890703371
        },
        "1": {
            "labelled_normal": 49,
            "labelled_malicious": 1487,
            "recall": 0.9680989583333334
        },
        "2": {
            "labelled_normal": 91,
            "labelled_malicious": 2504,
            "recall": 0.9649325626204239
        },
        "3": {
            "labelled_normal": 47,
            "labelled_malicious": 1566,
            "recall": 0.9708617482951023
        },
        "4": {
            "labelled_normal": 102,
            "labelled_malicious": 3998,
            "recall": 0.9751219512195122
        },
        "5": {
            "labelled_normal": 0,
            "labelled_malicious": 926,
            "recall": 1.0
        },
        "6": {
            "labelled_normal": 19,
            "labelled_malicious": 434,
            "recall": 0.9580573951434879
        },
        "7": {
            "labelled_normal": 104,
            "labelled_malicious": 1654,
            "recall": 0.9408418657565415
        }
    }
}