{
    "TP": 12421,
    "TN": 42818,
    "FP": 47,
    "FN": 955,
    "accuracy": 0.982183816077239,
    "precision": 0.9962303496952197,
    "recall": 0.9286034688995215,
    "attack_types": {
        "0": {
            "labelled_normal": 42818,
            "labelled_malicious": 47,
            "recall": 0.9989035343520355
        },
        "1": {
            "labelled_normal": 6,
            "labelled_malicious": 372,
            "recall": 0.9841269841269841
        },
        "2": {
            "labelled_normal": 26,
            "labelled_malicious": 265,
            "recall": 0.9106529209621993
        },
        "3": {
            "labelled_normal": 0,
            "labelled_malicious": 295,
            "recall": 1.0
        },
        "4": {
            "labelled_normal": 0,
            "labelled_malicious": 413,
            "recall": 1.0
        },
        "5": {
            "labelled_normal": 4,
            "labelled_malicious": 270,
            "recall": 0.9854014598540146
        },
        "6": {
            "labelled_normal": 45,
            "labelled_malicious": 373,
            "recall": 0.8923444976076556
        },
        "7": {
            "labelled_normal": 0,
            "labelled_malicious": 305,
            "recall": 1.0
        },
        "8": {
            "labelled_normal": 2,
            "labelled_malicious": 348,
            "recall": 0.9942857142857143
        },
        "9": {
            "labelled_normal": 0,
            "labelled_malicious": 300,
            "recall": 1.0
        },
        "10": {
            "labelled_normal": 27,
            "labelled_malicious": 259,
            "recall": 0.9055944055944056
        },
        "11": {
            "labelled_normal": 0,
            "labelled_malicious": 337,
            "recall": 1.0
        },
        "12": {
            "labelled_normal": 0,
            "labelled_malicious": 453,
            "recall": 1.0
        },
        "13": {
            "labelled_normal": 7,
            "labelled_malicious": 312,
            "recall": 0.9780564263322884
        },
        "14": {
            "labelled_normal": 8,
            "labelled_malicious": 333,
            "recall": 0.9765395894428153
        },
        "15": {
            "labelled_normal": 23,
            "labelled_malicious": 314,
            "recall": 0.9317507418397626
        },
        "16": {
            "labelled_normal": 644,
            "labelled_malicious": 1014,
            "recall": 0.6115802171290712
        },
        "17": {
            "labelled_normal": 0,
            "labelled_malicious": 275,
            "recall": 1.0
        },
        "18": {
            "labelled_normal": 20,
            "labelled_malicious": 433,
            "recall": 0.9558498896247241
        },
        "19": {
            "labelled_normal": 0,
            "labelled_malicious": 316,
            "recall": 1.0
        },
        "20": {
            "labelled_normal": 0,
            "labelled_malicious": 145,
            "recall": 1.0
        },
        "21": {
            "labelled_normal": 0,
            "labelled_malicious": 336,
            "recall": 1.0
        },
        "22": {
            "labelled_normal": 0,
            "labelled_malicious": 274,
            "recall": 1.0
        },
        "23": {
            "labelled_normal": 0,
            "labelled_malicious": 453,
            "recall": 1.0
        },
        "24": {
            "labelled_normal": 10,
            "labelled_malicious": 228,
            "recall": 0.957983193277311
        },
        "25": {
            "labelled_normal": 5,
            "labelled_malicious": 267,
            "recall": 0.9816176470588235
        },
        "26": {
            "labelled_normal": 1,
            "labelled_malicious": 395,
            "recall": 0.9974747474747475
        },
        "27": {
            "labelled_normal": 17,
            "labelled_malicious": 391,
            "recall": 0.9583333333333334
        },
        "28": {
            "labelled_normal": 19,
            "labelled_malicious": 345,
            "recall": 0.9478021978021978
        },
        "29": {
            "labelled_normal": 1,
            "labelled_malicious": 364,
            "recall": 0.9972602739726028
        },
        "30": {
            "labelled_normal": 41,
            "labelled_malicious": 390,
            "recall": 0.9048723897911833
        },
        "31": {
            "labelled_normal": 0,
            "labelled_malicious": 354,
            "recall": 1.0
        },
        "32": {
            "labelled_normal": 0,
            "labelled_malicious": 386,
            "recall": 1.0
        },
        "33": {
            "labelled_normal": 10,
            "labelled_malicious": 298,
            "recall": 0.9675324675324676
        },
        "34": {
            "labelled_normal": 12,
            "labelled_malicious": 402,
            "recall": 0.9710144927536232
        },
        "35": {
            "labelled_normal": 27,
            "labelled_malicious": 406,
            "recall": 0.9376443418013857
        }
    },
    "attack_categories": {
        "0": {
            "labelled_normal": 42818,
            "labelled_malicious": 47,
            "recall": 0.9989035343520355
        },
        "1": {
            "labelled_normal": 42,
            "labelled_malicious": 1494,
            "recall": 0.97265625
        },
        "2": {
            "labelled_normal": 91,
            "labelled_malicious": 2504,
            "recall": 0.9649325626204239
        },
        "3": {
            "labelled_normal": 682,
            "labelled_malicious": 2248,
            "recall": 0.7672354948805461
        },
        "4": {
            "labelled_normal": 110,
            "labelled_malicious": 3990,
            "recall": 0.973170731707317
        },
        "5": {
            "labelled_normal": 0,
            "labelled_malicious": 926,
            "recall": 1.0
        },
        "6": {
            "labelled_normal": 20,
            "labelled_malicious": 433,
            "recall": 0.9558498896247241
        },
        "7": {
            "labelled_normal": 10,
            "labelled_malicious": 826,
            "recall": 0.9880382775119617
        }
    }
}