{
    "TP": 11445,
    "TN": 42956,
    "FP": 72,
    "FN": 2219,
    "accuracy": 0.9595886544838778,
    "precision": 0.9937483719718677,
    "recall": 0.8376024590163934,
    "attack_types": {
        "0": {
            "labelled_normal": 42956,
            "labelled_malicious": 72,
            "recall": 0.998326671004927
        },
        "1": {
            "labelled_normal": 1,
            "labelled_malicious": 389,
            "recall": 0.9974358974358974
        },
        "2": {
            "labelled_normal": 17,
            "labelled_malicious": 259,
            "recall": 0.9384057971014492
        },
        "3": {
            "labelled_normal": 0,
            "labelled_malicious": 360,
            "recall": 1.0
        },
        "4": {
            "labelled_normal": 0,
            "labelled_malicious": 368,
            "recall": 1.0
        },
        "5": {
            "labelled_normal": 3,
            "labelled_malicious": 275,
            "recall": 0.9892086330935251
        },
        "6": {
            "labelled_normal": 30,
            "labelled_malicious": 394,
            "recall": 0.9292452830188679
        },
        "7": {
            "labelled_normal": 0,
            "labelled_malicious": 327,
            "recall": 1.0
        },
        "8": {
            "labelled_normal": 0,
            "labelled_malicious": 360,
            "recall": 1.0
        },
        "9": {
            "labelled_normal": 4,
            "labelled_malicious": 275,
            "recall": 0.985663082437276
        },
        "10": {
            "labelled_normal": 20,
            "labelled_malicious": 297,
            "recall": 0.9369085173501577
        },
        "11": {
            "labelled_normal": 2,
            "labelled_malicious": 347,
            "recall": 0.994269340974212
        },
        "12": {
            "labelled_normal": 0,
            "labelled_malicious": 383,
            "recall": 1.0
        },
        "13": {
            "labelled_normal": 7,
            "labelled_malicious": 317,
            "recall": 0.9783950617283951
        },
        "14": {
            "labelled_normal": 13,
            "labelled_malicious": 308,
            "recall": 0.9595015576323987
        },
        "15": {
            "labelled_normal": 14,
            "labelled_malicious": 280,
            "recall": 0.9523809523809523
        },
        "16": {
            "labelled_normal": 0,
            "labelled_malicious": 293,
            "recall": 1.0
        },
        "17": {
            "labelled_normal": 1,
            "labelled_malicious": 277,
            "recall": 0.9964028776978417
        },
        "18": {
            "labelled_normal": 1977,
            "labelled_malicious": 199,
            "recall": 0.09145220588235294
        },
        "19": {
            "labelled_normal": 0,
            "labelled_malicious": 310,
            "recall": 1.0
        },
        "20": {
            "labelled_normal": 0,
            "labelled_malicious": 141,
            "recall": 1.0
        },
        "21": {
            "labelled_normal": 0,
            "labelled_malicious": 319,
            "recall": 1.0
        },
        "22": {
            "labelled_normal": 0,
            "labelled_malicious": 317,
            "recall": 1.0
        },
        "23": {
            "labelled_normal": 0,
            "labelled_malicious": 383,
            "recall": 1.0
        },
        "24": {
            "labelled_normal": 7,
            "labelled_malicious": 207,
            "recall": 0.9672897196261683
        },
        "25": {
            "labelled_normal": 5,
            "labelled_malicious": 292,
            "recall": 0.9831649831649831
        },
        "26": {
            "labelled_normal": 4,
            "labelled_malicious": 362,
            "recall": 0.9890710382513661
        },
        "27": {
            "labelled_normal": 13,
            "labelled_malicious": 406,
            "recall": 0.9689737470167065
        },
        "28": {
            "labelled_normal": 15,
            "labelled_malicious": 355,
            "recall": 0.9594594594594594
        },
        "29": {
            "labelled_normal": 4,
            "labelled_malicious": 362,
            "recall": 0.9890710382513661
        },
        "30": {
            "labelled_normal": 43,
            "labelled_malicious": 368,
            "recall": 0.8953771289537713
        },
        "31": {
            "labelled_normal": 0,
            "labelled_malicious": 358,
            "recall": 1.0
        },
        "32": {
            "labelled_normal": 0,
            "labelled_malicious": 416,
            "recall": 1.0
        },
        "33": {
            "labelled_normal": 8,
            "labelled_malicious": 345,
            "recall": 0.9773371104815864
        },
        "34": {
            "labelled_normal": 9,
            "labelled_malicious": 398,
            "recall": 0.9778869778869779
        },
        "35": {
            "labelled_normal": 22,
            "labelled_malicious": 398,
            "recall": 0.9476190476190476
        }
    },
    "attack_categories": {
        "0": {
            "labelled_normal": 42956,
            "labelled_malicious": 72,
            "recall": 0.998326671004927
        },
        "1": {
            "labelled_normal": 47,
            "labelled_malicious": 1504,
            "recall": 0.9696969696969697
        },
        "2": {
            "labelled_normal": 76,
            "labelled_malicious": 2556,
            "recall": 0.9711246200607903
        },
        "3": {
            "labelled_normal": 35,
            "labelled_malicious": 1475,
            "recall": 0.9768211920529801
        },
        "4": {
            "labelled_normal": 77,
            "labelled_malicious": 4034,
            "recall": 0.981269764047677
        },
        "5": {
            "labelled_normal": 0,
            "labelled_malicious": 946,
            "recall": 1.0
        },
        "6": {
            "labelled_normal": 1977,
            "labelled_malicious": 199,
            "recall": 0.09145220588235294
        },
        "7": {
            "labelled_normal": 7,
            "labelled_malicious": 731,
            "recall": 0.9905149051490515
        }
    }
}