{
    "TP": 12031,
    "TN": 42773,
    "FP": 67,
    "FN": 1826,
    "accuracy": 0.9666119900523837,
    "precision": 0.9944618945280211,
    "recall": 0.8682254456231507,
    "attack_types": {
        "0": {
            "labelled_normal": 42773,
            "labelled_malicious": 67,
            "recall": 0.9984360410830999
        },
        "1": {
            "labelled_normal": 0,
            "labelled_malicious": 384,
            "recall": 1.0
        },
        "2": {
            "labelled_normal": 29,
            "labelled_malicious": 277,
            "recall": 0.9052287581699346
        },
        "3": {
            "labelled_normal": 0,
            "labelled_malicious": 346,
            "recall": 1.0
        },
        "4": {
            "labelled_normal": 0,
            "labelled_malicious": 425,
            "recall": 1.0
        },
        "5": {
            "labelled_normal": 2,
            "labelled_malicious": 291,
            "recall": 0.9931740614334471
        },
        "6": {
            "labelled_normal": 31,
            "labelled_malicious": 349,
            "recall": 0.9184210526315789
        },
        "7": {
            "labelled_normal": 0,
            "labelled_malicious": 296,
            "recall": 1.0
        },
        "8": {
            "labelled_normal": 2,
            "labelled_malicious": 367,
            "recall": 0.994579945799458
        },
        "9": {
            "labelled_normal": 9,
            "labelled_malicious": 299,
            "recall": 0.9707792207792207
        },
        "10": {
            "labelled_normal": 15,
            "labelled_malicious": 261,
            "recall": 0.9456521739130435
        },
        "11": {
            "labelled_normal": 0,
            "labelled_malicious": 397,
            "recall": 1.0
        },
        "12": {
            "labelled_normal": 0,
            "labelled_malicious": 380,
            "recall": 1.0
        },
        "13": {
            "labelled_normal": 5,
            "labelled_malicious": 309,
            "recall": 0.9840764331210191
        },
        "14": {
            "labelled_normal": 16,
            "labelled_malicious": 296,
            "recall": 0.9487179487179487
        },
        "15": {
            "labelled_normal": 27,
            "labelled_malicious": 285,
            "recall": 0.9134615384615384
        },
        "16": {
            "labelled_normal": 0,
            "labelled_malicious": 336,
            "recall": 1.0
        },
        "17": {
            "labelled_normal": 0,
            "labelled_malicious": 283,
            "recall": 1.0
        },
        "18": {
            "labelled_normal": 10,
            "labelled_malicious": 418,
            "recall": 0.9766355140186916
        },
        "19": {
            "labelled_normal": 0,
            "labelled_malicious": 340,
            "recall": 1.0
        },
        "20": {
            "labelled_normal": 0,
            "labelled_malicious": 121,
            "recall": 1.0
        },
        "21": {
            "labelled_normal": 0,
            "labelled_malicious": 364,
            "recall": 1.0
        },
        "22": {
            "labelled_normal": 0,
            "labelled_malicious": 293,
            "recall": 1.0
        },
        "23": {
            "labelled_normal": 0,
            "labelled_malicious": 424,
            "recall": 1.0
        },
        "24": {
            "labelled_normal": 4,
            "labelled_malicious": 252,
            "recall": 0.984375
        },
        "25": {
            "labelled_normal": 11,
            "labelled_malicious": 284,
            "recall": 0.9627118644067797
        },
        "26": {
            "labelled_normal": 5,
            "labelled_malicious": 325,
            "recall": 0.9848484848484849
        },
        "27": {
            "labelled_normal": 8,
            "labelled_malicious": 393,
            "recall": 0.9800498753117207
        },
        "28": {
            "labelled_normal": 25,
            "labelled_malicious": 381,
            "recall": 0.9384236453201971
        },
        "29": {
            "labelled_normal": 3,
            "labelled_malicious": 354,
            "recall": 0.9915966386554622
        },
        "30": {
            "labelled_normal": 55,
            "labelled_malicious": 391,
            "recall": 0.8766816143497758
        },
        "31": {
            "labelled_normal": 0,
            "labelled_malicious": 396,
            "recall": 1.0
        },
        "32": {
            "labelled_normal": 0,
            "labelled_malicious": 369,
            "recall": 1.0
        },
        "33": {
            "labelled_normal": 11,
            "labelled_malicious": 295,
            "recall": 0.9640522875816994
        },
        "34": {
            "labelled_normal": 12,
            "labelled_malicious": 392,
            "recall": 0.9702970297029703
        },
        "35": {
            "labelled_normal": 1546,
            "labelled_malicious": 658,
            "recall": 0.2985480943738657
        }
    },
    "attack_categories": {
        "0": {
            "labelled_normal": 42773,
            "labelled_malicious": 67,
            "recall": 0.9984360410830999
        },
        "1": {
            "labelled_normal": 58,
            "labelled_malicious": 1510,
            "recall": 0.9630102040816326
        },
        "2": {
            "labelled_normal": 1618,
            "labelled_malicious": 2728,
            "recall": 0.6277036355269213
        },
        "3": {
            "labelled_normal": 48,
            "labelled_malicious": 1509,
            "recall": 0.9691714836223507
        },
        "4": {
            "labelled_normal": 88,
            "labelled_malicious": 4072,
            "recall": 0.9788461538461538
        },
        "5": {
            "labelled_normal": 0,
            "labelled_malicious": 997,
            "recall": 1.0
        },
        "6": {
            "labelled_normal": 10,
            "labelled_malicious": 418,
            "recall": 0.9766355140186916
        },
        "7": {
            "labelled_normal": 4,
            "labelled_malicious": 797,
            "recall": 0.9950062421972534
        }
    }
}