{
    "TP": 13183,
    "TN": 42758,
    "FP": 82,
    "FN": 330,
    "accuracy": 0.9926889429134208,
    "precision": 0.993818318884282,
    "recall": 0.9755790720047361,
    "attack_types": {
        "0": {
            "labelled_normal": 42758,
            "labelled_malicious": 82,
            "recall": 0.9980859010270775
        },
        "1": {
            "labelled_normal": 0,
            "labelled_malicious": 384,
            "recall": 1.0
        },
        "2": {
            "labelled_normal": 23,
            "labelled_malicious": 283,
            "recall": 0.9248366013071896
        },
        "3": {
            "labelled_normal": 0,
            "labelled_malicious": 346,
            "recall": 1.0
        },
        "4": {
            "labelled_normal": 0,
            "labelled_malicious": 425,
            "recall": 1.0
        },
        "5": {
            "labelled_normal": 2,
            "labelled_malicious": 291,
            "recall": 0.9931740614334471
        },
        "6": {
            "labelled_normal": 30,
            "labelled_malicious": 350,
            "recall": 0.9210526315789473
        },
        "7": {
            "labelled_normal": 0,
            "labelled_malicious": 296,
            "recall": 1.0
        },
        "8": {
            "labelled_normal": 36,
            "labelled_malicious": 1762,
            "recall": 0.9799777530589544
        },
        "9": {
            "labelled_normal": 9,
            "labelled_malicious": 299,
            "recall": 0.9707792207792207
        },
        "10": {
            "labelled_normal": 19,
            "labelled_malicious": 257,
            "recall": 0.9311594202898551
        },
        "11": {
            "labelled_normal": 0,
            "labelled_malicious": 397,
            "recall": 1.0
        },
        "12": {
            "labelled_normal": 0,
            "labelled_malicious": 380,
            "recall": 1.0
        },
        "13": {
            "labelled_normal": 9,
            "labelled_malicious": 305,
            "recall": 0.9713375796178344
        },
        "14": {
            "labelled_normal": 15,
            "labelled_malicious": 297,
            "recall": 0.9519230769230769
        },
        "15": {
            "labelled_normal": 21,
            "labelled_malicious": 291,
            "recall": 0.9326923076923077
        },
        "16": {
            "labelled_normal": 0,
            "labelled_malicious": 336,
            "recall": 1.0
        },
        "17": {
            "labelled_normal": 0,
            "labelled_malicious": 283,
            "recall": 1.0
        },
        "18": {
            "labelled_normal": 11,
            "labelled_malicious": 417,
            "recall": 0.9742990654205608
        },
        "19": {
            "labelled_normal": 0,
            "labelled_malicious": 340,
            "recall": 1.0
        },
        "20": {
            "labelled_normal": 0,
            "labelled_malicious": 121,
            "recall": 1.0
        },
        "21": {
            "labelled_normal": 0,
            "labelled_malicious": 364,
            "recall": 1.0
        },
        "22": {
            "labelled_normal": 0,
            "labelled_malicious": 293,
            "recall": 1.0
        },
        "23": {
            "labelled_normal": 0,
            "labelled_malicious": 424,
            "recall": 1.0
        },
        "24": {
            "labelled_normal": 4,
            "labelled_malicious": 252,
            "recall": 0.984375
        },
        "25": {
            "labelled_normal": 7,
            "labelled_malicious": 288,
            "recall": 0.976271186440678
        },
        "26": {
            "labelled_normal": 4,
            "labelled_malicious": 326,
            "recall": 0.9878787878787879
        },
        "27": {
            "labelled_normal": 10,
            "labelled_malicious": 391,
            "recall": 0.9750623441396509
        },
        "28": {
            "labelled_normal": 23,
            "labelled_malicious": 383,
            "recall": 0.9433497536945813
        },
        "29": {
            "labelled_normal": 2,
            "labelled_malicious": 355,
            "recall": 0.9943977591036415
        },
        "30": {
            "labelled_normal": 58,
            "labelled_malicious": 388,
            "recall": 0.8699551569506726
        },
        "31": {
            "labelled_normal": 0,
            "labelled_malicious": 396,
            "recall": 1.0
        },
        "32": {
            "labelled_normal": 0,
            "labelled_malicious": 369,
            "recall": 1.0
        },
        "33": {
            "labelled_normal": 13,
            "labelled_malicious": 293,
            "recall": 0.9575163398692811
        },
        "34": {
            "labelled_normal": 13,
            "labelled_malicious": 391,
            "recall": 0.9678217821782178
        },
        "35": {
            "labelled_normal": 21,
            "labelled_malicious": 410,
            "recall": 0.951276102088167
        }
    },
    "attack_categories": {
        "0": {
            "labelled_normal": 42758,
            "labelled_malicious": 82,
            "recall": 0.9980859010270775
        },
        "1": {
            "labelled_normal": 60,
            "labelled_malicious": 1508,
            "recall": 0.9617346938775511
        },
        "2": {
            "labelled_normal": 91,
            "labelled_malicious": 2482,
            "recall": 0.9646327244461718
        },
        "3": {
            "labelled_normal": 45,
            "labelled_malicious": 1512,
            "recall": 0.9710982658959537
        },
        "4": {
            "labelled_normal": 119,
            "labelled_malicious": 5470,
            "recall": 0.9787081767758097
        },
        "5": {
            "labelled_normal": 0,
            "labelled_malicious": 997,
            "recall": 1.0
        },
        "6": {
            "labelled_normal": 11,
            "labelled_malicious": 417,
            "recall": 0.9742990654205608
        },
        "7": {
            "labelled_normal": 4,
            "labelled_malicious": 797,
            "recall": 0.9950062421972534
        }
    }
}