{
    "TP": 12421,
    "TN": 42758,
    "FP": 55,
    "FN": 977,
    "accuracy": 0.9816406041522122,
    "precision": 0.9955915357486373,
    "recall": 0.9270786684579788,
    "attack_types": {
        "0": {
            "labelled_normal": 42758,
            "labelled_malicious": 55,
            "recall": 0.9987153434704412
        },
        "1": {
            "labelled_normal": 6,
            "labelled_malicious": 316,
            "recall": 0.9813664596273292
        },
        "2": {
            "labelled_normal": 35,
            "labelled_malicious": 268,
            "recall": 0.8844884488448845
        },
        "3": {
            "labelled_normal": 0,
            "labelled_malicious": 362,
            "recall": 1.0
        },
        "4": {
            "labelled_normal": 0,
            "labelled_malicious": 352,
            "recall": 1.0
        },
        "5": {
            "labelled_normal": 1,
            "labelled_malicious": 291,
            "recall": 0.9965753424657534
        },
        "6": {
            "labelled_normal": 41,
            "labelled_malicious": 365,
            "recall": 0.8990147783251231
        },
        "7": {
            "labelled_normal": 0,
            "labelled_malicious": 291,
            "recall": 1.0
        },
        "8": {
            "labelled_normal": 0,
            "labelled_malicious": 351,
            "recall": 1.0
        },
        "9": {
            "labelled_normal": 4,
            "labelled_malicious": 243,
            "recall": 0.9838056680161943
        },
        "10": {
            "labelled_normal": 21,
            "labelled_malicious": 275,
            "recall": 0.9290540540540541
        },
        "11": {
            "labelled_normal": 1,
            "labelled_malicious": 362,
            "recall": 0.9972451790633609
        },
        "12": {
            "labelled_normal": 0,
            "labelled_malicious": 460,
            "recall": 1.0
        },
        "13": {
            "labelled_normal": 13,
            "labelled_malicious": 346,
            "recall": 0.9637883008356546
        },
        "14": {
            "labelled_normal": 7,
            "labelled_malicious": 351,
            "recall": 0.9804469273743017
        },
        "15": {
            "labelled_normal": 25,
            "labelled_malicious": 295,
            "recall": 0.921875
        },
        "16": {
            "labelled_normal": 0,
            "labelled_malicious": 360,
            "recall": 1.0
        },
        "17": {
            "labelled_normal": 0,
            "labelled_malicious": 307,
            "recall": 1.0
        },
        "18": {
            "labelled_normal": 18,
            "labelled_malicious": 422,
            "recall": 0.9590909090909091
        },
        "19": {
            "labelled_normal": 0,
            "labelled_malicious": 333,
            "recall": 1.0
        },
        "20": {
            "labelled_normal": 0,
            "labelled_malicious": 133,
            "recall": 1.0
        },
        "21": {
            "labelled_normal": 0,
            "labelled_malicious": 344,
            "recall": 1.0
        },
        "22": {
            "labelled_normal": 0,
            "labelled_malicious": 319,
            "recall": 1.0
        },
        "23": {
            "labelled_normal": 0,
            "labelled_malicious": 457,
            "recall": 1.0
        },
        "24": {
            "labelled_normal": 9,
            "labelled_malicious": 202,
            "recall": 0.957345971563981
        },
        "25": {
            "labelled_normal": 10,
            "labelled_malicious": 297,
            "recall": 0.9674267100977199
        },
        "26": {
            "labelled_normal": 1,
            "labelled_malicious": 342,
            "recall": 0.9970845481049563
        },
        "27": {
            "labelled_normal": 12,
            "labelled_malicious": 434,
            "recall": 0.9730941704035875
        },
        "28": {
            "labelled_normal": 21,
            "labelled_malicious": 315,
            "recall": 0.9375
        },
        "29": {
            "labelled_normal": 4,
            "labelled_malicious": 389,
            "recall": 0.989821882951654
        },
        "30": {
            "labelled_normal": 36,
            "labelled_malicious": 357,
            "recall": 0.9083969465648855
        },
        "31": {
            "labelled_normal": 0,
            "labelled_malicious": 405,
            "recall": 1.0
        },
        "32": {
            "labelled_normal": 0,
            "labelled_malicious": 368,
            "recall": 1.0
        },
        "33": {
            "labelled_normal": 680,
            "labelled_malicious": 924,
            "recall": 0.5760598503740648
        },
        "34": {
            "labelled_normal": 10,
            "labelled_malicious": 370,
            "recall": 0.9736842105263158
        },
        "35": {
            "labelled_normal": 22,
            "labelled_malicious": 415,
            "recall": 0.9496567505720824
        }
    },
    "attack_categories": {
        "0": {
            "labelled_normal": 42758,
            "labelled_malicious": 55,
            "recall": 0.9987153434704412
        },
        "1": {
            "labelled_normal": 40,
            "labelled_malicious": 1519,
            "recall": 0.9743425272610647
        },
        "2": {
            "labelled_normal": 756,
            "labelled_malicious": 3097,
            "recall": 0.803789255125876
        },
        "3": {
            "labelled_normal": 45,
            "labelled_malicious": 1659,
            "recall": 0.9735915492957746
        },
        "4": {
            "labelled_normal": 109,
            "labelled_malicious": 3936,
            "recall": 0.973053152039555
        },
        "5": {
            "labelled_normal": 0,
            "labelled_malicious": 996,
            "recall": 1.0
        },
        "6": {
            "labelled_normal": 18,
            "labelled_malicious": 422,
            "recall": 0.9590909090909091
        },
        "7": {
            "labelled_normal": 9,
            "labelled_malicious": 792,
            "recall": 0.9887640449438202
        }
    }
}