{
    "TP": 13190,
    "TN": 42965,
    "FP": 63,
    "FN": 270,
    "accuracy": 0.9941049426426851,
    "precision": 0.9952463593148722,
    "recall": 0.9799405646359584,
    "attack_types": {
        "0": {
            "labelled_normal": 42965,
            "labelled_malicious": 63,
            "recall": 0.9985358371293112
        },
        "1": {
            "labelled_normal": 1,
            "labelled_malicious": 389,
            "recall": 0.9974358974358974
        },
        "2": {
            "labelled_normal": 23,
            "labelled_malicious": 253,
            "recall": 0.9166666666666666
        },
        "3": {
            "labelled_normal": 0,
            "labelled_malicious": 360,
            "recall": 1.0
        },
        "4": {
            "labelled_normal": 1,
            "labelled_malicious": 1931,
            "recall": 0.9994824016563147
        },
        "5": {
            "labelled_normal": 0,
            "labelled_malicious": 278,
            "recall": 1.0
        },
        "6": {
            "labelled_normal": 30,
            "labelled_malicious": 394,
            "recall": 0.9292452830188679
        },
        "7": {
            "labelled_normal": 0,
            "labelled_malicious": 327,
            "recall": 1.0
        },
        "8": {
            "labelled_normal": 0,
            "labelled_malicious": 360,
            "recall": 1.0
        },
        "9": {
            "labelled_normal": 2,
            "labelled_malicious": 277,
            "recall": 0.992831541218638
        },
        "10": {
            "labelled_normal": 26,
            "labelled_malicious": 291,
            "recall": 0.917981072555205
        },
        "11": {
            "labelled_normal": 0,
            "labelled_malicious": 349,
            "recall": 1.0
        },
        "12": {
            "labelled_normal": 0,
            "labelled_malicious": 383,
            "recall": 1.0
        },
        "13": {
            "labelled_normal": 9,
            "labelled_malicious": 315,
            "recall": 0.9722222222222222
        },
        "14": {
            "labelled_normal": 12,
            "labelled_malicious": 309,
            "recall": 0.9626168224299065
        },
        "15": {
            "labelled_normal": 14,
            "labelled_malicious": 280,
            "recall": 0.9523809523809523
        },
        "16": {
            "labelled_normal": 0,
            "labelled_malicious": 293,
            "recall": 1.0
        },
        "17": {
            "labelled_normal": 1,
            "labelled_malicious": 277,
            "recall": 0.9964028776978417
        },
        "18": {
            "labelled_normal": 12,
            "labelled_malicious": 396,
            "recall": 0.9705882352941176
        },
        "19": {
            "labelled_normal": 0,
            "labelled_malicious": 310,
            "recall": 1.0
        },
        "20": {
            "labelled_normal": 0,
            "labelled_malicious": 141,
            "recall": 1.0
        },
        "21": {
            "labelled_normal": 0,
            "labelled_malicious": 319,
            "recall": 1.0
        },
        "22": {
            "labelled_normal": 0,
            "labelled_malicious": 317,
            "recall": 1.0
        },
        "23": {
            "labelled_normal": 0,
            "labelled_malicious": 383,
            "recall": 1.0
        },
        "24": {
            "labelled_normal": 8,
            "labelled_malicious": 206,
            "recall": 0.9626168224299065
        },
        "25": {
            "labelled_normal": 9,
            "labelled_malicious": 288,
            "recall": 0.9696969696969697
        },
        "26": {
            "labelled_normal": 5,
            "labelled_malicious": 361,
            "recall": 0.9863387978142076
        },
        "27": {
            "labelled_normal": 13,
            "labelled_malicious": 406,
            "recall": 0.9689737470167065
        },
        "28": {
            "labelled_normal": 16,
            "labelled_malicious": 354,
            "recall": 0.9567567567567568
        },
        "29": {
            "labelled_normal": 4,
            "labelled_malicious": 362,
            "recall": 0.9890710382513661
        },
        "30": {
            "labelled_normal": 41,
            "labelled_malicious": 370,
            "recall": 0.9002433090024331
        },
        "31": {
            "labelled_normal": 0,
            "labelled_malicious": 358,
            "recall": 1.0
        },
        "32": {
            "labelled_normal": 0,
            "labelled_malicious": 416,
            "recall": 1.0
        },
        "33": {
            "labelled_normal": 7,
            "labelled_malicious": 346,
            "recall": 0.9801699716713881
        },
        "34": {
            "labelled_normal": 14,
            "labelled_malicious": 393,
            "recall": 0.9656019656019657
        },
        "35": {
            "labelled_normal": 22,
            "labelled_malicious": 398,
            "recall": 0.9476190476190476
        }
    },
    "attack_categories": {
        "0": {
            "labelled_normal": 42965,
            "labelled_malicious": 63,
            "recall": 0.9985358371293112
        },
        "1": {
            "labelled_normal": 45,
            "labelled_malicious": 1506,
            "recall": 0.9709864603481625
        },
        "2": {
            "labelled_normal": 86,
            "labelled_malicious": 2546,
            "recall": 0.9673252279635258
        },
        "3": {
            "labelled_normal": 36,
            "labelled_malicious": 1474,
            "recall": 0.976158940397351
        },
        "4": {
            "labelled_normal": 83,
            "labelled_malicious": 5592,
            "recall": 0.985374449339207
        },
        "5": {
            "labelled_normal": 0,
            "labelled_malicious": 946,
            "recall": 1.0
        },
        "6": {
            "labelled_normal": 12,
            "labelled_malicious": 396,
            "recall": 0.9705882352941176
        },
        "7": {
            "labelled_normal": 8,
            "labelled_malicious": 730,
            "recall": 0.989159891598916
        }
    }
}