{
    "TP": 11709,
    "TN": 42969,
    "FP": 59,
    "FN": 1847,
    "accuracy": 0.9663155662378058,
    "precision": 0.994986403806934,
    "recall": 0.8637503688403659,
    "attack_types": {
        "0": {
            "labelled_normal": 42969,
            "labelled_malicious": 59,
            "recall": 0.9986287998512596
        },
        "1": {
            "labelled_normal": 1,
            "labelled_malicious": 389,
            "recall": 0.9974358974358974
        },
        "2": {
            "labelled_normal": 26,
            "labelled_malicious": 250,
            "recall": 0.9057971014492754
        },
        "3": {
            "labelled_normal": 0,
            "labelled_malicious": 360,
            "recall": 1.0
        },
        "4": {
            "labelled_normal": 0,
            "labelled_malicious": 368,
            "recall": 1.0
        },
        "5": {
            "labelled_normal": 7,
            "labelled_malicious": 271,
            "recall": 0.9748201438848921
        },
        "6": {
            "labelled_normal": 33,
            "labelled_malicious": 391,
            "recall": 0.9221698113207547
        },
        "7": {
            "labelled_normal": 0,
            "labelled_malicious": 327,
            "recall": 1.0
        },
        "8": {
            "labelled_normal": 0,
            "labelled_malicious": 360,
            "recall": 1.0
        },
        "9": {
            "labelled_normal": 2,
            "labelled_malicious": 277,
            "recall": 0.992831541218638
        },
        "10": {
            "labelled_normal": 24,
            "labelled_malicious": 293,
            "recall": 0.9242902208201893
        },
        "11": {
            "labelled_normal": 1,
            "labelled_malicious": 348,
            "recall": 0.997134670487106
        },
        "12": {
            "labelled_normal": 0,
            "labelled_malicious": 383,
            "recall": 1.0
        },
        "13": {
            "labelled_normal": 6,
            "labelled_malicious": 318,
            "recall": 0.9814814814814815
        },
        "14": {
            "labelled_normal": 13,
            "labelled_malicious": 308,
            "recall": 0.9595015576323987
        },
        "15": {
            "labelled_normal": 16,
            "labelled_malicious": 278,
            "recall": 0.9455782312925171
        },
        "16": {
            "labelled_normal": 0,
            "labelled_malicious": 293,
            "recall": 1.0
        },
        "17": {
            "labelled_normal": 0,
            "labelled_malicious": 278,
            "recall": 1.0
        },
        "18": {
            "labelled_normal": 10,
            "labelled_malicious": 398,
            "recall": 0.9754901960784313
        },
        "19": {
            "labelled_normal": 0,
            "labelled_malicious": 310,
            "recall": 1.0
        },
        "20": {
            "labelled_normal": 0,
            "labelled_malicious": 141,
            "recall": 1.0
        },
        "21": {
            "labelled_normal": 0,
            "labelled_malicious": 319,
            "recall": 1.0
        },
        "22": {
            "labelled_normal": 0,
            "labelled_malicious": 317,
            "recall": 1.0
        },
        "23": {
            "labelled_normal": 0,
            "labelled_malicious": 383,
            "recall": 1.0
        },
        "24": {
            "labelled_normal": 8,
            "labelled_malicious": 206,
            "recall": 0.9626168224299065
        },
        "25": {
            "labelled_normal": 7,
            "labelled_malicious": 290,
            "recall": 0.9764309764309764
        },
        "26": {
            "labelled_normal": 5,
            "labelled_malicious": 361,
            "recall": 0.9863387978142076
        },
        "27": {
            "labelled_normal": 1576,
            "labelled_malicious": 503,
            "recall": 0.24194324194324193
        },
        "28": {
            "labelled_normal": 19,
            "labelled_malicious": 351,
            "recall": 0.9486486486486486
        },
        "29": {
            "labelled_normal": 3,
            "labelled_malicious": 363,
            "recall": 0.9918032786885246
        },
        "30": {
            "labelled_normal": 45,
            "labelled_malicious": 366,
            "recall": 0.8905109489051095
        },
        "31": {
            "labelled_normal": 0,
            "labelled_malicious": 358,
            "recall": 1.0
        },
        "32": {
            "labelled_normal": 0,
            "labelled_malicious": 416,
            "recall": 1.0
        },
        "33": {
            "labelled_normal": 8,
            "labelled_malicious": 345,
            "recall": 0.9773371104815864
        },
        "34": {
            "labelled_normal": 12,
            "labelled_malicious": 395,
            "recall": 0.9705159705159705
        },
        "35": {
            "labelled_normal": 25,
            "labelled_malicious": 395,
            "recall": 0.9404761904761905
        }
    },
    "attack_categories": {
        "0": {
            "labelled_normal": 42969,
            "labelled_malicious": 59,
            "recall": 0.9986287998512596
        },
        "1": {
            "labelled_normal": 48,
            "labelled_malicious": 1503,
            "recall": 0.9690522243713733
        },
        "2": {
            "labelled_normal": 1652,
            "labelled_malicious": 2640,
            "recall": 0.6150978564771669
        },
        "3": {
            "labelled_normal": 35,
            "labelled_malicious": 1475,
            "recall": 0.9768211920529801
        },
        "4": {
            "labelled_normal": 94,
            "labelled_malicious": 4017,
            "recall": 0.9771345171491121
        },
        "5": {
            "labelled_normal": 0,
            "labelled_malicious": 946,
            "recall": 1.0
        },
        "6": {
            "labelled_normal": 10,
            "labelled_malicious": 398,
            "recall": 0.9754901960784313
        },
        "7": {
            "labelled_normal": 8,
            "labelled_malicious": 730,
            "recall": 0.989159891598916
        }
    }
}