{
    "TP": 11448,
    "TN": 42822,
    "FP": 43,
    "FN": 1946,
    "accuracy": 0.9646456566949289,
    "precision": 0.9962579409973022,
    "recall": 0.854711064655816,
    "attack_types": {
        "0": {
            "labelled_normal": 42822,
            "labelled_malicious": 43,
            "recall": 0.9989968505773942
        },
        "1": {
            "labelled_normal": 6,
            "labelled_malicious": 372,
            "recall": 0.9841269841269841
        },
        "2": {
            "labelled_normal": 32,
            "labelled_malicious": 259,
            "recall": 0.8900343642611683
        },
        "3": {
            "labelled_normal": 0,
            "labelled_malicious": 295,
            "recall": 1.0
        },
        "4": {
            "labelled_normal": 0,
            "labelled_malicious": 413,
            "recall": 1.0
        },
        "5": {
            "labelled_normal": 7,
            "labelled_malicious": 267,
            "recall": 0.9744525547445255
        },
        "6": {
            "labelled_normal": 51,
            "labelled_malicious": 367,
            "recall": 0.8779904306220095
        },
        "7": {
            "labelled_normal": 0,
            "labelled_malicious": 305,
            "recall": 1.0
        },
        "8": {
            "labelled_normal": 2,
            "labelled_malicious": 348,
            "recall": 0.9942857142857143
        },
        "9": {
            "labelled_normal": 0,
            "labelled_malicious": 300,
            "recall": 1.0
        },
        "10": {
            "labelled_normal": 27,
            "labelled_malicious": 259,
            "recall": 0.9055944055944056
        },
        "11": {
            "labelled_normal": 0,
            "labelled_malicious": 337,
            "recall": 1.0
        },
        "12": {
            "labelled_normal": 0,
            "labelled_malicious": 453,
            "recall": 1.0
        },
        "13": {
            "labelled_normal": 10,
            "labelled_malicious": 309,
            "recall": 0.9686520376175548
        },
        "14": {
            "labelled_normal": 1629,
            "labelled_malicious": 47,
            "recall": 0.028042959427207637
        },
        "15": {
            "labelled_normal": 24,
            "labelled_malicious": 313,
            "recall": 0.9287833827893175
        },
        "16": {
            "labelled_normal": 0,
            "labelled_malicious": 341,
            "recall": 1.0
        },
        "17": {
            "labelled_normal": 0,
            "labelled_malicious": 275,
            "recall": 1.0
        },
        "18": {
            "labelled_normal": 20,
            "labelled_malicious": 433,
            "recall": 0.9558498896247241
        },
        "19": {
            "labelled_normal": 0,
            "labelled_malicious": 316,
            "recall": 1.0
        },
        "20": {
            "labelled_normal": 0,
            "labelled_malicious": 145,
            "recall": 1.0
        },
        "21": {
            "labelled_normal": 0,
            "labelled_malicious": 336,
            "recall": 1.0
        },
        "22": {
            "labelled_normal": 0,
            "labelled_malicious": 274,
            "recall": 1.0
        },
        "23": {
            "labelled_normal": 0,
            "labelled_malicious": 453,
            "recall": 1.0
        },
        "24": {
            "labelled_normal": 10,
            "labelled_malicious": 228,
            "recall": 0.957983193277311
        },
        "25": {
            "labelled_normal": 5,
            "labelled_malicious": 267,
            "recall": 0.9816176470588235
        },
        "26": {
            "labelled_normal": 1,
            "labelled_malicious": 395,
            "recall": 0.9974747474747475
        },
        "27": {
            "labelled_normal": 16,
            "labelled_malicious": 392,
            "recall": 0.9607843137254902
        },
        "28": {
            "labelled_normal": 17,
            "labelled_malicious": 347,
            "recall": 0.9532967032967034
        },
        "29": {
            "labelled_normal": 2,
            "labelled_malicious": 363,
            "recall": 0.9945205479452055
        },
        "30": {
            "labelled_normal": 39,
            "labelled_malicious": 392,
            "recall": 0.9095127610208816
        },
        "31": {
            "labelled_normal": 0,
            "labelled_malicious": 354,
            "recall": 1.0
        },
        "32": {
            "labelled_normal": 0,
            "labelled_malicious": 386,
            "recall": 1.0
        },
        "33": {
            "labelled_normal": 9,
            "labelled_malicious": 299,
            "recall": 0.9707792207792207
        },
        "34": {
            "labelled_normal": 12,
            "labelled_malicious": 402,
            "recall": 0.9710144927536232
        },
        "35": {
            "labelled_normal": 27,
            "labelled_malicious": 406,
            "recall": 0.9376443418013857
        }
    },
    "attack_categories": {
        "0": {
            "labelled_normal": 42822,
            "labelled_malicious": 43,
            "recall": 0.9989968505773942
        },
        "1": {
            "labelled_normal": 41,
            "labelled_malicious": 1495,
            "recall": 0.9733072916666666
        },
        "2": {
            "labelled_normal": 87,
            "labelled_malicious": 2508,
            "recall": 0.9664739884393063
        },
        "3": {
            "labelled_normal": 1663,
            "labelled_malicious": 1285,
            "recall": 0.4358887381275441
        },
        "4": {
            "labelled_normal": 125,
            "labelled_malicious": 3975,
            "recall": 0.9695121951219512
        },
        "5": {
            "labelled_normal": 0,
            "labelled_malicious": 926,
            "recall": 1.0
        },
        "6": {
            "labelled_normal": 20,
            "labelled_malicious": 433,
            "recall": 0.9558498896247241
        },
        "7": {
            "labelled_normal": 10,
            "labelled_malicious": 826,
            "recall": 0.9880382775119617
        }
    }
}