{
    "TP": 13140,
    "TN": 42824,
    "FP": 41,
    "FN": 324,
    "accuracy": 0.9935202116139111,
    "precision": 0.9968894621045444,
    "recall": 0.9759358288770054,
    "attack_types": {
        "0": {
            "labelled_normal": 42824,
            "labelled_malicious": 41,
            "recall": 0.9990435086900735
        },
        "1": {
            "labelled_normal": 6,
            "labelled_malicious": 372,
            "recall": 0.9841269841269841
        },
        "2": {
            "labelled_normal": 24,
            "labelled_malicious": 267,
            "recall": 0.9175257731958762
        },
        "3": {
            "labelled_normal": 1,
            "labelled_malicious": 1699,
            "recall": 0.9994117647058823
        },
        "4": {
            "labelled_normal": 0,
            "labelled_malicious": 413,
            "recall": 1.0
        },
        "5": {
            "labelled_normal": 5,
            "labelled_malicious": 269,
            "recall": 0.9817518248175182
        },
        "6": {
            "labelled_normal": 45,
            "labelled_malicious": 373,
            "recall": 0.8923444976076556
        },
        "7": {
            "labelled_normal": 0,
            "labelled_malicious": 305,
            "recall": 1.0
        },
        "8": {
            "labelled_normal": 2,
            "labelled_malicious": 348,
            "recall": 0.9942857142857143
        },
        "9": {
            "labelled_normal": 0,
            "labelled_malicious": 300,
            "recall": 1.0
        },
        "10": {
            "labelled_normal": 25,
            "labelled_malicious": 261,
            "recall": 0.9125874125874126
        },
        "11": {
            "labelled_normal": 0,
            "labelled_malicious": 337,
            "recall": 1.0
        },
        "12": {
            "labelled_normal": 0,
            "labelled_malicious": 453,
            "recall": 1.0
        },
        "13": {
            "labelled_normal": 8,
            "labelled_malicious": 311,
            "recall": 0.9749216300940439
        },
        "14": {
            "labelled_normal": 10,
            "labelled_malicious": 331,
            "recall": 0.9706744868035191
        },
        "15": {
            "labelled_normal": 25,
            "labelled_malicious": 312,
            "recall": 0.9258160237388724
        },
        "16": {
            "labelled_normal": 0,
            "labelled_malicious": 341,
            "recall": 1.0
        },
        "17": {
            "labelled_normal": 0,
            "labelled_malicious": 275,
            "recall": 1.0
        },
        "18": {
            "labelled_normal": 21,
            "labelled_malicious": 432,
            "recall": 0.9536423841059603
        },
        "19": {
            "labelled_normal": 0,
            "labelled_malicious": 316,
            "recall": 1.0
        },
        "20": {
            "labelled_normal": 0,
            "labelled_malicious": 145,
            "recall": 1.0
        },
        "21": {
            "labelled_normal": 0,
            "labelled_malicious": 336,
            "recall": 1.0
        },
        "22": {
            "labelled_normal": 0,
            "labelled_malicious": 274,
            "recall": 1.0
        },
        "23": {
            "labelled_normal": 0,
            "labelled_malicious": 453,
            "recall": 1.0
        },
        "24": {
            "labelled_normal": 10,
            "labelled_malicious": 228,
            "recall": 0.957983193277311
        },
        "25": {
            "labelled_normal": 6,
            "labelled_malicious": 266,
            "recall": 0.9779411764705882
        },
        "26": {
            "labelled_normal": 1,
            "labelled_malicious": 395,
            "recall": 0.9974747474747475
        },
        "27": {
            "labelled_normal": 19,
            "labelled_malicious": 389,
            "recall": 0.9534313725490197
        },
        "28": {
            "labelled_normal": 19,
            "labelled_malicious": 345,
            "recall": 0.9478021978021978
        },
        "29": {
            "labelled_normal": 2,
            "labelled_malicious": 363,
            "recall": 0.9945205479452055
        },
        "30": {
            "labelled_normal": 50,
            "labelled_malicious": 381,
            "recall": 0.8839907192575406
        },
        "31": {
            "labelled_normal": 0,
            "labelled_malicious": 354,
            "recall": 1.0
        },
        "32": {
            "labelled_normal": 0,
            "labelled_malicious": 386,
            "recall": 1.0
        },
        "33": {
            "labelled_normal": 8,
            "labelled_malicious": 300,
            "recall": 0.974025974025974
        },
        "34": {
            "labelled_normal": 12,
            "labelled_malicious": 402,
            "recall": 0.9710144927536232
        },
        "35": {
            "labelled_normal": 25,
            "labelled_malicious": 408,
            "recall": 0.9422632794457275
        }
    },
    "attack_categories": {
        "0": {
            "labelled_normal": 42824,
            "labelled_malicious": 41,
            "recall": 0.9990435086900735
        },
        "1": {
            "labelled_normal": 52,
            "labelled_malicious": 1484,
            "recall": 0.9661458333333334
        },
        "2": {
            "labelled_normal": 90,
            "labelled_malicious": 2505,
            "recall": 0.9653179190751445
        },
        "3": {
            "labelled_normal": 43,
            "labelled_malicious": 1570,
            "recall": 0.9733415995040298
        },
        "4": {
            "labelled_normal": 108,
            "labelled_malicious": 5397,
            "recall": 0.9803814713896458
        },
        "5": {
            "labelled_normal": 0,
            "labelled_malicious": 926,
            "recall": 1.0
        },
        "6": {
            "labelled_normal": 21,
            "labelled_malicious": 432,
            "recall": 0.9536423841059603
        },
        "7": {
            "labelled_normal": 10,
            "labelled_malicious": 826,
            "recall": 0.9880382775119617
        }
    }
}