{
    "TP": 11876,
    "TN": 42817,
    "FP": 48,
    "FN": 1458,
    "accuracy": 0.9732023701489351,
    "precision": 0.9959745051995974,
    "recall": 0.8906554672266387,
    "attack_types": {
        "0": {
            "labelled_normal": 42817,
            "labelled_malicious": 48,
            "recall": 0.9988802052956958
        },
        "1": {
            "labelled_normal": 6,
            "labelled_malicious": 372,
            "recall": 0.9841269841269841
        },
        "2": {
            "labelled_normal": 23,
            "labelled_malicious": 268,
            "recall": 0.9209621993127147
        },
        "3": {
            "labelled_normal": 0,
            "labelled_malicious": 295,
            "recall": 1.0
        },
        "4": {
            "labelled_normal": 0,
            "labelled_malicious": 413,
            "recall": 1.0
        },
        "5": {
            "labelled_normal": 6,
            "labelled_malicious": 268,
            "recall": 0.9781021897810219
        },
        "6": {
            "labelled_normal": 43,
            "labelled_malicious": 375,
            "recall": 0.8971291866028708
        },
        "7": {
            "labelled_normal": 0,
            "labelled_malicious": 305,
            "recall": 1.0
        },
        "8": {
            "labelled_normal": 2,
            "labelled_malicious": 348,
            "recall": 0.9942857142857143
        },
        "9": {
            "labelled_normal": 0,
            "labelled_malicious": 300,
            "recall": 1.0
        },
        "10": {
            "labelled_normal": 24,
            "labelled_malicious": 262,
            "recall": 0.916083916083916
        },
        "11": {
            "labelled_normal": 0,
            "labelled_malicious": 337,
            "recall": 1.0
        },
        "12": {
            "labelled_normal": 0,
            "labelled_malicious": 453,
            "recall": 1.0
        },
        "13": {
            "labelled_normal": 1156,
            "labelled_malicious": 438,
            "recall": 0.27478042659974905
        },
        "14": {
            "labelled_normal": 8,
            "labelled_malicious": 333,
            "recall": 0.9765395894428153
        },
        "15": {
            "labelled_normal": 23,
            "labelled_malicious": 314,
            "recall": 0.9317507418397626
        },
        "16": {
            "labelled_normal": 0,
            "labelled_malicious": 341,
            "recall": 1.0
        },
        "17": {
            "labelled_normal": 0,
            "labelled_malicious": 275,
            "recall": 1.0
        },
        "18": {
            "labelled_normal": 21,
            "labelled_malicious": 432,
            "recall": 0.9536423841059603
        },
        "19": {
            "labelled_normal": 0,
            "labelled_malicious": 316,
            "recall": 1.0
        },
        "20": {
            "labelled_normal": 0,
            "labelled_malicious": 145,
            "recall": 1.0
        },
        "21": {
            "labelled_normal": 0,
            "labelled_malicious": 336,
            "recall": 1.0
        },
        "22": {
            "labelled_normal": 0,
            "labelled_malicious": 274,
            "recall": 1.0
        },
        "23": {
            "labelled_normal": 0,
            "labelled_malicious": 453,
            "recall": 1.0
        },
        "24": {
            "labelled_normal": 10,
            "labelled_malicious": 228,
            "recall": 0.957983193277311
        },
        "25": {
            "labelled_normal": 6,
            "labelled_malicious": 266,
            "recall": 0.9779411764705882
        },
        "26": {
            "labelled_normal": 1,
            "labelled_malicious": 395,
            "recall": 0.9974747474747475
        },
        "27": {
            "labelled_normal": 19,
            "labelled_malicious": 389,
            "recall": 0.9534313725490197
        },
        "28": {
            "labelled_normal": 18,
            "labelled_malicious": 346,
            "recall": 0.9505494505494505
        },
        "29": {
            "labelled_normal": 2,
            "labelled_malicious": 363,
            "recall": 0.9945205479452055
        },
        "30": {
            "labelled_normal": 46,
            "labelled_malicious": 385,
            "recall": 0.8932714617169374
        },
        "31": {
            "labelled_normal": 0,
            "labelled_malicious": 354,
            "recall": 1.0
        },
        "32": {
            "labelled_normal": 0,
            "labelled_malicious": 386,
            "recall": 1.0
        },
        "33": {
            "labelled_normal": 8,
            "labelled_malicious": 300,
            "recall": 0.974025974025974
        },
        "34": {
            "labelled_normal": 11,
            "labelled_malicious": 403,
            "recall": 0.9734299516908212
        },
        "35": {
            "labelled_normal": 25,
            "labelled_malicious": 408,
            "recall": 0.9422632794457275
        }
    },
    "attack_categories": {
        "0": {
            "labelled_normal": 42817,
            "labelled_malicious": 48,
            "recall": 0.9988802052956958
        },
        "1": {
            "labelled_normal": 48,
            "labelled_malicious": 1488,
            "recall": 0.96875
        },
        "2": {
            "labelled_normal": 88,
            "labelled_malicious": 2507,
            "recall": 0.9660886319845857
        },
        "3": {
            "labelled_normal": 1187,
            "labelled_malicious": 1701,
            "recall": 0.58898891966759
        },
        "4": {
            "labelled_normal": 104,
            "labelled_malicious": 3996,
            "recall": 0.9746341463414634
        },
        "5": {
            "labelled_normal": 0,
            "labelled_malicious": 926,
            "recall": 1.0
        },
        "6": {
            "labelled_normal": 21,
            "labelled_malicious": 432,
            "recall": 0.9536423841059603
        },
        "7": {
            "labelled_normal": 10,
            "labelled_malicious": 826,
            "recall": 0.9880382775119617
        }
    }
}