{
    "TP": 12850,
    "TN": 42815,
    "FP": 50,
    "FN": 817,
    "accuracy": 0.9846635533856931,
    "precision": 0.9961240310077519,
    "recall": 0.9402209702202385,
    "attack_types": {
        "0": {
            "labelled_normal": 42815,
            "labelled_malicious": 50,
            "recall": 0.9988335471830164
        },
        "1": {
            "labelled_normal": 6,
            "labelled_malicious": 372,
            "recall": 0.9841269841269841
        },
        "2": {
            "labelled_normal": 22,
            "labelled_malicious": 269,
            "recall": 0.9243986254295533
        },
        "3": {
            "labelled_normal": 0,
            "labelled_malicious": 295,
            "recall": 1.0
        },
        "4": {
            "labelled_normal": 0,
            "labelled_malicious": 413,
            "recall": 1.0
        },
        "5": {
            "labelled_normal": 7,
            "labelled_malicious": 267,
            "recall": 0.9744525547445255
        },
        "6": {
            "labelled_normal": 535,
            "labelled_malicious": 1491,
            "recall": 0.7359328726554788
        },
        "7": {
            "labelled_normal": 0,
            "labelled_malicious": 305,
            "recall": 1.0
        },
        "8": {
            "labelled_normal": 2,
            "labelled_malicious": 348,
            "recall": 0.9942857142857143
        },
        "9": {
            "labelled_normal": 0,
            "labelled_malicious": 300,
            "recall": 1.0
        },
        "10": {
            "labelled_normal": 28,
            "labelled_malicious": 258,
            "recall": 0.9020979020979021
        },
        "11": {
            "labelled_normal": 0,
            "labelled_malicious": 337,
            "recall": 1.0
        },
        "12": {
            "labelled_normal": 0,
            "labelled_malicious": 453,
            "recall": 1.0
        },
        "13": {
            "labelled_normal": 10,
            "labelled_malicious": 309,
            "recall": 0.9686520376175548
        },
        "14": {
            "labelled_normal": 7,
            "labelled_malicious": 334,
            "recall": 0.9794721407624634
        },
        "15": {
            "labelled_normal": 25,
            "labelled_malicious": 312,
            "recall": 0.9258160237388724
        },
        "16": {
            "labelled_normal": 0,
            "labelled_malicious": 341,
            "recall": 1.0
        },
        "17": {
            "labelled_normal": 0,
            "labelled_malicious": 275,
            "recall": 1.0
        },
        "18": {
            "labelled_normal": 19,
            "labelled_malicious": 434,
            "recall": 0.9580573951434879
        },
        "19": {
            "labelled_normal": 0,
            "labelled_malicious": 316,
            "recall": 1.0
        },
        "20": {
            "labelled_normal": 0,
            "labelled_malicious": 145,
            "recall": 1.0
        },
        "21": {
            "labelled_normal": 0,
            "labelled_malicious": 336,
            "recall": 1.0
        },
        "22": {
            "labelled_normal": 0,
            "labelled_malicious": 274,
            "recall": 1.0
        },
        "23": {
            "labelled_normal": 0,
            "labelled_malicious": 453,
            "recall": 1.0
        },
        "24": {
            "labelled_normal": 10,
            "labelled_malicious": 228,
            "recall": 0.957983193277311
        },
        "25": {
            "labelled_normal": 6,
            "labelled_malicious": 266,
            "recall": 0.9779411764705882
        },
        "26": {
            "labelled_normal": 1,
            "labelled_malicious": 395,
            "recall": 0.9974747474747475
        },
        "27": {
            "labelled_normal": 21,
            "labelled_malicious": 387,
            "recall": 0.9485294117647058
        },
        "28": {
            "labelled_normal": 20,
            "labelled_malicious": 344,
            "recall": 0.945054945054945
        },
        "29": {
            "labelled_normal": 2,
            "labelled_malicious": 363,
            "recall": 0.9945205479452055
        },
        "30": {
            "labelled_normal": 49,
            "labelled_malicious": 382,
            "recall": 0.8863109048723898
        },
        "31": {
            "labelled_normal": 0,
            "labelled_malicious": 354,
            "recall": 1.0
        },
        "32": {
            "labelled_normal": 0,
            "labelled_malicious": 386,
            "recall": 1.0
        },
        "33": {
            "labelled_normal": 12,
            "labelled_malicious": 296,
            "recall": 0.961038961038961
        },
        "34": {
            "labelled_normal": 11,
            "labelled_malicious": 403,
            "recall": 0.9734299516908212
        },
        "35": {
            "labelled_normal": 24,
            "labelled_malicious": 409,
            "recall": 0.9445727482678984
        }
    },
    "attack_categories": {
        "0": {
            "labelled_normal": 42815,
            "labelled_malicious": 50,
            "recall": 0.9988335471830164
        },
        "1": {
            "labelled_normal": 51,
            "labelled_malicious": 1485,
            "recall": 0.966796875
        },
        "2": {
            "labelled_normal": 95,
            "labelled_malicious": 2500,
            "recall": 0.9633911368015414
        },
        "3": {
            "labelled_normal": 42,
            "labelled_malicious": 1571,
            "recall": 0.9739615623062616
        },
        "4": {
            "labelled_normal": 600,
            "labelled_malicious": 5108,
            "recall": 0.8948843728100911
        },
        "5": {
            "labelled_normal": 0,
            "labelled_malicious": 926,
            "recall": 1.0
        },
        "6": {
            "labelled_normal": 19,
            "labelled_malicious": 434,
            "recall": 0.9580573951434879
        },
        "7": {
            "labelled_normal": 10,
            "labelled_malicious": 826,
            "recall": 0.9880382775119617
        }
    }
}