{
    "TP": 11417,
    "TN": 42752,
    "FP": 88,
    "FN": 2359,
    "accuracy": 0.9567790024021477,
    "precision": 0.9923511516731855,
    "recall": 0.828760162601626,
    "attack_types": {
        "0": {
            "labelled_normal": 42752,
            "labelled_malicious": 88,
            "recall": 0.9979458450046685
        },
        "1": {
            "labelled_normal": 0,
            "labelled_malicious": 384,
            "recall": 1.0
        },
        "2": {
            "labelled_normal": 26,
            "labelled_malicious": 280,
            "recall": 0.9150326797385621
        },
        "3": {
            "labelled_normal": 0,
            "labelled_malicious": 346,
            "recall": 1.0
        },
        "4": {
            "labelled_normal": 0,
            "labelled_malicious": 425,
            "recall": 1.0
        },
        "5": {
            "labelled_normal": 2,
            "labelled_malicious": 291,
            "recall": 0.9931740614334471
        },
        "6": {
            "labelled_normal": 30,
            "labelled_malicious": 350,
            "recall": 0.9210526315789473
        },
        "7": {
            "labelled_normal": 0,
            "labelled_malicious": 296,
            "recall": 1.0
        },
        "8": {
            "labelled_normal": 0,
            "labelled_malicious": 369,
            "recall": 1.0
        },
        "9": {
            "labelled_normal": 9,
            "labelled_malicious": 299,
            "recall": 0.9707792207792207
        },
        "10": {
            "labelled_normal": 15,
            "labelled_malicious": 261,
            "recall": 0.9456521739130435
        },
        "11": {
            "labelled_normal": 0,
            "labelled_malicious": 397,
            "recall": 1.0
        },
        "12": {
            "labelled_normal": 2058,
            "labelled_malicious": 14,
            "recall": 0.006756756756756757
        },
        "13": {
            "labelled_normal": 7,
            "labelled_malicious": 307,
            "recall": 0.9777070063694268
        },
        "14": {
            "labelled_normal": 15,
            "labelled_malicious": 297,
            "recall": 0.9519230769230769
        },
        "15": {
            "labelled_normal": 22,
            "labelled_malicious": 290,
            "recall": 0.9294871794871795
        },
        "16": {
            "labelled_normal": 0,
            "labelled_malicious": 336,
            "recall": 1.0
        },
        "17": {
            "labelled_normal": 0,
            "labelled_malicious": 283,
            "recall": 1.0
        },
        "18": {
            "labelled_normal": 12,
            "labelled_malicious": 416,
            "recall": 0.9719626168224299
        },
        "19": {
            "labelled_normal": 0,
            "labelled_malicious": 340,
            "recall": 1.0
        },
        "20": {
            "labelled_normal": 0,
            "labelled_malicious": 121,
            "recall": 1.0
        },
        "21": {
            "labelled_normal": 0,
            "labelled_malicious": 364,
            "recall": 1.0
        },
        "22": {
            "labelled_normal": 0,
            "labelled_malicious": 293,
            "recall": 1.0
        },
        "23": {
            "labelled_normal": 0,
            "labelled_malicious": 424,
            "recall": 1.0
        },
        "24": {
            "labelled_normal": 4,
            "labelled_malicious": 252,
            "recall": 0.984375
        },
        "25": {
            "labelled_normal": 9,
            "labelled_malicious": 286,
            "recall": 0.9694915254237289
        },
        "26": {
            "labelled_normal": 4,
            "labelled_malicious": 326,
            "recall": 0.9878787878787879
        },
        "27": {
            "labelled_normal": 9,
            "labelled_malicious": 392,
            "recall": 0.9775561097256857
        },
        "28": {
            "labelled_normal": 26,
            "labelled_malicious": 380,
            "recall": 0.9359605911330049
        },
        "29": {
            "labelled_normal": 3,
            "labelled_malicious": 354,
            "recall": 0.9915966386554622
        },
        "30": {
            "labelled_normal": 66,
            "labelled_malicious": 380,
            "recall": 0.852017937219731
        },
        "31": {
            "labelled_normal": 0,
            "labelled_malicious": 396,
            "recall": 1.0
        },
        "32": {
            "labelled_normal": 0,
            "labelled_malicious": 369,
            "recall": 1.0
        },
        "33": {
            "labelled_normal": 13,
            "labelled_malicious": 293,
            "recall": 0.9575163398692811
        },
        "34": {
            "labelled_normal": 12,
            "labelled_malicious": 392,
            "recall": 0.9702970297029703
        },
        "35": {
            "labelled_normal": 17,
            "labelled_malicious": 414,
            "recall": 0.9605568445475638
        }
    },
    "attack_categories": {
        "0": {
            "labelled_normal": 42752,
            "labelled_malicious": 88,
            "recall": 0.9979458450046685
        },
        "1": {
            "labelled_normal": 69,
            "labelled_malicious": 1499,
            "recall": 0.9559948979591837
        },
        "2": {
            "labelled_normal": 90,
            "labelled_malicious": 2483,
            "recall": 0.9650213758258842
        },
        "3": {
            "labelled_normal": 44,
            "labelled_malicious": 1513,
            "recall": 0.9717405266538215
        },
        "4": {
            "labelled_normal": 2140,
            "labelled_malicious": 3712,
            "recall": 0.6343130553656869
        },
        "5": {
            "labelled_normal": 0,
            "labelled_malicious": 997,
            "recall": 1.0
        },
        "6": {
            "labelled_normal": 12,
            "labelled_malicious": 416,
            "recall": 0.9719626168224299
        },
        "7": {
            "labelled_normal": 4,
            "labelled_malicious": 797,
            "recall": 0.9950062421972534
        }
    }
}