{
    "TP": 13264,
    "TN": 42821,
    "FP": 44,
    "FN": 314,
    "accuracy": 0.9936573180022323,
    "precision": 0.9966937180643222,
    "recall": 0.9768743555751952,
    "attack_types": {
        "0": {
            "labelled_normal": 42821,
            "labelled_malicious": 44,
            "recall": 0.9989735215210545
        },
        "1": {
            "labelled_normal": 6,
            "labelled_malicious": 372,
            "recall": 0.9841269841269841
        },
        "2": {
            "labelled_normal": 25,
            "labelled_malicious": 266,
            "recall": 0.9140893470790378
        },
        "3": {
            "labelled_normal": 0,
            "labelled_malicious": 295,
            "recall": 1.0
        },
        "4": {
            "labelled_normal": 0,
            "labelled_malicious": 1932,
            "recall": 1.0
        },
        "5": {
            "labelled_normal": 5,
            "labelled_malicious": 269,
            "recall": 0.9817518248175182
        },
        "6": {
            "labelled_normal": 43,
            "labelled_malicious": 375,
            "recall": 0.8971291866028708
        },
        "7": {
            "labelled_normal": 0,
            "labelled_malicious": 305,
            "recall": 1.0
        },
        "8": {
            "labelled_normal": 2,
            "labelled_malicious": 348,
            "recall": 0.9942857142857143
        },
        "9": {
            "labelled_normal": 0,
            "labelled_malicious": 300,
            "recall": 1.0
        },
        "10": {
            "labelled_normal": 27,
            "labelled_malicious": 259,
            "recall": 0.9055944055944056
        },
        "11": {
            "labelled_normal": 0,
            "labelled_malicious": 337,
            "recall": 1.0
        },
        "12": {
            "labelled_normal": 0,
            "labelled_malicious": 453,
            "recall": 1.0
        },
        "13": {
            "labelled_normal": 10,
            "labelled_malicious": 309,
            "recall": 0.9686520376175548
        },
        "14": {
            "labelled_normal": 9,
            "labelled_malicious": 332,
            "recall": 0.9736070381231672
        },
        "15": {
            "labelled_normal": 24,
            "labelled_malicious": 313,
            "recall": 0.9287833827893175
        },
        "16": {
            "labelled_normal": 0,
            "labelled_malicious": 341,
            "recall": 1.0
        },
        "17": {
            "labelled_normal": 0,
            "labelled_malicious": 275,
            "recall": 1.0
        },
        "18": {
            "labelled_normal": 21,
            "labelled_malicious": 432,
            "recall": 0.9536423841059603
        },
        "19": {
            "labelled_normal": 0,
            "labelled_malicious": 316,
            "recall": 1.0
        },
        "20": {
            "labelled_normal": 0,
            "labelled_malicious": 145,
            "recall": 1.0
        },
        "21": {
            "labelled_normal": 0,
            "labelled_malicious": 336,
            "recall": 1.0
        },
        "22": {
            "labelled_normal": 0,
            "labelled_malicious": 274,
            "recall": 1.0
        },
        "23": {
            "labelled_normal": 0,
            "labelled_malicious": 453,
            "recall": 1.0
        },
        "24": {
            "labelled_normal": 10,
            "labelled_malicious": 228,
            "recall": 0.957983193277311
        },
        "25": {
            "labelled_normal": 5,
            "labelled_malicious": 267,
            "recall": 0.9816176470588235
        },
        "26": {
            "labelled_normal": 2,
            "labelled_malicious": 394,
            "recall": 0.9949494949494949
        },
        "27": {
            "labelled_normal": 17,
            "labelled_malicious": 391,
            "recall": 0.9583333333333334
        },
        "28": {
            "labelled_normal": 16,
            "labelled_malicious": 348,
            "recall": 0.9560439560439561
        },
        "29": {
            "labelled_normal": 2,
            "labelled_malicious": 363,
            "recall": 0.9945205479452055
        },
        "30": {
            "labelled_normal": 42,
            "labelled_malicious": 389,
            "recall": 0.9025522041763341
        },
        "31": {
            "labelled_normal": 0,
            "labelled_malicious": 354,
            "recall": 1.0
        },
        "32": {
            "labelled_normal": 0,
            "labelled_malicious": 386,
            "recall": 1.0
        },
        "33": {
            "labelled_normal": 12,
            "labelled_malicious": 296,
            "recall": 0.961038961038961
        },
        "34": {
            "labelled_normal": 11,
            "labelled_malicious": 403,
            "recall": 0.9734299516908212
        },
        "35": {
            "labelled_normal": 25,
            "labelled_malicious": 408,
            "recall": 0.9422632794457275
        }
    },
    "attack_categories": {
        "0": {
            "labelled_normal": 42821,
            "labelled_malicious": 44,
            "recall": 0.9989735215210545
        },
        "1": {
            "labelled_normal": 44,
            "labelled_malicious": 1492,
            "recall": 0.9713541666666666
        },
        "2": {
            "labelled_normal": 88,
            "labelled_malicious": 2507,
            "recall": 0.9660886319845857
        },
        "3": {
            "labelled_normal": 43,
            "labelled_malicious": 1570,
            "recall": 0.9733415995040298
        },
        "4": {
            "labelled_normal": 108,
            "labelled_malicious": 5511,
            "recall": 0.9807794981313401
        },
        "5": {
            "labelled_normal": 0,
            "labelled_malicious": 926,
            "recall": 1.0
        },
        "6": {
            "labelled_normal": 21,
            "labelled_malicious": 432,
            "recall": 0.9536423841059603
        },
        "7": {
            "labelled_normal": 10,
            "labelled_malicious": 826,
            "recall": 0.9880382775119617
        }
    }
}