{
    "TP": 13145,
    "TN": 42822,
    "FP": 43,
    "FN": 362,
    "accuracy": 0.9928155822039311,
    "precision": 0.9967394601152563,
    "recall": 0.9731990819575035,
    "attack_types": {
        "0": {
            "labelled_normal": 42822,
            "labelled_malicious": 43,
            "recall": 0.9989968505773942
        },
        "1": {
            "labelled_normal": 6,
            "labelled_malicious": 372,
            "recall": 0.9841269841269841
        },
        "2": {
            "labelled_normal": 28,
            "labelled_malicious": 263,
            "recall": 0.9037800687285223
        },
        "3": {
            "labelled_normal": 0,
            "labelled_malicious": 295,
            "recall": 1.0
        },
        "4": {
            "labelled_normal": 0,
            "labelled_malicious": 413,
            "recall": 1.0
        },
        "5": {
            "labelled_normal": 6,
            "labelled_malicious": 268,
            "recall": 0.9781021897810219
        },
        "6": {
            "labelled_normal": 45,
            "labelled_malicious": 373,
            "recall": 0.8923444976076556
        },
        "7": {
            "labelled_normal": 0,
            "labelled_malicious": 305,
            "recall": 1.0
        },
        "8": {
            "labelled_normal": 42,
            "labelled_malicious": 1756,
            "recall": 0.9766407119021134
        },
        "9": {
            "labelled_normal": 0,
            "labelled_malicious": 300,
            "recall": 1.0
        },
        "10": {
            "labelled_normal": 27,
            "labelled_malicious": 259,
            "recall": 0.9055944055944056
        },
        "11": {
            "labelled_normal": 0,
            "labelled_malicious": 337,
            "recall": 1.0
        },
        "12": {
            "labelled_normal": 0,
            "labelled_malicious": 453,
            "recall": 1.0
        },
        "13": {
            "labelled_normal": 10,
            "labelled_malicious": 309,
            "recall": 0.9686520376175548
        },
        "14": {
            "labelled_normal": 10,
            "labelled_malicious": 331,
            "recall": 0.9706744868035191
        },
        "15": {
            "labelled_normal": 25,
            "labelled_malicious": 312,
            "recall": 0.9258160237388724
        },
        "16": {
            "labelled_normal": 0,
            "labelled_malicious": 341,
            "recall": 1.0
        },
        "17": {
            "labelled_normal": 0,
            "labelled_malicious": 275,
            "recall": 1.0
        },
        "18": {
            "labelled_normal": 22,
            "labelled_malicious": 431,
            "recall": 0.9514348785871964
        },
        "19": {
            "labelled_normal": 0,
            "labelled_malicious": 316,
            "recall": 1.0
        },
        "20": {
            "labelled_normal": 0,
            "labelled_malicious": 145,
            "recall": 1.0
        },
        "21": {
            "labelled_normal": 0,
            "labelled_malicious": 336,
            "recall": 1.0
        },
        "22": {
            "labelled_normal": 0,
            "labelled_malicious": 274,
            "recall": 1.0
        },
        "23": {
            "labelled_normal": 0,
            "labelled_malicious": 453,
            "recall": 1.0
        },
        "24": {
            "labelled_normal": 10,
            "labelled_malicious": 228,
            "recall": 0.957983193277311
        },
        "25": {
            "labelled_normal": 5,
            "labelled_malicious": 267,
            "recall": 0.9816176470588235
        },
        "26": {
            "labelled_normal": 2,
            "labelled_malicious": 394,
            "recall": 0.9949494949494949
        },
        "27": {
            "labelled_normal": 20,
            "labelled_malicious": 388,
            "recall": 0.9509803921568627
        },
        "28": {
            "labelled_normal": 20,
            "labelled_malicious": 344,
            "recall": 0.945054945054945
        },
        "29": {
            "labelled_normal": 2,
            "labelled_malicious": 363,
            "recall": 0.9945205479452055
        },
        "30": {
            "labelled_normal": 41,
            "labelled_malicious": 390,
            "recall": 0.9048723897911833
        },
        "31": {
            "labelled_normal": 0,
            "labelled_malicious": 354,
            "recall": 1.0
        },
        "32": {
            "labelled_normal": 0,
            "labelled_malicious": 386,
            "recall": 1.0
        },
        "33": {
            "labelled_normal": 7,
            "labelled_malicious": 301,
            "recall": 0.9772727272727273
        },
        "34": {
            "labelled_normal": 9,
            "labelled_malicious": 405,
            "recall": 0.9782608695652174
        },
        "35": {
            "labelled_normal": 25,
            "labelled_malicious": 408,
            "recall": 0.9422632794457275
        }
    },
    "attack_categories": {
        "0": {
            "labelled_normal": 42822,
            "labelled_malicious": 43,
            "recall": 0.9989968505773942
        },
        "1": {
            "labelled_normal": 43,
            "labelled_malicious": 1493,
            "recall": 0.9720052083333334
        },
        "2": {
            "labelled_normal": 88,
            "labelled_malicious": 2507,
            "recall": 0.9660886319845857
        },
        "3": {
            "labelled_normal": 45,
            "labelled_malicious": 1568,
            "recall": 0.972101673899566
        },
        "4": {
            "labelled_normal": 154,
            "labelled_malicious": 5394,
            "recall": 0.9722422494592646
        },
        "5": {
            "labelled_normal": 0,
            "labelled_malicious": 926,
            "recall": 1.0
        },
        "6": {
            "labelled_normal": 22,
            "labelled_malicious": 431,
            "recall": 0.9514348785871964
        },
        "7": {
            "labelled_normal": 10,
            "labelled_malicious": 826,
            "recall": 0.9880382775119617
        }
    }
}