{
    "TP": 11887,
    "TN": 42819,
    "FP": 46,
    "FN": 1360,
    "accuracy": 0.9749429712004563,
    "precision": 0.9961451437190983,
    "recall": 0.8973352457160112,
    "attack_types": {
        "0": {
            "labelled_normal": 42819,
            "labelled_malicious": 46,
            "recall": 0.9989268634083751
        },
        "1": {
            "labelled_normal": 6,
            "labelled_malicious": 372,
            "recall": 0.9841269841269841
        },
        "2": {
            "labelled_normal": 24,
            "labelled_malicious": 267,
            "recall": 0.9175257731958762
        },
        "3": {
            "labelled_normal": 0,
            "labelled_malicious": 295,
            "recall": 1.0
        },
        "4": {
            "labelled_normal": 0,
            "labelled_malicious": 413,
            "recall": 1.0
        },
        "5": {
            "labelled_normal": 6,
            "labelled_malicious": 268,
            "recall": 0.9781021897810219
        },
        "6": {
            "labelled_normal": 43,
            "labelled_malicious": 375,
            "recall": 0.8971291866028708
        },
        "7": {
            "labelled_normal": 0,
            "labelled_malicious": 305,
            "recall": 1.0
        },
        "8": {
            "labelled_normal": 2,
            "labelled_malicious": 348,
            "recall": 0.9942857142857143
        },
        "9": {
            "labelled_normal": 0,
            "labelled_malicious": 300,
            "recall": 1.0
        },
        "10": {
            "labelled_normal": 1077,
            "labelled_malicious": 397,
            "recall": 0.2693351424694708
        },
        "11": {
            "labelled_normal": 0,
            "labelled_malicious": 337,
            "recall": 1.0
        },
        "12": {
            "labelled_normal": 0,
            "labelled_malicious": 453,
            "recall": 1.0
        },
        "13": {
            "labelled_normal": 10,
            "labelled_malicious": 309,
            "recall": 0.9686520376175548
        },
        "14": {
            "labelled_normal": 7,
            "labelled_malicious": 334,
            "recall": 0.9794721407624634
        },
        "15": {
            "labelled_normal": 26,
            "labelled_malicious": 311,
            "recall": 0.9228486646884273
        },
        "16": {
            "labelled_normal": 0,
            "labelled_malicious": 341,
            "recall": 1.0
        },
        "17": {
            "labelled_normal": 0,
            "labelled_malicious": 275,
            "recall": 1.0
        },
        "18": {
            "labelled_normal": 20,
            "labelled_malicious": 433,
            "recall": 0.9558498896247241
        },
        "19": {
            "labelled_normal": 0,
            "labelled_malicious": 316,
            "recall": 1.0
        },
        "20": {
            "labelled_normal": 0,
            "labelled_malicious": 145,
            "recall": 1.0
        },
        "21": {
            "labelled_normal": 0,
            "labelled_malicious": 336,
            "recall": 1.0
        },
        "22": {
            "labelled_normal": 0,
            "labelled_malicious": 274,
            "recall": 1.0
        },
        "23": {
            "labelled_normal": 0,
            "labelled_malicious": 453,
            "recall": 1.0
        },
        "24": {
            "labelled_normal": 10,
            "labelled_malicious": 228,
            "recall": 0.957983193277311
        },
        "25": {
            "labelled_normal": 5,
            "labelled_malicious": 267,
            "recall": 0.9816176470588235
        },
        "26": {
            "labelled_normal": 1,
            "labelled_malicious": 395,
            "recall": 0.9974747474747475
        },
        "27": {
            "labelled_normal": 17,
            "labelled_malicious": 391,
            "recall": 0.9583333333333334
        },
        "28": {
            "labelled_normal": 18,
            "labelled_malicious": 346,
            "recall": 0.9505494505494505
        },
        "29": {
            "labelled_normal": 2,
            "labelled_malicious": 363,
            "recall": 0.9945205479452055
        },
        "30": {
            "labelled_normal": 42,
            "labelled_malicious": 389,
            "recall": 0.9025522041763341
        },
        "31": {
            "labelled_normal": 0,
            "labelled_malicious": 354,
            "recall": 1.0
        },
        "32": {
            "labelled_normal": 0,
            "labelled_malicious": 386,
            "recall": 1.0
        },
        "33": {
            "labelled_normal": 10,
            "labelled_malicious": 298,
            "recall": 0.9675324675324676
        },
        "34": {
            "labelled_normal": 10,
            "labelled_malicious": 404,
            "recall": 0.9758454106280193
        },
        "35": {
            "labelled_normal": 24,
            "labelled_malicious": 409,
            "recall": 0.9445727482678984
        }
    },
    "attack_categories": {
        "0": {
            "labelled_normal": 42819,
            "labelled_malicious": 46,
            "recall": 0.9989268634083751
        },
        "1": {
            "labelled_normal": 44,
            "labelled_malicious": 1492,
            "recall": 0.9713541666666666
        },
        "2": {
            "labelled_normal": 85,
            "labelled_malicious": 2510,
            "recall": 0.9672447013487476
        },
        "3": {
            "labelled_normal": 43,
            "labelled_malicious": 1570,
            "recall": 0.9733415995040298
        },
        "4": {
            "labelled_normal": 1158,
            "labelled_malicious": 4130,
            "recall": 0.7810136157337367
        },
        "5": {
            "labelled_normal": 0,
            "labelled_malicious": 926,
            "recall": 1.0
        },
        "6": {
            "labelled_normal": 20,
            "labelled_malicious": 433,
            "recall": 0.9558498896247241
        },
        "7": {
            "labelled_normal": 10,
            "labelled_malicious": 826,
            "recall": 0.9880382775119617
        }
    }
}