{
    "TP": 11716,
    "TN": 42954,
    "FP": 74,
    "FN": 1297,
    "accuracy": 0.9755357684552382,
    "precision": 0.9937234944868533,
    "recall": 0.9003304387919773,
    "attack_types": {
        "0": {
            "labelled_normal": 42954,
            "labelled_malicious": 74,
            "recall": 0.9982801896439528
        },
        "1": {
            "labelled_normal": 1,
            "labelled_malicious": 389,
            "recall": 0.9974358974358974
        },
        "2": {
            "labelled_normal": 25,
            "labelled_malicious": 251,
            "recall": 0.9094202898550725
        },
        "3": {
            "labelled_normal": 0,
            "labelled_malicious": 360,
            "recall": 1.0
        },
        "4": {
            "labelled_normal": 0,
            "labelled_malicious": 368,
            "recall": 1.0
        },
        "5": {
            "labelled_normal": 5,
            "labelled_malicious": 273,
            "recall": 0.9820143884892086
        },
        "6": {
            "labelled_normal": 35,
            "labelled_malicious": 389,
            "recall": 0.9174528301886793
        },
        "7": {
            "labelled_normal": 0,
            "labelled_malicious": 327,
            "recall": 1.0
        },
        "8": {
            "labelled_normal": 0,
            "labelled_malicious": 360,
            "recall": 1.0
        },
        "9": {
            "labelled_normal": 1027,
            "labelled_malicious": 369,
            "recall": 0.26432664756446994
        },
        "10": {
            "labelled_normal": 20,
            "labelled_malicious": 297,
            "recall": 0.9369085173501577
        },
        "11": {
            "labelled_normal": 0,
            "labelled_malicious": 349,
            "recall": 1.0
        },
        "12": {
            "labelled_normal": 0,
            "labelled_malicious": 383,
            "recall": 1.0
        },
        "13": {
            "labelled_normal": 10,
            "labelled_malicious": 314,
            "recall": 0.9691358024691358
        },
        "14": {
            "labelled_normal": 12,
            "labelled_malicious": 309,
            "recall": 0.9626168224299065
        },
        "15": {
            "labelled_normal": 13,
            "labelled_malicious": 281,
            "recall": 0.95578231292517
        },
        "16": {
            "labelled_normal": 0,
            "labelled_malicious": 293,
            "recall": 1.0
        },
        "17": {
            "labelled_normal": 0,
            "labelled_malicious": 278,
            "recall": 1.0
        },
        "18": {
            "labelled_normal": 10,
            "labelled_malicious": 398,
            "recall": 0.9754901960784313
        },
        "19": {
            "labelled_normal": 0,
            "labelled_malicious": 310,
            "recall": 1.0
        },
        "20": {
            "labelled_normal": 0,
            "labelled_malicious": 141,
            "recall": 1.0
        },
        "21": {
            "labelled_normal": 0,
            "labelled_malicious": 319,
            "recall": 1.0
        },
        "22": {
            "labelled_normal": 0,
            "labelled_malicious": 317,
            "recall": 1.0
        },
        "23": {
            "labelled_normal": 0,
            "labelled_malicious": 383,
            "recall": 1.0
        },
        "24": {
            "labelled_normal": 7,
            "labelled_malicious": 207,
            "recall": 0.9672897196261683
        },
        "25": {
            "labelled_normal": 10,
            "labelled_malicious": 287,
            "recall": 0.9663299663299664
        },
        "26": {
            "labelled_normal": 5,
            "labelled_malicious": 361,
            "recall": 0.9863387978142076
        },
        "27": {
            "labelled_normal": 13,
            "labelled_malicious": 406,
            "recall": 0.9689737470167065
        },
        "28": {
            "labelled_normal": 16,
            "labelled_malicious": 354,
            "recall": 0.9567567567567568
        },
        "29": {
            "labelled_normal": 3,
            "labelled_malicious": 363,
            "recall": 0.9918032786885246
        },
        "30": {
            "labelled_normal": 44,
            "labelled_malicious": 367,
            "recall": 0.8929440389294404
        },
        "31": {
            "labelled_normal": 0,
            "labelled_malicious": 358,
            "recall": 1.0
        },
        "32": {
            "labelled_normal": 0,
            "labelled_malicious": 416,
            "recall": 1.0
        },
        "33": {
            "labelled_normal": 5,
            "labelled_malicious": 348,
            "recall": 0.9858356940509915
        },
        "34": {
            "labelled_normal": 13,
            "labelled_malicious": 394,
            "recall": 0.9680589680589681
        },
        "35": {
            "labelled_normal": 23,
            "labelled_malicious": 397,
            "recall": 0.9452380952380952
        }
    },
    "attack_categories": {
        "0": {
            "labelled_normal": 42954,
            "labelled_malicious": 74,
            "recall": 0.9982801896439528
        },
        "1": {
            "labelled_normal": 47,
            "labelled_malicious": 1504,
            "recall": 0.9696969696969697
        },
        "2": {
            "labelled_normal": 85,
            "labelled_malicious": 2547,
            "recall": 0.9677051671732523
        },
        "3": {
            "labelled_normal": 35,
            "labelled_malicious": 1475,
            "recall": 0.9768211920529801
        },
        "4": {
            "labelled_normal": 1113,
            "labelled_malicious": 4115,
            "recall": 0.7871078806426932
        },
        "5": {
            "labelled_normal": 0,
            "labelled_malicious": 946,
            "recall": 1.0
        },
        "6": {
            "labelled_normal": 10,
            "labelled_malicious": 398,
            "recall": 0.9754901960784313
        },
        "7": {
            "labelled_normal": 7,
            "labelled_malicious": 731,
            "recall": 0.9905149051490515
        }
    }
}