{
    "TP": 13209,
    "TN": 42756,
    "FP": 57,
    "FN": 349,
    "accuracy": 0.9927977151372159,
    "precision": 0.9957033016734509,
    "recall": 0.9742587402271722,
    "attack_types": {
        "0": {
            "labelled_normal": 42756,
            "labelled_malicious": 57,
            "recall": 0.9986686286875481
        },
        "1": {
            "labelled_normal": 3,
            "labelled_malicious": 319,
            "recall": 0.9906832298136646
        },
        "2": {
            "labelled_normal": 34,
            "labelled_malicious": 269,
            "recall": 0.8877887788778878
        },
        "3": {
            "labelled_normal": 0,
            "labelled_malicious": 362,
            "recall": 1.0
        },
        "4": {
            "labelled_normal": 0,
            "labelled_malicious": 352,
            "recall": 1.0
        },
        "5": {
            "labelled_normal": 1,
            "labelled_malicious": 291,
            "recall": 0.9965753424657534
        },
        "6": {
            "labelled_normal": 37,
            "labelled_malicious": 369,
            "recall": 0.9088669950738916
        },
        "7": {
            "labelled_normal": 0,
            "labelled_malicious": 291,
            "recall": 1.0
        },
        "8": {
            "labelled_normal": 43,
            "labelled_malicious": 1755,
            "recall": 0.9760845383759733
        },
        "9": {
            "labelled_normal": 4,
            "labelled_malicious": 243,
            "recall": 0.9838056680161943
        },
        "10": {
            "labelled_normal": 21,
            "labelled_malicious": 275,
            "recall": 0.9290540540540541
        },
        "11": {
            "labelled_normal": 1,
            "labelled_malicious": 362,
            "recall": 0.9972451790633609
        },
        "12": {
            "labelled_normal": 0,
            "labelled_malicious": 460,
            "recall": 1.0
        },
        "13": {
            "labelled_normal": 13,
            "labelled_malicious": 346,
            "recall": 0.9637883008356546
        },
        "14": {
            "labelled_normal": 12,
            "labelled_malicious": 346,
            "recall": 0.9664804469273743
        },
        "15": {
            "labelled_normal": 25,
            "labelled_malicious": 295,
            "recall": 0.921875
        },
        "16": {
            "labelled_normal": 0,
            "labelled_malicious": 360,
            "recall": 1.0
        },
        "17": {
            "labelled_normal": 0,
            "labelled_malicious": 307,
            "recall": 1.0
        },
        "18": {
            "labelled_normal": 18,
            "labelled_malicious": 422,
            "recall": 0.9590909090909091
        },
        "19": {
            "labelled_normal": 0,
            "labelled_malicious": 333,
            "recall": 1.0
        },
        "20": {
            "labelled_normal": 0,
            "labelled_malicious": 133,
            "recall": 1.0
        },
        "21": {
            "labelled_normal": 0,
            "labelled_malicious": 344,
            "recall": 1.0
        },
        "22": {
            "labelled_normal": 0,
            "labelled_malicious": 319,
            "recall": 1.0
        },
        "23": {
            "labelled_normal": 0,
            "labelled_malicious": 457,
            "recall": 1.0
        },
        "24": {
            "labelled_normal": 8,
            "labelled_malicious": 203,
            "recall": 0.9620853080568721
        },
        "25": {
            "labelled_normal": 10,
            "labelled_malicious": 297,
            "recall": 0.9674267100977199
        },
        "26": {
            "labelled_normal": 1,
            "labelled_malicious": 342,
            "recall": 0.9970845481049563
        },
        "27": {
            "labelled_normal": 14,
            "labelled_malicious": 432,
            "recall": 0.968609865470852
        },
        "28": {
            "labelled_normal": 20,
            "labelled_malicious": 316,
            "recall": 0.9404761904761905
        },
        "29": {
            "labelled_normal": 4,
            "labelled_malicious": 389,
            "recall": 0.989821882951654
        },
        "30": {
            "labelled_normal": 42,
            "labelled_malicious": 351,
            "recall": 0.8931297709923665
        },
        "31": {
            "labelled_normal": 0,
            "labelled_malicious": 405,
            "recall": 1.0
        },
        "32": {
            "labelled_normal": 0,
            "labelled_malicious": 368,
            "recall": 1.0
        },
        "33": {
            "labelled_normal": 10,
            "labelled_malicious": 307,
            "recall": 0.9684542586750788
        },
        "34": {
            "labelled_normal": 9,
            "labelled_malicious": 371,
            "recall": 0.9763157894736842
        },
        "35": {
            "labelled_normal": 19,
            "labelled_malicious": 418,
            "recall": 0.9565217391304348
        }
    },
    "attack_categories": {
        "0": {
            "labelled_normal": 42756,
            "labelled_malicious": 57,
            "recall": 0.9986686286875481
        },
        "1": {
            "labelled_normal": 46,
            "labelled_malicious": 1513,
            "recall": 0.9704939063502245
        },
        "2": {
            "labelled_normal": 83,
            "labelled_malicious": 2483,
            "recall": 0.9676539360872954
        },
        "3": {
            "labelled_normal": 50,
            "labelled_malicious": 1654,
            "recall": 0.9706572769953051
        },
        "4": {
            "labelled_normal": 144,
            "labelled_malicious": 5348,
            "recall": 0.9737800436999272
        },
        "5": {
            "labelled_normal": 0,
            "labelled_malicious": 996,
            "recall": 1.0
        },
        "6": {
            "labelled_normal": 18,
            "labelled_malicious": 422,
            "recall": 0.9590909090909091
        },
        "7": {
            "labelled_normal": 8,
            "labelled_malicious": 793,
            "recall": 0.9900124843945068
        }
    }
}