{
    "TP": 11892,
    "TN": 42763,
    "FP": 77,
    "FN": 1390,
    "accuracy": 0.9738605181568726,
    "precision": 0.9935667140111956,
    "recall": 0.8953470862821864,
    "attack_types": {
        "0": {
            "labelled_normal": 42763,
            "labelled_malicious": 77,
            "recall": 0.998202614379085
        },
        "1": {
            "labelled_normal": 0,
            "labelled_malicious": 384,
            "recall": 1.0
        },
        "2": {
            "labelled_normal": 21,
            "labelled_malicious": 285,
            "recall": 0.9313725490196079
        },
        "3": {
            "labelled_normal": 0,
            "labelled_malicious": 346,
            "recall": 1.0
        },
        "4": {
            "labelled_normal": 0,
            "labelled_malicious": 425,
            "recall": 1.0
        },
        "5": {
            "labelled_normal": 1,
            "labelled_malicious": 292,
            "recall": 0.9965870307167235
        },
        "6": {
            "labelled_normal": 31,
            "labelled_malicious": 349,
            "recall": 0.9184210526315789
        },
        "7": {
            "labelled_normal": 0,
            "labelled_malicious": 296,
            "recall": 1.0
        },
        "8": {
            "labelled_normal": 2,
            "labelled_malicious": 367,
            "recall": 0.994579945799458
        },
        "9": {
            "labelled_normal": 7,
            "labelled_malicious": 301,
            "recall": 0.9772727272727273
        },
        "10": {
            "labelled_normal": 1110,
            "labelled_malicious": 364,
            "recall": 0.24694708276797828
        },
        "11": {
            "labelled_normal": 0,
            "labelled_malicious": 397,
            "recall": 1.0
        },
        "12": {
            "labelled_normal": 0,
            "labelled_malicious": 380,
            "recall": 1.0
        },
        "13": {
            "labelled_normal": 5,
            "labelled_malicious": 309,
            "recall": 0.9840764331210191
        },
        "14": {
            "labelled_normal": 16,
            "labelled_malicious": 296,
            "recall": 0.9487179487179487
        },
        "15": {
            "labelled_normal": 20,
            "labelled_malicious": 292,
            "recall": 0.9358974358974359
        },
        "16": {
            "labelled_normal": 0,
            "labelled_malicious": 336,
            "recall": 1.0
        },
        "17": {
            "labelled_normal": 0,
            "labelled_malicious": 283,
            "recall": 1.0
        },
        "18": {
            "labelled_normal": 11,
            "labelled_malicious": 417,
            "recall": 0.9742990654205608
        },
        "19": {
            "labelled_normal": 0,
            "labelled_malicious": 340,
            "recall": 1.0
        },
        "20": {
            "labelled_normal": 0,
            "labelled_malicious": 121,
            "recall": 1.0
        },
        "21": {
            "labelled_normal": 0,
            "labelled_malicious": 364,
            "recall": 1.0
        },
        "22": {
            "labelled_normal": 0,
            "labelled_malicious": 293,
            "recall": 1.0
        },
        "23": {
            "labelled_normal": 0,
            "labelled_malicious": 424,
            "recall": 1.0
        },
        "24": {
            "labelled_normal": 4,
            "labelled_malicious": 252,
            "recall": 0.984375
        },
        "25": {
            "labelled_normal": 11,
            "labelled_malicious": 284,
            "recall": 0.9627118644067797
        },
        "26": {
            "labelled_normal": 4,
            "labelled_malicious": 326,
            "recall": 0.9878787878787879
        },
        "27": {
            "labelled_normal": 6,
            "labelled_malicious": 395,
            "recall": 0.9850374064837906
        },
        "28": {
            "labelled_normal": 23,
            "labelled_malicious": 383,
            "recall": 0.9433497536945813
        },
        "29": {
            "labelled_normal": 2,
            "labelled_malicious": 355,
            "recall": 0.9943977591036415
        },
        "30": {
            "labelled_normal": 70,
            "labelled_malicious": 376,
            "recall": 0.8430493273542601
        },
        "31": {
            "labelled_normal": 0,
            "labelled_malicious": 396,
            "recall": 1.0
        },
        "32": {
            "labelled_normal": 0,
            "labelled_malicious": 369,
            "recall": 1.0
        },
        "33": {
            "labelled_normal": 13,
            "labelled_malicious": 293,
            "recall": 0.9575163398692811
        },
        "34": {
            "labelled_normal": 12,
            "labelled_malicious": 392,
            "recall": 0.9702970297029703
        },
        "35": {
            "labelled_normal": 21,
            "labelled_malicious": 410,
            "recall": 0.951276102088167
        }
    },
    "attack_categories": {
        "0": {
            "labelled_normal": 42763,
            "labelled_malicious": 77,
            "recall": 0.998202614379085
        },
        "1": {
            "labelled_normal": 72,
            "labelled_malicious": 1496,
            "recall": 0.9540816326530612
        },
        "2": {
            "labelled_normal": 90,
            "labelled_malicious": 2483,
            "recall": 0.9650213758258842
        },
        "3": {
            "labelled_normal": 41,
            "labelled_malicious": 1516,
            "recall": 0.9736673089274245
        },
        "4": {
            "labelled_normal": 1172,
            "labelled_malicious": 4186,
            "recall": 0.7812616648002986
        },
        "5": {
            "labelled_normal": 0,
            "labelled_malicious": 997,
            "recall": 1.0
        },
        "6": {
            "labelled_normal": 11,
            "labelled_malicious": 417,
            "recall": 0.9742990654205608
        },
        "7": {
            "labelled_normal": 4,
            "labelled_malicious": 797,
            "recall": 0.9950062421972534
        }
    }
}