{
    "TP": 13133,
    "TN": 42751,
    "FP": 89,
    "FN": 309,
    "accuracy": 0.9929284673607903,
    "precision": 0.9932687944335199,
    "recall": 0.9770123493527749,
    "attack_types": {
        "0": {
            "labelled_normal": 42751,
            "labelled_malicious": 89,
            "recall": 0.997922502334267
        },
        "1": {
            "labelled_normal": 0,
            "labelled_malicious": 384,
            "recall": 1.0
        },
        "2": {
            "labelled_normal": 27,
            "labelled_malicious": 279,
            "recall": 0.9117647058823529
        },
        "3": {
            "labelled_normal": 0,
            "labelled_malicious": 346,
            "recall": 1.0
        },
        "4": {
            "labelled_normal": 0,
            "labelled_malicious": 425,
            "recall": 1.0
        },
        "5": {
            "labelled_normal": 2,
            "labelled_malicious": 291,
            "recall": 0.9931740614334471
        },
        "6": {
            "labelled_normal": 31,
            "labelled_malicious": 349,
            "recall": 0.9184210526315789
        },
        "7": {
            "labelled_normal": 0,
            "labelled_malicious": 296,
            "recall": 1.0
        },
        "8": {
            "labelled_normal": 2,
            "labelled_malicious": 367,
            "recall": 0.994579945799458
        },
        "9": {
            "labelled_normal": 10,
            "labelled_malicious": 298,
            "recall": 0.9675324675324676
        },
        "10": {
            "labelled_normal": 16,
            "labelled_malicious": 260,
            "recall": 0.9420289855072463
        },
        "11": {
            "labelled_normal": 0,
            "labelled_malicious": 397,
            "recall": 1.0
        },
        "12": {
            "labelled_normal": 0,
            "labelled_malicious": 380,
            "recall": 1.0
        },
        "13": {
            "labelled_normal": 6,
            "labelled_malicious": 308,
            "recall": 0.9808917197452229
        },
        "14": {
            "labelled_normal": 14,
            "labelled_malicious": 298,
            "recall": 0.9551282051282052
        },
        "15": {
            "labelled_normal": 23,
            "labelled_malicious": 289,
            "recall": 0.9262820512820513
        },
        "16": {
            "labelled_normal": 0,
            "labelled_malicious": 336,
            "recall": 1.0
        },
        "17": {
            "labelled_normal": 0,
            "labelled_malicious": 283,
            "recall": 1.0
        },
        "18": {
            "labelled_normal": 7,
            "labelled_malicious": 421,
            "recall": 0.9836448598130841
        },
        "19": {
            "labelled_normal": 0,
            "labelled_malicious": 340,
            "recall": 1.0
        },
        "20": {
            "labelled_normal": 0,
            "labelled_malicious": 121,
            "recall": 1.0
        },
        "21": {
            "labelled_normal": 0,
            "labelled_malicious": 1722,
            "recall": 1.0
        },
        "22": {
            "labelled_normal": 0,
            "labelled_malicious": 293,
            "recall": 1.0
        },
        "23": {
            "labelled_normal": 0,
            "labelled_malicious": 424,
            "recall": 1.0
        },
        "24": {
            "labelled_normal": 4,
            "labelled_malicious": 252,
            "recall": 0.984375
        },
        "25": {
            "labelled_normal": 11,
            "labelled_malicious": 284,
            "recall": 0.9627118644067797
        },
        "26": {
            "labelled_normal": 3,
            "labelled_malicious": 327,
            "recall": 0.990909090909091
        },
        "27": {
            "labelled_normal": 10,
            "labelled_malicious": 391,
            "recall": 0.9750623441396509
        },
        "28": {
            "labelled_normal": 23,
            "labelled_malicious": 383,
            "recall": 0.9433497536945813
        },
        "29": {
            "labelled_normal": 3,
            "labelled_malicious": 354,
            "recall": 0.9915966386554622
        },
        "30": {
            "labelled_normal": 66,
            "labelled_malicious": 380,
            "recall": 0.852017937219731
        },
        "31": {
            "labelled_normal": 0,
            "labelled_malicious": 396,
            "recall": 1.0
        },
        "32": {
            "labelled_normal": 0,
            "labelled_malicious": 369,
            "recall": 1.0
        },
        "33": {
            "labelled_normal": 16,
            "labelled_malicious": 290,
            "recall": 0.9477124183006536
        },
        "34": {
            "labelled_normal": 15,
            "labelled_malicious": 389,
            "recall": 0.9628712871287128
        },
        "35": {
            "labelled_normal": 20,
            "labelled_malicious": 411,
            "recall": 0.9535962877030162
        }
    },
    "attack_categories": {
        "0": {
            "labelled_normal": 42751,
            "labelled_malicious": 89,
            "recall": 0.997922502334267
        },
        "1": {
            "labelled_normal": 69,
            "labelled_malicious": 1499,
            "recall": 0.9559948979591837
        },
        "2": {
            "labelled_normal": 98,
            "labelled_malicious": 2475,
            "recall": 0.961912164788185
        },
        "3": {
            "labelled_normal": 43,
            "labelled_malicious": 1514,
            "recall": 0.9723827874116892
        },
        "4": {
            "labelled_normal": 88,
            "labelled_malicious": 4072,
            "recall": 0.9788461538461538
        },
        "5": {
            "labelled_normal": 0,
            "labelled_malicious": 2355,
            "recall": 1.0
        },
        "6": {
            "labelled_normal": 7,
            "labelled_malicious": 421,
            "recall": 0.9836448598130841
        },
        "7": {
            "labelled_normal": 4,
            "labelled_malicious": 797,
            "recall": 0.9950062421972534
        }
    }
}