{
    "TP": 11819,
    "TN": 42824,
    "FP": 41,
    "FN": 1929,
    "accuracy": 0.9652023386854609,
    "precision": 0.9965430016863407,
    "recall": 0.8596886819901076,
    "attack_types": {
        "0": {
            "labelled_normal": 42824,
            "labelled_malicious": 41,
            "recall": 0.9990435086900735
        },
        "1": {
            "labelled_normal": 6,
            "labelled_malicious": 372,
            "recall": 0.9841269841269841
        },
        "2": {
            "labelled_normal": 27,
            "labelled_malicious": 264,
            "recall": 0.9072164948453608
        },
        "3": {
            "labelled_normal": 0,
            "labelled_malicious": 295,
            "recall": 1.0
        },
        "4": {
            "labelled_normal": 0,
            "labelled_malicious": 413,
            "recall": 1.0
        },
        "5": {
            "labelled_normal": 5,
            "labelled_malicious": 269,
            "recall": 0.9817518248175182
        },
        "6": {
            "labelled_normal": 48,
            "labelled_malicious": 370,
            "recall": 0.8851674641148325
        },
        "7": {
            "labelled_normal": 0,
            "labelled_malicious": 305,
            "recall": 1.0
        },
        "8": {
            "labelled_normal": 2,
            "labelled_malicious": 348,
            "recall": 0.9942857142857143
        },
        "9": {
            "labelled_normal": 0,
            "labelled_malicious": 300,
            "recall": 1.0
        },
        "10": {
            "labelled_normal": 29,
            "labelled_malicious": 257,
            "recall": 0.8986013986013986
        },
        "11": {
            "labelled_normal": 0,
            "labelled_malicious": 337,
            "recall": 1.0
        },
        "12": {
            "labelled_normal": 0,
            "labelled_malicious": 453,
            "recall": 1.0
        },
        "13": {
            "labelled_normal": 11,
            "labelled_malicious": 308,
            "recall": 0.9655172413793104
        },
        "14": {
            "labelled_normal": 12,
            "labelled_malicious": 329,
            "recall": 0.9648093841642229
        },
        "15": {
            "labelled_normal": 22,
            "labelled_malicious": 315,
            "recall": 0.9347181008902077
        },
        "16": {
            "labelled_normal": 0,
            "labelled_malicious": 341,
            "recall": 1.0
        },
        "17": {
            "labelled_normal": 0,
            "labelled_malicious": 275,
            "recall": 1.0
        },
        "18": {
            "labelled_normal": 23,
            "labelled_malicious": 430,
            "recall": 0.9492273730684326
        },
        "19": {
            "labelled_normal": 0,
            "labelled_malicious": 316,
            "recall": 1.0
        },
        "20": {
            "labelled_normal": 0,
            "labelled_malicious": 145,
            "recall": 1.0
        },
        "21": {
            "labelled_normal": 0,
            "labelled_malicious": 336,
            "recall": 1.0
        },
        "22": {
            "labelled_normal": 0,
            "labelled_malicious": 274,
            "recall": 1.0
        },
        "23": {
            "labelled_normal": 0,
            "labelled_malicious": 453,
            "recall": 1.0
        },
        "24": {
            "labelled_normal": 10,
            "labelled_malicious": 228,
            "recall": 0.957983193277311
        },
        "25": {
            "labelled_normal": 7,
            "labelled_malicious": 265,
            "recall": 0.9742647058823529
        },
        "26": {
            "labelled_normal": 2,
            "labelled_malicious": 394,
            "recall": 0.9949494949494949
        },
        "27": {
            "labelled_normal": 24,
            "labelled_malicious": 384,
            "recall": 0.9411764705882353
        },
        "28": {
            "labelled_normal": 20,
            "labelled_malicious": 344,
            "recall": 0.945054945054945
        },
        "29": {
            "labelled_normal": 2,
            "labelled_malicious": 363,
            "recall": 0.9945205479452055
        },
        "30": {
            "labelled_normal": 1634,
            "labelled_malicious": 486,
            "recall": 0.22924528301886793
        },
        "31": {
            "labelled_normal": 0,
            "labelled_malicious": 354,
            "recall": 1.0
        },
        "32": {
            "labelled_normal": 0,
            "labelled_malicious": 386,
            "recall": 1.0
        },
        "33": {
            "labelled_normal": 8,
            "labelled_malicious": 300,
            "recall": 0.974025974025974
        },
        "34": {
            "labelled_normal": 12,
            "labelled_malicious": 402,
            "recall": 0.9710144927536232
        },
        "35": {
            "labelled_normal": 25,
            "labelled_malicious": 408,
            "recall": 0.9422632794457275
        }
    },
    "attack_categories": {
        "0": {
            "labelled_normal": 42824,
            "labelled_malicious": 41,
            "recall": 0.9990435086900735
        },
        "1": {
            "labelled_normal": 1636,
            "labelled_malicious": 1589,
            "recall": 0.4927131782945736
        },
        "2": {
            "labelled_normal": 98,
            "labelled_malicious": 2497,
            "recall": 0.9622350674373795
        },
        "3": {
            "labelled_normal": 45,
            "labelled_malicious": 1568,
            "recall": 0.972101673899566
        },
        "4": {
            "labelled_normal": 117,
            "labelled_malicious": 3983,
            "recall": 0.9714634146341463
        },
        "5": {
            "labelled_normal": 0,
            "labelled_malicious": 926,
            "recall": 1.0
        },
        "6": {
            "labelled_normal": 23,
            "labelled_malicious": 430,
            "recall": 0.9492273730684326
        },
        "7": {
            "labelled_normal": 10,
            "labelled_malicious": 826,
            "recall": 0.9880382775119617
        }
    }
}