{
    "TP": 12523,
    "TN": 42814,
    "FP": 51,
    "FN": 678,
    "accuracy": 0.9869974672707167,
    "precision": 0.9959440114522029,
    "recall": 0.9486402545261723,
    "attack_types": {
        "0": {
            "labelled_normal": 42814,
            "labelled_malicious": 51,
            "recall": 0.9988102181266768
        },
        "1": {
            "labelled_normal": 6,
            "labelled_malicious": 372,
            "recall": 0.9841269841269841
        },
        "2": {
            "labelled_normal": 28,
            "labelled_malicious": 263,
            "recall": 0.9037800687285223
        },
        "3": {
            "labelled_normal": 0,
            "labelled_malicious": 295,
            "recall": 1.0
        },
        "4": {
            "labelled_normal": 0,
            "labelled_malicious": 413,
            "recall": 1.0
        },
        "5": {
            "labelled_normal": 337,
            "labelled_malicious": 1079,
            "recall": 0.7620056497175142
        },
        "6": {
            "labelled_normal": 43,
            "labelled_malicious": 375,
            "recall": 0.8971291866028708
        },
        "7": {
            "labelled_normal": 0,
            "labelled_malicious": 305,
            "recall": 1.0
        },
        "8": {
            "labelled_normal": 2,
            "labelled_malicious": 348,
            "recall": 0.9942857142857143
        },
        "9": {
            "labelled_normal": 0,
            "labelled_malicious": 300,
            "recall": 1.0
        },
        "10": {
            "labelled_normal": 28,
            "labelled_malicious": 258,
            "recall": 0.9020979020979021
        },
        "11": {
            "labelled_normal": 0,
            "labelled_malicious": 337,
            "recall": 1.0
        },
        "12": {
            "labelled_normal": 0,
            "labelled_malicious": 453,
            "recall": 1.0
        },
        "13": {
            "labelled_normal": 10,
            "labelled_malicious": 309,
            "recall": 0.9686520376175548
        },
        "14": {
            "labelled_normal": 9,
            "labelled_malicious": 332,
            "recall": 0.9736070381231672
        },
        "15": {
            "labelled_normal": 28,
            "labelled_malicious": 309,
            "recall": 0.9169139465875371
        },
        "16": {
            "labelled_normal": 3,
            "labelled_malicious": 338,
            "recall": 0.9912023460410557
        },
        "17": {
            "labelled_normal": 0,
            "labelled_malicious": 275,
            "recall": 1.0
        },
        "18": {
            "labelled_normal": 23,
            "labelled_malicious": 430,
            "recall": 0.9492273730684326
        },
        "19": {
            "labelled_normal": 0,
            "labelled_malicious": 316,
            "recall": 1.0
        },
        "20": {
            "labelled_normal": 0,
            "labelled_malicious": 145,
            "recall": 1.0
        },
        "21": {
            "labelled_normal": 0,
            "labelled_malicious": 336,
            "recall": 1.0
        },
        "22": {
            "labelled_normal": 0,
            "labelled_malicious": 274,
            "recall": 1.0
        },
        "23": {
            "labelled_normal": 0,
            "labelled_malicious": 453,
            "recall": 1.0
        },
        "24": {
            "labelled_normal": 10,
            "labelled_malicious": 228,
            "recall": 0.957983193277311
        },
        "25": {
            "labelled_normal": 4,
            "labelled_malicious": 268,
            "recall": 0.9852941176470589
        },
        "26": {
            "labelled_normal": 1,
            "labelled_malicious": 395,
            "recall": 0.9974747474747475
        },
        "27": {
            "labelled_normal": 19,
            "labelled_malicious": 389,
            "recall": 0.9534313725490197
        },
        "28": {
            "labelled_normal": 21,
            "labelled_malicious": 343,
            "recall": 0.9423076923076923
        },
        "29": {
            "labelled_normal": 2,
            "labelled_malicious": 363,
            "recall": 0.9945205479452055
        },
        "30": {
            "labelled_normal": 50,
            "labelled_malicious": 381,
            "recall": 0.8839907192575406
        },
        "31": {
            "labelled_normal": 0,
            "labelled_malicious": 354,
            "recall": 1.0
        },
        "32": {
            "labelled_normal": 0,
            "labelled_malicious": 386,
            "recall": 1.0
        },
        "33": {
            "labelled_normal": 10,
            "labelled_malicious": 298,
            "recall": 0.9675324675324676
        },
        "34": {
            "labelled_normal": 15,
            "labelled_malicious": 399,
            "recall": 0.9637681159420289
        },
        "35": {
            "labelled_normal": 29,
            "labelled_malicious": 404,
            "recall": 0.9330254041570438
        }
    },
    "attack_categories": {
        "0": {
            "labelled_normal": 42814,
            "labelled_malicious": 51,
            "recall": 0.9988102181266768
        },
        "1": {
            "labelled_normal": 52,
            "labelled_malicious": 1484,
            "recall": 0.9661458333333334
        },
        "2": {
            "labelled_normal": 99,
            "labelled_malicious": 2496,
            "recall": 0.9618497109826589
        },
        "3": {
            "labelled_normal": 50,
            "labelled_malicious": 1563,
            "recall": 0.9690018598884067
        },
        "4": {
            "labelled_normal": 444,
            "labelled_malicious": 4798,
            "recall": 0.9152995040061045
        },
        "5": {
            "labelled_normal": 0,
            "labelled_malicious": 926,
            "recall": 1.0
        },
        "6": {
            "labelled_normal": 23,
            "labelled_malicious": 430,
            "recall": 0.9492273730684326
        },
        "7": {
            "labelled_normal": 10,
            "labelled_malicious": 826,
            "recall": 0.9880382775119617
        }
    }
}