{
    "TP": 13219,
    "TN": 42816,
    "FP": 49,
    "FN": 325,
    "accuracy": 0.9933698523285291,
    "precision": 0.996306903828761,
    "recall": 0.9760041346721796,
    "attack_types": {
        "0": {
            "labelled_normal": 42816,
            "labelled_malicious": 49,
            "recall": 0.9988568762393562
        },
        "1": {
            "labelled_normal": 6,
            "labelled_malicious": 372,
            "recall": 0.9841269841269841
        },
        "2": {
            "labelled_normal": 26,
            "labelled_malicious": 265,
            "recall": 0.9106529209621993
        },
        "3": {
            "labelled_normal": 0,
            "labelled_malicious": 295,
            "recall": 1.0
        },
        "4": {
            "labelled_normal": 0,
            "labelled_malicious": 413,
            "recall": 1.0
        },
        "5": {
            "labelled_normal": 6,
            "labelled_malicious": 268,
            "recall": 0.9781021897810219
        },
        "6": {
            "labelled_normal": 47,
            "labelled_malicious": 371,
            "recall": 0.8875598086124402
        },
        "7": {
            "labelled_normal": 0,
            "labelled_malicious": 305,
            "recall": 1.0
        },
        "8": {
            "labelled_normal": 1,
            "labelled_malicious": 349,
            "recall": 0.9971428571428571
        },
        "9": {
            "labelled_normal": 0,
            "labelled_malicious": 300,
            "recall": 1.0
        },
        "10": {
            "labelled_normal": 28,
            "labelled_malicious": 258,
            "recall": 0.9020979020979021
        },
        "11": {
            "labelled_normal": 0,
            "labelled_malicious": 337,
            "recall": 1.0
        },
        "12": {
            "labelled_normal": 0,
            "labelled_malicious": 453,
            "recall": 1.0
        },
        "13": {
            "labelled_normal": 10,
            "labelled_malicious": 309,
            "recall": 0.9686520376175548
        },
        "14": {
            "labelled_normal": 12,
            "labelled_malicious": 329,
            "recall": 0.9648093841642229
        },
        "15": {
            "labelled_normal": 24,
            "labelled_malicious": 313,
            "recall": 0.9287833827893175
        },
        "16": {
            "labelled_normal": 0,
            "labelled_malicious": 341,
            "recall": 1.0
        },
        "17": {
            "labelled_normal": 0,
            "labelled_malicious": 275,
            "recall": 1.0
        },
        "18": {
            "labelled_normal": 23,
            "labelled_malicious": 430,
            "recall": 0.9492273730684326
        },
        "19": {
            "labelled_normal": 0,
            "labelled_malicious": 316,
            "recall": 1.0
        },
        "20": {
            "labelled_normal": 0,
            "labelled_malicious": 145,
            "recall": 1.0
        },
        "21": {
            "labelled_normal": 0,
            "labelled_malicious": 336,
            "recall": 1.0
        },
        "22": {
            "labelled_normal": 0,
            "labelled_malicious": 274,
            "recall": 1.0
        },
        "23": {
            "labelled_normal": 0,
            "labelled_malicious": 453,
            "recall": 1.0
        },
        "24": {
            "labelled_normal": 10,
            "labelled_malicious": 228,
            "recall": 0.957983193277311
        },
        "25": {
            "labelled_normal": 4,
            "labelled_malicious": 268,
            "recall": 0.9852941176470589
        },
        "26": {
            "labelled_normal": 2,
            "labelled_malicious": 394,
            "recall": 0.9949494949494949
        },
        "27": {
            "labelled_normal": 17,
            "labelled_malicious": 391,
            "recall": 0.9583333333333334
        },
        "28": {
            "labelled_normal": 18,
            "labelled_malicious": 346,
            "recall": 0.9505494505494505
        },
        "29": {
            "labelled_normal": 2,
            "labelled_malicious": 363,
            "recall": 0.9945205479452055
        },
        "30": {
            "labelled_normal": 45,
            "labelled_malicious": 386,
            "recall": 0.8955916473317865
        },
        "31": {
            "labelled_normal": 0,
            "labelled_malicious": 354,
            "recall": 1.0
        },
        "32": {
            "labelled_normal": 0,
            "labelled_malicious": 1871,
            "recall": 1.0
        },
        "33": {
            "labelled_normal": 8,
            "labelled_malicious": 300,
            "recall": 0.974025974025974
        },
        "34": {
            "labelled_normal": 10,
            "labelled_malicious": 404,
            "recall": 0.9758454106280193
        },
        "35": {
            "labelled_normal": 26,
            "labelled_malicious": 407,
            "recall": 0.9399538106235565
        }
    },
    "attack_categories": {
        "0": {
            "labelled_normal": 42816,
            "labelled_malicious": 49,
            "recall": 0.9988568762393562
        },
        "1": {
            "labelled_normal": 47,
            "labelled_malicious": 2974,
            "recall": 0.9844422376696458
        },
        "2": {
            "labelled_normal": 85,
            "labelled_malicious": 2510,
            "recall": 0.9672447013487476
        },
        "3": {
            "labelled_normal": 46,
            "labelled_malicious": 1567,
            "recall": 0.9714817110973342
        },
        "4": {
            "labelled_normal": 114,
            "labelled_malicious": 3986,
            "recall": 0.9721951219512195
        },
        "5": {
            "labelled_normal": 0,
            "labelled_malicious": 926,
            "recall": 1.0
        },
        "6": {
            "labelled_normal": 23,
            "labelled_malicious": 430,
            "recall": 0.9492273730684326
        },
        "7": {
            "labelled_normal": 10,
            "labelled_malicious": 826,
            "recall": 0.9880382775119617
        }
    }
}