{
    "TP": 13020,
    "TN": 42961,
    "FP": 69,
    "FN": 308,
    "accuracy": 0.9933106213847192,
    "precision": 0.9947283978913591,
    "recall": 0.976890756302521,
    "attack_types": {
        "0": {
            "labelled_normal": 42961,
            "labelled_malicious": 69,
            "recall": 0.9983964675807576
        },
        "1": {
            "labelled_normal": 0,
            "labelled_malicious": 318,
            "recall": 1.0
        },
        "2": {
            "labelled_normal": 14,
            "labelled_malicious": 270,
            "recall": 0.9507042253521126
        },
        "3": {
            "labelled_normal": 0,
            "labelled_malicious": 337,
            "recall": 1.0
        },
        "4": {
            "labelled_normal": 0,
            "labelled_malicious": 374,
            "recall": 1.0
        },
        "5": {
            "labelled_normal": 3,
            "labelled_malicious": 276,
            "recall": 0.989247311827957
        },
        "6": {
            "labelled_normal": 45,
            "labelled_malicious": 353,
            "recall": 0.8869346733668342
        },
        "7": {
            "labelled_normal": 0,
            "labelled_malicious": 293,
            "recall": 1.0
        },
        "8": {
            "labelled_normal": 39,
            "labelled_malicious": 1759,
            "recall": 0.9783092324805339
        },
        "9": {
            "labelled_normal": 2,
            "labelled_malicious": 260,
            "recall": 0.9923664122137404
        },
        "10": {
            "labelled_normal": 20,
            "labelled_malicious": 279,
            "recall": 0.9331103678929766
        },
        "11": {
            "labelled_normal": 0,
            "labelled_malicious": 388,
            "recall": 1.0
        },
        "12": {
            "labelled_normal": 0,
            "labelled_malicious": 396,
            "recall": 1.0
        },
        "13": {
            "labelled_normal": 15,
            "labelled_malicious": 263,
            "recall": 0.9460431654676259
        },
        "14": {
            "labelled_normal": 6,
            "labelled_malicious": 338,
            "recall": 0.9825581395348837
        },
        "15": {
            "labelled_normal": 14,
            "labelled_malicious": 281,
            "recall": 0.9525423728813559
        },
        "16": {
            "labelled_normal": 0,
            "labelled_malicious": 328,
            "recall": 1.0
        },
        "17": {
            "labelled_normal": 0,
            "labelled_malicious": 271,
            "recall": 1.0
        },
        "18": {
            "labelled_normal": 12,
            "labelled_malicious": 435,
            "recall": 0.9731543624161074
        },
        "19": {
            "labelled_normal": 0,
            "labelled_malicious": 335,
            "recall": 1.0
        },
        "20": {
            "labelled_normal": 0,
            "labelled_malicious": 126,
            "recall": 1.0
        },
        "21": {
            "labelled_normal": 0,
            "labelled_malicious": 359,
            "recall": 1.0
        },
        "22": {
            "labelled_normal": 0,
            "labelled_malicious": 339,
            "recall": 1.0
        },
        "23": {
            "labelled_normal": 0,
            "labelled_malicious": 331,
            "recall": 1.0
        },
        "24": {
            "labelled_normal": 9,
            "labelled_malicious": 232,
            "recall": 0.9626556016597511
        },
        "25": {
            "labelled_normal": 9,
            "labelled_malicious": 292,
            "recall": 0.9700996677740864
        },
        "26": {
            "labelled_normal": 4,
            "labelled_malicious": 369,
            "recall": 0.9892761394101877
        },
        "27": {
            "labelled_normal": 10,
            "labelled_malicious": 395,
            "recall": 0.9753086419753086
        },
        "28": {
            "labelled_normal": 12,
            "labelled_malicious": 370,
            "recall": 0.9685863874345549
        },
        "29": {
            "labelled_normal": 2,
            "labelled_malicious": 373,
            "recall": 0.9946666666666667
        },
        "30": {
            "labelled_normal": 54,
            "labelled_malicious": 385,
            "recall": 0.876993166287016
        },
        "31": {
            "labelled_normal": 0,
            "labelled_malicious": 393,
            "recall": 1.0
        },
        "32": {
            "labelled_normal": 0,
            "labelled_malicious": 332,
            "recall": 1.0
        },
        "33": {
            "labelled_normal": 9,
            "labelled_malicious": 311,
            "recall": 0.971875
        },
        "34": {
            "labelled_normal": 11,
            "labelled_malicious": 394,
            "recall": 0.9728395061728395
        },
        "35": {
            "labelled_normal": 18,
            "labelled_malicious": 465,
            "recall": 0.9627329192546584
        }
    },
    "attack_categories": {
        "0": {
            "labelled_normal": 42961,
            "labelled_malicious": 69,
            "recall": 0.9983964675807576
        },
        "1": {
            "labelled_normal": 56,
            "labelled_malicious": 1483,
            "recall": 0.9636127355425601
        },
        "2": {
            "labelled_normal": 73,
            "labelled_malicious": 2596,
            "recall": 0.9726489321843387
        },
        "3": {
            "labelled_normal": 35,
            "labelled_malicious": 1481,
            "recall": 0.9769129287598944
        },
        "4": {
            "labelled_normal": 123,
            "labelled_malicious": 5303,
            "recall": 0.9773313674898636
        },
        "5": {
            "labelled_normal": 0,
            "labelled_malicious": 1033,
            "recall": 1.0
        },
        "6": {
            "labelled_normal": 12,
            "labelled_malicious": 435,
            "recall": 0.9731543624161074
        },
        "7": {
            "labelled_normal": 9,
            "labelled_malicious": 689,
            "recall": 0.9871060171919771
        }
    }
}