{
    "TP": 12440,
    "TN": 42952,
    "FP": 76,
    "FN": 594,
    "accuracy": 0.988048945809996,
    "precision": 0.9939277724512624,
    "recall": 0.9544268835353691,
    "attack_types": {
        "0": {
            "labelled_normal": 42952,
            "labelled_malicious": 76,
            "recall": 0.9982337082829785
        },
        "1": {
            "labelled_normal": 1,
            "labelled_malicious": 389,
            "recall": 0.9974358974358974
        },
        "2": {
            "labelled_normal": 21,
            "labelled_malicious": 255,
            "recall": 0.9239130434782609
        },
        "3": {
            "labelled_normal": 0,
            "labelled_malicious": 360,
            "recall": 1.0
        },
        "4": {
            "labelled_normal": 0,
            "labelled_malicious": 368,
            "recall": 1.0
        },
        "5": {
            "labelled_normal": 318,
            "labelled_malicious": 1098,
            "recall": 0.7754237288135594
        },
        "6": {
            "labelled_normal": 33,
            "labelled_malicious": 391,
            "recall": 0.9221698113207547
        },
        "7": {
            "labelled_normal": 0,
            "labelled_malicious": 327,
            "recall": 1.0
        },
        "8": {
            "labelled_normal": 1,
            "labelled_malicious": 359,
            "recall": 0.9972222222222222
        },
        "9": {
            "labelled_normal": 1,
            "labelled_malicious": 278,
            "recall": 0.996415770609319
        },
        "10": {
            "labelled_normal": 28,
            "labelled_malicious": 289,
            "recall": 0.9116719242902208
        },
        "11": {
            "labelled_normal": 0,
            "labelled_malicious": 349,
            "recall": 1.0
        },
        "12": {
            "labelled_normal": 1,
            "labelled_malicious": 382,
            "recall": 0.9973890339425587
        },
        "13": {
            "labelled_normal": 7,
            "labelled_malicious": 317,
            "recall": 0.9783950617283951
        },
        "14": {
            "labelled_normal": 12,
            "labelled_malicious": 309,
            "recall": 0.9626168224299065
        },
        "15": {
            "labelled_normal": 14,
            "labelled_malicious": 280,
            "recall": 0.9523809523809523
        },
        "16": {
            "labelled_normal": 0,
            "labelled_malicious": 293,
            "recall": 1.0
        },
        "17": {
            "labelled_normal": 0,
            "labelled_malicious": 278,
            "recall": 1.0
        },
        "18": {
            "labelled_normal": 11,
            "labelled_malicious": 397,
            "recall": 0.9730392156862745
        },
        "19": {
            "labelled_normal": 0,
            "labelled_malicious": 310,
            "recall": 1.0
        },
        "20": {
            "labelled_normal": 0,
            "labelled_malicious": 141,
            "recall": 1.0
        },
        "21": {
            "labelled_normal": 0,
            "labelled_malicious": 319,
            "recall": 1.0
        },
        "22": {
            "labelled_normal": 0,
            "labelled_malicious": 317,
            "recall": 1.0
        },
        "23": {
            "labelled_normal": 0,
            "labelled_malicious": 383,
            "recall": 1.0
        },
        "24": {
            "labelled_normal": 7,
            "labelled_malicious": 207,
            "recall": 0.9672897196261683
        },
        "25": {
            "labelled_normal": 7,
            "labelled_malicious": 290,
            "recall": 0.9764309764309764
        },
        "26": {
            "labelled_normal": 5,
            "labelled_malicious": 361,
            "recall": 0.9863387978142076
        },
        "27": {
            "labelled_normal": 14,
            "labelled_malicious": 405,
            "recall": 0.9665871121718377
        },
        "28": {
            "labelled_normal": 17,
            "labelled_malicious": 353,
            "recall": 0.9540540540540541
        },
        "29": {
            "labelled_normal": 4,
            "labelled_malicious": 362,
            "recall": 0.9890710382513661
        },
        "30": {
            "labelled_normal": 45,
            "labelled_malicious": 366,
            "recall": 0.8905109489051095
        },
        "31": {
            "labelled_normal": 0,
            "labelled_malicious": 358,
            "recall": 1.0
        },
        "32": {
            "labelled_normal": 0,
            "labelled_malicious": 416,
            "recall": 1.0
        },
        "33": {
            "labelled_normal": 12,
            "labelled_malicious": 341,
            "recall": 0.9660056657223796
        },
        "34": {
            "labelled_normal": 9,
            "labelled_malicious": 398,
            "recall": 0.9778869778869779
        },
        "35": {
            "labelled_normal": 26,
            "labelled_malicious": 394,
            "recall": 0.9380952380952381
        }
    },
    "attack_categories": {
        "0": {
            "labelled_normal": 42952,
            "labelled_malicious": 76,
            "recall": 0.9982337082829785
        },
        "1": {
            "labelled_normal": 49,
            "labelled_malicious": 1502,
            "recall": 0.968407479045777
        },
        "2": {
            "labelled_normal": 90,
            "labelled_malicious": 2542,
            "recall": 0.96580547112462
        },
        "3": {
            "labelled_normal": 33,
            "labelled_malicious": 1477,
            "recall": 0.9781456953642385
        },
        "4": {
            "labelled_normal": 404,
            "labelled_malicious": 4845,
            "recall": 0.9230329586587922
        },
        "5": {
            "labelled_normal": 0,
            "labelled_malicious": 946,
            "recall": 1.0
        },
        "6": {
            "labelled_normal": 11,
            "labelled_malicious": 397,
            "recall": 0.9730392156862745
        },
        "7": {
            "labelled_normal": 7,
            "labelled_malicious": 731,
            "recall": 0.9905149051490515
        }
    }
}