{
    "TP": 11514,
    "TN": 42807,
    "FP": 58,
    "FN": 2042,
    "accuracy": 0.9627798160259478,
    "precision": 0.9949879018320082,
    "recall": 0.8493655945706698,
    "attack_types": {
        "0": {
            "labelled_normal": 42807,
            "labelled_malicious": 58,
            "recall": 0.998646914732299
        },
        "1": {
            "labelled_normal": 6,
            "labelled_malicious": 372,
            "recall": 0.9841269841269841
        },
        "2": {
            "labelled_normal": 22,
            "labelled_malicious": 269,
            "recall": 0.9243986254295533
        },
        "3": {
            "labelled_normal": 0,
            "labelled_malicious": 295,
            "recall": 1.0
        },
        "4": {
            "labelled_normal": 0,
            "labelled_malicious": 413,
            "recall": 1.0
        },
        "5": {
            "labelled_normal": 6,
            "labelled_malicious": 268,
            "recall": 0.9781021897810219
        },
        "6": {
            "labelled_normal": 43,
            "labelled_malicious": 375,
            "recall": 0.8971291866028708
        },
        "7": {
            "labelled_normal": 0,
            "labelled_malicious": 305,
            "recall": 1.0
        },
        "8": {
            "labelled_normal": 2,
            "labelled_malicious": 348,
            "recall": 0.9942857142857143
        },
        "9": {
            "labelled_normal": 0,
            "labelled_malicious": 300,
            "recall": 1.0
        },
        "10": {
            "labelled_normal": 22,
            "labelled_malicious": 264,
            "recall": 0.9230769230769231
        },
        "11": {
            "labelled_normal": 1717,
            "labelled_malicious": 117,
            "recall": 0.06379498364231188
        },
        "12": {
            "labelled_normal": 0,
            "labelled_malicious": 453,
            "recall": 1.0
        },
        "13": {
            "labelled_normal": 10,
            "labelled_malicious": 309,
            "recall": 0.9686520376175548
        },
        "14": {
            "labelled_normal": 9,
            "labelled_malicious": 332,
            "recall": 0.9736070381231672
        },
        "15": {
            "labelled_normal": 28,
            "labelled_malicious": 309,
            "recall": 0.9169139465875371
        },
        "16": {
            "labelled_normal": 0,
            "labelled_malicious": 341,
            "recall": 1.0
        },
        "17": {
            "labelled_normal": 0,
            "labelled_malicious": 275,
            "recall": 1.0
        },
        "18": {
            "labelled_normal": 23,
            "labelled_malicious": 430,
            "recall": 0.9492273730684326
        },
        "19": {
            "labelled_normal": 0,
            "labelled_malicious": 316,
            "recall": 1.0
        },
        "20": {
            "labelled_normal": 0,
            "labelled_malicious": 145,
            "recall": 1.0
        },
        "21": {
            "labelled_normal": 0,
            "labelled_malicious": 336,
            "recall": 1.0
        },
        "22": {
            "labelled_normal": 0,
            "labelled_malicious": 274,
            "recall": 1.0
        },
        "23": {
            "labelled_normal": 0,
            "labelled_malicious": 453,
            "recall": 1.0
        },
        "24": {
            "labelled_normal": 10,
            "labelled_malicious": 228,
            "recall": 0.957983193277311
        },
        "25": {
            "labelled_normal": 6,
            "labelled_malicious": 266,
            "recall": 0.9779411764705882
        },
        "26": {
            "labelled_normal": 1,
            "labelled_malicious": 395,
            "recall": 0.9974747474747475
        },
        "27": {
            "labelled_normal": 17,
            "labelled_malicious": 391,
            "recall": 0.9583333333333334
        },
        "28": {
            "labelled_normal": 19,
            "labelled_malicious": 345,
            "recall": 0.9478021978021978
        },
        "29": {
            "labelled_normal": 2,
            "labelled_malicious": 363,
            "recall": 0.9945205479452055
        },
        "30": {
            "labelled_normal": 50,
            "labelled_malicious": 381,
            "recall": 0.8839907192575406
        },
        "31": {
            "labelled_normal": 0,
            "labelled_malicious": 354,
            "recall": 1.0
        },
        "32": {
            "labelled_normal": 0,
            "labelled_malicious": 386,
            "recall": 1.0
        },
        "33": {
            "labelled_normal": 11,
            "labelled_malicious": 297,
            "recall": 0.9642857142857143
        },
        "34": {
            "labelled_normal": 13,
            "labelled_malicious": 401,
            "recall": 0.9685990338164251
        },
        "35": {
            "labelled_normal": 25,
            "labelled_malicious": 408,
            "recall": 0.9422632794457275
        }
    },
    "attack_categories": {
        "0": {
            "labelled_normal": 42807,
            "labelled_malicious": 58,
            "recall": 0.998646914732299
        },
        "1": {
            "labelled_normal": 52,
            "labelled_malicious": 1484,
            "recall": 0.9661458333333334
        },
        "2": {
            "labelled_normal": 92,
            "labelled_malicious": 2503,
            "recall": 0.9645472061657033
        },
        "3": {
            "labelled_normal": 47,
            "labelled_malicious": 1566,
            "recall": 0.9708617482951023
        },
        "4": {
            "labelled_normal": 1818,
            "labelled_malicious": 3779,
            "recall": 0.6751831338216902
        },
        "5": {
            "labelled_normal": 0,
            "labelled_malicious": 926,
            "recall": 1.0
        },
        "6": {
            "labelled_normal": 23,
            "labelled_malicious": 430,
            "recall": 0.9492273730684326
        },
        "7": {
            "labelled_normal": 10,
            "labelled_malicious": 826,
            "recall": 0.9880382775119617
        }
    }
}