{
    "TP": 11737,
    "TN": 42956,
    "FP": 72,
    "FN": 1316,
    "accuracy": 0.9752500846989176,
    "precision": 0.9939029553730205,
    "recall": 0.8991802650731633,
    "attack_types": {
        "0": {
            "labelled_normal": 42956,
            "labelled_malicious": 72,
            "recall": 0.998326671004927
        },
        "1": {
            "labelled_normal": 1,
            "labelled_malicious": 389,
            "recall": 0.9974358974358974
        },
        "2": {
            "labelled_normal": 23,
            "labelled_malicious": 253,
            "recall": 0.9166666666666666
        },
        "3": {
            "labelled_normal": 0,
            "labelled_malicious": 360,
            "recall": 1.0
        },
        "4": {
            "labelled_normal": 0,
            "labelled_malicious": 368,
            "recall": 1.0
        },
        "5": {
            "labelled_normal": 0,
            "labelled_malicious": 278,
            "recall": 1.0
        },
        "6": {
            "labelled_normal": 35,
            "labelled_malicious": 389,
            "recall": 0.9174528301886793
        },
        "7": {
            "labelled_normal": 0,
            "labelled_malicious": 327,
            "recall": 1.0
        },
        "8": {
            "labelled_normal": 0,
            "labelled_malicious": 360,
            "recall": 1.0
        },
        "9": {
            "labelled_normal": 3,
            "labelled_malicious": 276,
            "recall": 0.989247311827957
        },
        "10": {
            "labelled_normal": 1056,
            "labelled_malicious": 418,
            "recall": 0.2835820895522388
        },
        "11": {
            "labelled_normal": 2,
            "labelled_malicious": 347,
            "recall": 0.994269340974212
        },
        "12": {
            "labelled_normal": 0,
            "labelled_malicious": 383,
            "recall": 1.0
        },
        "13": {
            "labelled_normal": 6,
            "labelled_malicious": 318,
            "recall": 0.9814814814814815
        },
        "14": {
            "labelled_normal": 14,
            "labelled_malicious": 307,
            "recall": 0.956386292834891
        },
        "15": {
            "labelled_normal": 11,
            "labelled_malicious": 283,
            "recall": 0.9625850340136054
        },
        "16": {
            "labelled_normal": 0,
            "labelled_malicious": 293,
            "recall": 1.0
        },
        "17": {
            "labelled_normal": 0,
            "labelled_malicious": 278,
            "recall": 1.0
        },
        "18": {
            "labelled_normal": 10,
            "labelled_malicious": 398,
            "recall": 0.9754901960784313
        },
        "19": {
            "labelled_normal": 0,
            "labelled_malicious": 310,
            "recall": 1.0
        },
        "20": {
            "labelled_normal": 0,
            "labelled_malicious": 141,
            "recall": 1.0
        },
        "21": {
            "labelled_normal": 0,
            "labelled_malicious": 319,
            "recall": 1.0
        },
        "22": {
            "labelled_normal": 0,
            "labelled_malicious": 317,
            "recall": 1.0
        },
        "23": {
            "labelled_normal": 0,
            "labelled_malicious": 383,
            "recall": 1.0
        },
        "24": {
            "labelled_normal": 7,
            "labelled_malicious": 207,
            "recall": 0.9672897196261683
        },
        "25": {
            "labelled_normal": 7,
            "labelled_malicious": 290,
            "recall": 0.9764309764309764
        },
        "26": {
            "labelled_normal": 5,
            "labelled_malicious": 361,
            "recall": 0.9863387978142076
        },
        "27": {
            "labelled_normal": 15,
            "labelled_malicious": 404,
            "recall": 0.964200477326969
        },
        "28": {
            "labelled_normal": 17,
            "labelled_malicious": 353,
            "recall": 0.9540540540540541
        },
        "29": {
            "labelled_normal": 4,
            "labelled_malicious": 362,
            "recall": 0.9890710382513661
        },
        "30": {
            "labelled_normal": 49,
            "labelled_malicious": 362,
            "recall": 0.8807785888077859
        },
        "31": {
            "labelled_normal": 0,
            "labelled_malicious": 358,
            "recall": 1.0
        },
        "32": {
            "labelled_normal": 0,
            "labelled_malicious": 416,
            "recall": 1.0
        },
        "33": {
            "labelled_normal": 10,
            "labelled_malicious": 343,
            "recall": 0.9716713881019831
        },
        "34": {
            "labelled_normal": 16,
            "labelled_malicious": 391,
            "recall": 0.9606879606879607
        },
        "35": {
            "labelled_normal": 25,
            "labelled_malicious": 395,
            "recall": 0.9404761904761905
        }
    },
    "attack_categories": {
        "0": {
            "labelled_normal": 42956,
            "labelled_malicious": 72,
            "recall": 0.998326671004927
        },
        "1": {
            "labelled_normal": 53,
            "labelled_malicious": 1498,
            "recall": 0.9658284977433914
        },
        "2": {
            "labelled_normal": 95,
            "labelled_malicious": 2537,
            "recall": 0.9639057750759878
        },
        "3": {
            "labelled_normal": 31,
            "labelled_malicious": 1479,
            "recall": 0.9794701986754967
        },
        "4": {
            "labelled_normal": 1120,
            "labelled_malicious": 4148,
            "recall": 0.7873955960516325
        },
        "5": {
            "labelled_normal": 0,
            "labelled_malicious": 946,
            "recall": 1.0
        },
        "6": {
            "labelled_normal": 10,
            "labelled_malicious": 398,
            "recall": 0.9754901960784313
        },
        "7": {
            "labelled_normal": 7,
            "labelled_malicious": 731,
            "recall": 0.9905149051490515
        }
    }
}