{
    "TP": 12392,
    "TN": 42754,
    "FP": 86,
    "FN": 846,
    "accuracy": 0.9833802917365099,
    "precision": 0.9931078698509377,
    "recall": 0.9360930654177368,
    "attack_types": {
        "0": {
            "labelled_normal": 42754,
            "labelled_malicious": 86,
            "recall": 0.9979925303454715
        },
        "1": {
            "labelled_normal": 2,
            "labelled_malicious": 382,
            "recall": 0.9947916666666666
        },
        "2": {
            "labelled_normal": 574,
            "labelled_malicious": 886,
            "recall": 0.6068493150684932
        },
        "3": {
            "labelled_normal": 0,
            "labelled_malicious": 346,
            "recall": 1.0
        },
        "4": {
            "labelled_normal": 0,
            "labelled_malicious": 425,
            "recall": 1.0
        },
        "5": {
            "labelled_normal": 1,
            "labelled_malicious": 292,
            "recall": 0.9965870307167235
        },
        "6": {
            "labelled_normal": 31,
            "labelled_malicious": 349,
            "recall": 0.9184210526315789
        },
        "7": {
            "labelled_normal": 0,
            "labelled_malicious": 296,
            "recall": 1.0
        },
        "8": {
            "labelled_normal": 0,
            "labelled_malicious": 369,
            "recall": 1.0
        },
        "9": {
            "labelled_normal": 7,
            "labelled_malicious": 301,
            "recall": 0.9772727272727273
        },
        "10": {
            "labelled_normal": 15,
            "labelled_malicious": 261,
            "recall": 0.9456521739130435
        },
        "11": {
            "labelled_normal": 0,
            "labelled_malicious": 397,
            "recall": 1.0
        },
        "12": {
            "labelled_normal": 0,
            "labelled_malicious": 380,
            "recall": 1.0
        },
        "13": {
            "labelled_normal": 4,
            "labelled_malicious": 310,
            "recall": 0.9872611464968153
        },
        "14": {
            "labelled_normal": 15,
            "labelled_malicious": 297,
            "recall": 0.9519230769230769
        },
        "15": {
            "labelled_normal": 24,
            "labelled_malicious": 288,
            "recall": 0.9230769230769231
        },
        "16": {
            "labelled_normal": 0,
            "labelled_malicious": 336,
            "recall": 1.0
        },
        "17": {
            "labelled_normal": 0,
            "labelled_malicious": 283,
            "recall": 1.0
        },
        "18": {
            "labelled_normal": 8,
            "labelled_malicious": 420,
            "recall": 0.9813084112149533
        },
        "19": {
            "labelled_normal": 0,
            "labelled_malicious": 340,
            "recall": 1.0
        },
        "20": {
            "labelled_normal": 0,
            "labelled_malicious": 121,
            "recall": 1.0
        },
        "21": {
            "labelled_normal": 0,
            "labelled_malicious": 364,
            "recall": 1.0
        },
        "22": {
            "labelled_normal": 0,
            "labelled_malicious": 293,
            "recall": 1.0
        },
        "23": {
            "labelled_normal": 0,
            "labelled_malicious": 424,
            "recall": 1.0
        },
        "24": {
            "labelled_normal": 4,
            "labelled_malicious": 252,
            "recall": 0.984375
        },
        "25": {
            "labelled_normal": 8,
            "labelled_malicious": 287,
            "recall": 0.9728813559322034
        },
        "26": {
            "labelled_normal": 2,
            "labelled_malicious": 328,
            "recall": 0.9939393939393939
        },
        "27": {
            "labelled_normal": 11,
            "labelled_malicious": 390,
            "recall": 0.972568578553616
        },
        "28": {
            "labelled_normal": 23,
            "labelled_malicious": 383,
            "recall": 0.9433497536945813
        },
        "29": {
            "labelled_normal": 3,
            "labelled_malicious": 354,
            "recall": 0.9915966386554622
        },
        "30": {
            "labelled_normal": 64,
            "labelled_malicious": 382,
            "recall": 0.8565022421524664
        },
        "31": {
            "labelled_normal": 0,
            "labelled_malicious": 396,
            "recall": 1.0
        },
        "32": {
            "labelled_normal": 0,
            "labelled_malicious": 369,
            "recall": 1.0
        },
        "33": {
            "labelled_normal": 13,
            "labelled_malicious": 293,
            "recall": 0.9575163398692811
        },
        "34": {
            "labelled_normal": 18,
            "labelled_malicious": 386,
            "recall": 0.9554455445544554
        },
        "35": {
            "labelled_normal": 19,
            "labelled_malicious": 412,
            "recall": 0.9559164733178654
        }
    },
    "attack_categories": {
        "0": {
            "labelled_normal": 42754,
            "labelled_malicious": 86,
            "recall": 0.9979925303454715
        },
        "1": {
            "labelled_normal": 67,
            "labelled_malicious": 1501,
            "recall": 0.9572704081632653
        },
        "2": {
            "labelled_normal": 94,
            "labelled_malicious": 2479,
            "recall": 0.9634667703070345
        },
        "3": {
            "labelled_normal": 43,
            "labelled_malicious": 1514,
            "recall": 0.9723827874116892
        },
        "4": {
            "labelled_normal": 630,
            "labelled_malicious": 4684,
            "recall": 0.8814452389913436
        },
        "5": {
            "labelled_normal": 0,
            "labelled_malicious": 997,
            "recall": 1.0
        },
        "6": {
            "labelled_normal": 8,
            "labelled_malicious": 420,
            "recall": 0.9813084112149533
        },
        "7": {
            "labelled_normal": 4,
            "labelled_malicious": 797,
            "recall": 0.9950062421972534
        }
    }
}