{
    "TP": 12387,
    "TN": 42817,
    "FP": 48,
    "FN": 841,
    "accuracy": 0.9841513201290714,
    "precision": 0.9961399276236429,
    "recall": 0.9364227396431811,
    "attack_types": {
        "0": {
            "labelled_normal": 42817,
            "labelled_malicious": 48,
            "recall": 0.9988802052956958
        },
        "1": {
            "labelled_normal": 6,
            "labelled_malicious": 372,
            "recall": 0.9841269841269841
        },
        "2": {
            "labelled_normal": 554,
            "labelled_malicious": 906,
            "recall": 0.6205479452054794
        },
        "3": {
            "labelled_normal": 0,
            "labelled_malicious": 295,
            "recall": 1.0
        },
        "4": {
            "labelled_normal": 0,
            "labelled_malicious": 413,
            "recall": 1.0
        },
        "5": {
            "labelled_normal": 6,
            "labelled_malicious": 268,
            "recall": 0.9781021897810219
        },
        "6": {
            "labelled_normal": 42,
            "labelled_malicious": 376,
            "recall": 0.8995215311004785
        },
        "7": {
            "labelled_normal": 0,
            "labelled_malicious": 305,
            "recall": 1.0
        },
        "8": {
            "labelled_normal": 1,
            "labelled_malicious": 349,
            "recall": 0.9971428571428571
        },
        "9": {
            "labelled_normal": 0,
            "labelled_malicious": 300,
            "recall": 1.0
        },
        "10": {
            "labelled_normal": 26,
            "labelled_malicious": 260,
            "recall": 0.9090909090909091
        },
        "11": {
            "labelled_normal": 0,
            "labelled_malicious": 337,
            "recall": 1.0
        },
        "12": {
            "labelled_normal": 0,
            "labelled_malicious": 453,
            "recall": 1.0
        },
        "13": {
            "labelled_normal": 10,
            "labelled_malicious": 309,
            "recall": 0.9686520376175548
        },
        "14": {
            "labelled_normal": 9,
            "labelled_malicious": 332,
            "recall": 0.9736070381231672
        },
        "15": {
            "labelled_normal": 27,
            "labelled_malicious": 310,
            "recall": 0.9198813056379822
        },
        "16": {
            "labelled_normal": 0,
            "labelled_malicious": 341,
            "recall": 1.0
        },
        "17": {
            "labelled_normal": 0,
            "labelled_malicious": 275,
            "recall": 1.0
        },
        "18": {
            "labelled_normal": 22,
            "labelled_malicious": 431,
            "recall": 0.9514348785871964
        },
        "19": {
            "labelled_normal": 0,
            "labelled_malicious": 316,
            "recall": 1.0
        },
        "20": {
            "labelled_normal": 0,
            "labelled_malicious": 145,
            "recall": 1.0
        },
        "21": {
            "labelled_normal": 0,
            "labelled_malicious": 336,
            "recall": 1.0
        },
        "22": {
            "labelled_normal": 0,
            "labelled_malicious": 274,
            "recall": 1.0
        },
        "23": {
            "labelled_normal": 0,
            "labelled_malicious": 453,
            "recall": 1.0
        },
        "24": {
            "labelled_normal": 10,
            "labelled_malicious": 228,
            "recall": 0.957983193277311
        },
        "25": {
            "labelled_normal": 5,
            "labelled_malicious": 267,
            "recall": 0.9816176470588235
        },
        "26": {
            "labelled_normal": 1,
            "labelled_malicious": 395,
            "recall": 0.9974747474747475
        },
        "27": {
            "labelled_normal": 16,
            "labelled_malicious": 392,
            "recall": 0.9607843137254902
        },
        "28": {
            "labelled_normal": 18,
            "labelled_malicious": 346,
            "recall": 0.9505494505494505
        },
        "29": {
            "labelled_normal": 2,
            "labelled_malicious": 363,
            "recall": 0.9945205479452055
        },
        "30": {
            "labelled_normal": 46,
            "labelled_malicious": 385,
            "recall": 0.8932714617169374
        },
        "31": {
            "labelled_normal": 0,
            "labelled_malicious": 354,
            "recall": 1.0
        },
        "32": {
            "labelled_normal": 0,
            "labelled_malicious": 386,
            "recall": 1.0
        },
        "33": {
            "labelled_normal": 8,
            "labelled_malicious": 300,
            "recall": 0.974025974025974
        },
        "34": {
            "labelled_normal": 10,
            "labelled_malicious": 404,
            "recall": 0.9758454106280193
        },
        "35": {
            "labelled_normal": 22,
            "labelled_malicious": 411,
            "recall": 0.9491916859122402
        }
    },
    "attack_categories": {
        "0": {
            "labelled_normal": 42817,
            "labelled_malicious": 48,
            "recall": 0.9988802052956958
        },
        "1": {
            "labelled_normal": 48,
            "labelled_malicious": 1488,
            "recall": 0.96875
        },
        "2": {
            "labelled_normal": 80,
            "labelled_malicious": 2515,
            "recall": 0.9691714836223507
        },
        "3": {
            "labelled_normal": 46,
            "labelled_malicious": 1567,
            "recall": 0.9714817110973342
        },
        "4": {
            "labelled_normal": 635,
            "labelled_malicious": 4634,
            "recall": 0.8794837730119567
        },
        "5": {
            "labelled_normal": 0,
            "labelled_malicious": 926,
            "recall": 1.0
        },
        "6": {
            "labelled_normal": 22,
            "labelled_malicious": 431,
            "recall": 0.9514348785871964
        },
        "7": {
            "labelled_normal": 10,
            "labelled_malicious": 826,
            "recall": 0.9880382775119617
        }
    }
}