{
    "TP": 13004,
    "TN": 42813,
    "FP": 52,
    "FN": 323,
    "accuracy": 0.9933264521640092,
    "precision": 0.9960171568627451,
    "recall": 0.9757634876566369,
    "attack_types": {
        "0": {
            "labelled_normal": 42813,
            "labelled_malicious": 52,
            "recall": 0.9987868890703371
        },
        "1": {
            "labelled_normal": 6,
            "labelled_malicious": 372,
            "recall": 0.9841269841269841
        },
        "2": {
            "labelled_normal": 26,
            "labelled_malicious": 265,
            "recall": 0.9106529209621993
        },
        "3": {
            "labelled_normal": 0,
            "labelled_malicious": 295,
            "recall": 1.0
        },
        "4": {
            "labelled_normal": 0,
            "labelled_malicious": 413,
            "recall": 1.0
        },
        "5": {
            "labelled_normal": 6,
            "labelled_malicious": 268,
            "recall": 0.9781021897810219
        },
        "6": {
            "labelled_normal": 44,
            "labelled_malicious": 374,
            "recall": 0.8947368421052632
        },
        "7": {
            "labelled_normal": 0,
            "labelled_malicious": 305,
            "recall": 1.0
        },
        "8": {
            "labelled_normal": 2,
            "labelled_malicious": 348,
            "recall": 0.9942857142857143
        },
        "9": {
            "labelled_normal": 0,
            "labelled_malicious": 300,
            "recall": 1.0
        },
        "10": {
            "labelled_normal": 26,
            "labelled_malicious": 260,
            "recall": 0.9090909090909091
        },
        "11": {
            "labelled_normal": 0,
            "labelled_malicious": 337,
            "recall": 1.0
        },
        "12": {
            "labelled_normal": 0,
            "labelled_malicious": 453,
            "recall": 1.0
        },
        "13": {
            "labelled_normal": 10,
            "labelled_malicious": 309,
            "recall": 0.9686520376175548
        },
        "14": {
            "labelled_normal": 10,
            "labelled_malicious": 331,
            "recall": 0.9706744868035191
        },
        "15": {
            "labelled_normal": 26,
            "labelled_malicious": 311,
            "recall": 0.9228486646884273
        },
        "16": {
            "labelled_normal": 0,
            "labelled_malicious": 341,
            "recall": 1.0
        },
        "17": {
            "labelled_normal": 0,
            "labelled_malicious": 275,
            "recall": 1.0
        },
        "18": {
            "labelled_normal": 19,
            "labelled_malicious": 434,
            "recall": 0.9580573951434879
        },
        "19": {
            "labelled_normal": 0,
            "labelled_malicious": 316,
            "recall": 1.0
        },
        "20": {
            "labelled_normal": 0,
            "labelled_malicious": 145,
            "recall": 1.0
        },
        "21": {
            "labelled_normal": 0,
            "labelled_malicious": 336,
            "recall": 1.0
        },
        "22": {
            "labelled_normal": 0,
            "labelled_malicious": 1542,
            "recall": 1.0
        },
        "23": {
            "labelled_normal": 0,
            "labelled_malicious": 453,
            "recall": 1.0
        },
        "24": {
            "labelled_normal": 10,
            "labelled_malicious": 228,
            "recall": 0.957983193277311
        },
        "25": {
            "labelled_normal": 7,
            "labelled_malicious": 265,
            "recall": 0.9742647058823529
        },
        "26": {
            "labelled_normal": 1,
            "labelled_malicious": 395,
            "recall": 0.9974747474747475
        },
        "27": {
            "labelled_normal": 21,
            "labelled_malicious": 387,
            "recall": 0.9485294117647058
        },
        "28": {
            "labelled_normal": 19,
            "labelled_malicious": 345,
            "recall": 0.9478021978021978
        },
        "29": {
            "labelled_normal": 2,
            "labelled_malicious": 363,
            "recall": 0.9945205479452055
        },
        "30": {
            "labelled_normal": 43,
            "labelled_malicious": 388,
            "recall": 0.9002320185614849
        },
        "31": {
            "labelled_normal": 0,
            "labelled_malicious": 354,
            "recall": 1.0
        },
        "32": {
            "labelled_normal": 0,
            "labelled_malicious": 386,
            "recall": 1.0
        },
        "33": {
            "labelled_normal": 10,
            "labelled_malicious": 298,
            "recall": 0.9675324675324676
        },
        "34": {
            "labelled_normal": 12,
            "labelled_malicious": 402,
            "recall": 0.9710144927536232
        },
        "35": {
            "labelled_normal": 23,
            "labelled_malicious": 410,
            "recall": 0.9468822170900693
        }
    },
    "attack_categories": {
        "0": {
            "labelled_normal": 42813,
            "labelled_malicious": 52,
            "recall": 0.9987868890703371
        },
        "1": {
            "labelled_normal": 45,
            "labelled_malicious": 1491,
            "recall": 0.970703125
        },
        "2": {
            "labelled_normal": 93,
            "labelled_malicious": 2502,
            "recall": 0.9641618497109826
        },
        "3": {
            "labelled_normal": 46,
            "labelled_malicious": 1567,
            "recall": 0.9714817110973342
        },
        "4": {
            "labelled_normal": 110,
            "labelled_malicious": 3990,
            "recall": 0.973170731707317
        },
        "5": {
            "labelled_normal": 0,
            "labelled_malicious": 2194,
            "recall": 1.0
        },
        "6": {
            "labelled_normal": 19,
            "labelled_malicious": 434,
            "recall": 0.9580573951434879
        },
        "7": {
            "labelled_normal": 10,
            "labelled_malicious": 826,
            "recall": 0.9880382775119617
        }
    }
}