{
    "TP": 12807,
    "TN": 42954,
    "FP": 74,
    "FN": 491,
    "accuracy": 0.9899691084046444,
    "precision": 0.9942551044173589,
    "recall": 0.9630771544593172,
    "attack_types": {
        "0": {
            "labelled_normal": 42954,
            "labelled_malicious": 74,
            "recall": 0.9982801896439528
        },
        "1": {
            "labelled_normal": 201,
            "labelled_malicious": 1591,
            "recall": 0.8878348214285714
        },
        "2": {
            "labelled_normal": 20,
            "labelled_malicious": 256,
            "recall": 0.927536231884058
        },
        "3": {
            "labelled_normal": 0,
            "labelled_malicious": 360,
            "recall": 1.0
        },
        "4": {
            "labelled_normal": 0,
            "labelled_malicious": 368,
            "recall": 1.0
        },
        "5": {
            "labelled_normal": 2,
            "labelled_malicious": 276,
            "recall": 0.9928057553956835
        },
        "6": {
            "labelled_normal": 33,
            "labelled_malicious": 391,
            "recall": 0.9221698113207547
        },
        "7": {
            "labelled_normal": 0,
            "labelled_malicious": 327,
            "recall": 1.0
        },
        "8": {
            "labelled_normal": 0,
            "labelled_malicious": 360,
            "recall": 1.0
        },
        "9": {
            "labelled_normal": 3,
            "labelled_malicious": 276,
            "recall": 0.989247311827957
        },
        "10": {
            "labelled_normal": 30,
            "labelled_malicious": 287,
            "recall": 0.9053627760252366
        },
        "11": {
            "labelled_normal": 0,
            "labelled_malicious": 349,
            "recall": 1.0
        },
        "12": {
            "labelled_normal": 0,
            "labelled_malicious": 383,
            "recall": 1.0
        },
        "13": {
            "labelled_normal": 11,
            "labelled_malicious": 313,
            "recall": 0.9660493827160493
        },
        "14": {
            "labelled_normal": 13,
            "labelled_malicious": 308,
            "recall": 0.9595015576323987
        },
        "15": {
            "labelled_normal": 14,
            "labelled_malicious": 280,
            "recall": 0.9523809523809523
        },
        "16": {
            "labelled_normal": 0,
            "labelled_malicious": 293,
            "recall": 1.0
        },
        "17": {
            "labelled_normal": 0,
            "labelled_malicious": 278,
            "recall": 1.0
        },
        "18": {
            "labelled_normal": 10,
            "labelled_malicious": 398,
            "recall": 0.9754901960784313
        },
        "19": {
            "labelled_normal": 0,
            "labelled_malicious": 310,
            "recall": 1.0
        },
        "20": {
            "labelled_normal": 0,
            "labelled_malicious": 141,
            "recall": 1.0
        },
        "21": {
            "labelled_normal": 0,
            "labelled_malicious": 319,
            "recall": 1.0
        },
        "22": {
            "labelled_normal": 0,
            "labelled_malicious": 317,
            "recall": 1.0
        },
        "23": {
            "labelled_normal": 0,
            "labelled_malicious": 383,
            "recall": 1.0
        },
        "24": {
            "labelled_normal": 7,
            "labelled_malicious": 207,
            "recall": 0.9672897196261683
        },
        "25": {
            "labelled_normal": 8,
            "labelled_malicious": 289,
            "recall": 0.9730639730639731
        },
        "26": {
            "labelled_normal": 4,
            "labelled_malicious": 362,
            "recall": 0.9890710382513661
        },
        "27": {
            "labelled_normal": 14,
            "labelled_malicious": 405,
            "recall": 0.9665871121718377
        },
        "28": {
            "labelled_normal": 19,
            "labelled_malicious": 351,
            "recall": 0.9486486486486486
        },
        "29": {
            "labelled_normal": 4,
            "labelled_malicious": 362,
            "recall": 0.9890710382513661
        },
        "30": {
            "labelled_normal": 48,
            "labelled_malicious": 363,
            "recall": 0.8832116788321168
        },
        "31": {
            "labelled_normal": 0,
            "labelled_malicious": 358,
            "recall": 1.0
        },
        "32": {
            "labelled_normal": 0,
            "labelled_malicious": 416,
            "recall": 1.0
        },
        "33": {
            "labelled_normal": 9,
            "labelled_malicious": 344,
            "recall": 0.9745042492917847
        },
        "34": {
            "labelled_normal": 14,
            "labelled_malicious": 393,
            "recall": 0.9656019656019657
        },
        "35": {
            "labelled_normal": 27,
            "labelled_malicious": 393,
            "recall": 0.9357142857142857
        }
    },
    "attack_categories": {
        "0": {
            "labelled_normal": 42954,
            "labelled_malicious": 74,
            "recall": 0.9982801896439528
        },
        "1": {
            "labelled_normal": 52,
            "labelled_malicious": 1499,
            "recall": 0.9664732430689877
        },
        "2": {
            "labelled_normal": 95,
            "labelled_malicious": 2537,
            "recall": 0.9639057750759878
        },
        "3": {
            "labelled_normal": 38,
            "labelled_malicious": 1472,
            "recall": 0.9748344370860927
        },
        "4": {
            "labelled_normal": 289,
            "labelled_malicious": 5224,
            "recall": 0.9475784509341556
        },
        "5": {
            "labelled_normal": 0,
            "labelled_malicious": 946,
            "recall": 1.0
        },
        "6": {
            "labelled_normal": 10,
            "labelled_malicious": 398,
            "recall": 0.9754901960784313
        },
        "7": {
            "labelled_normal": 7,
            "labelled_malicious": 731,
            "recall": 0.9905149051490515
        }
    }
}