{
    "TP": 13056,
    "TN": 42816,
    "FP": 49,
    "FN": 497,
    "accuracy": 0.9903222375837498,
    "precision": 0.996260969095765,
    "recall": 0.9633291522172213,
    "attack_types": {
        "0": {
            "labelled_normal": 42816,
            "labelled_malicious": 49,
            "recall": 0.9988568762393562
        },
        "1": {
            "labelled_normal": 6,
            "labelled_malicious": 372,
            "recall": 0.9841269841269841
        },
        "2": {
            "labelled_normal": 23,
            "labelled_malicious": 268,
            "recall": 0.9209621993127147
        },
        "3": {
            "labelled_normal": 0,
            "labelled_malicious": 295,
            "recall": 1.0
        },
        "4": {
            "labelled_normal": 0,
            "labelled_malicious": 413,
            "recall": 1.0
        },
        "5": {
            "labelled_normal": 5,
            "labelled_malicious": 269,
            "recall": 0.9817518248175182
        },
        "6": {
            "labelled_normal": 45,
            "labelled_malicious": 373,
            "recall": 0.8923444976076556
        },
        "7": {
            "labelled_normal": 0,
            "labelled_malicious": 305,
            "recall": 1.0
        },
        "8": {
            "labelled_normal": 2,
            "labelled_malicious": 348,
            "recall": 0.9942857142857143
        },
        "9": {
            "labelled_normal": 0,
            "labelled_malicious": 300,
            "recall": 1.0
        },
        "10": {
            "labelled_normal": 26,
            "labelled_malicious": 260,
            "recall": 0.9090909090909091
        },
        "11": {
            "labelled_normal": 0,
            "labelled_malicious": 337,
            "recall": 1.0
        },
        "12": {
            "labelled_normal": 0,
            "labelled_malicious": 453,
            "recall": 1.0
        },
        "13": {
            "labelled_normal": 9,
            "labelled_malicious": 310,
            "recall": 0.9717868338557993
        },
        "14": {
            "labelled_normal": 9,
            "labelled_malicious": 332,
            "recall": 0.9736070381231672
        },
        "15": {
            "labelled_normal": 27,
            "labelled_malicious": 310,
            "recall": 0.9198813056379822
        },
        "16": {
            "labelled_normal": 3,
            "labelled_malicious": 338,
            "recall": 0.9912023460410557
        },
        "17": {
            "labelled_normal": 0,
            "labelled_malicious": 275,
            "recall": 1.0
        },
        "18": {
            "labelled_normal": 21,
            "labelled_malicious": 432,
            "recall": 0.9536423841059603
        },
        "19": {
            "labelled_normal": 0,
            "labelled_malicious": 316,
            "recall": 1.0
        },
        "20": {
            "labelled_normal": 0,
            "labelled_malicious": 145,
            "recall": 1.0
        },
        "21": {
            "labelled_normal": 0,
            "labelled_malicious": 336,
            "recall": 1.0
        },
        "22": {
            "labelled_normal": 0,
            "labelled_malicious": 274,
            "recall": 1.0
        },
        "23": {
            "labelled_normal": 0,
            "labelled_malicious": 453,
            "recall": 1.0
        },
        "24": {
            "labelled_normal": 10,
            "labelled_malicious": 228,
            "recall": 0.957983193277311
        },
        "25": {
            "labelled_normal": 7,
            "labelled_malicious": 265,
            "recall": 0.9742647058823529
        },
        "26": {
            "labelled_normal": 1,
            "labelled_malicious": 395,
            "recall": 0.9974747474747475
        },
        "27": {
            "labelled_normal": 25,
            "labelled_malicious": 383,
            "recall": 0.9387254901960784
        },
        "28": {
            "labelled_normal": 184,
            "labelled_malicious": 1674,
            "recall": 0.9009687836383208
        },
        "29": {
            "labelled_normal": 2,
            "labelled_malicious": 363,
            "recall": 0.9945205479452055
        },
        "30": {
            "labelled_normal": 41,
            "labelled_malicious": 390,
            "recall": 0.9048723897911833
        },
        "31": {
            "labelled_normal": 0,
            "labelled_malicious": 354,
            "recall": 1.0
        },
        "32": {
            "labelled_normal": 0,
            "labelled_malicious": 386,
            "recall": 1.0
        },
        "33": {
            "labelled_normal": 13,
            "labelled_malicious": 295,
            "recall": 0.9577922077922078
        },
        "34": {
            "labelled_normal": 12,
            "labelled_malicious": 402,
            "recall": 0.9710144927536232
        },
        "35": {
            "labelled_normal": 26,
            "labelled_malicious": 407,
            "recall": 0.9399538106235565
        }
    },
    "attack_categories": {
        "0": {
            "labelled_normal": 42816,
            "labelled_malicious": 49,
            "recall": 0.9988568762393562
        },
        "1": {
            "labelled_normal": 43,
            "labelled_malicious": 1493,
            "recall": 0.9720052083333334
        },
        "2": {
            "labelled_normal": 268,
            "labelled_malicious": 3821,
            "recall": 0.9344583027635118
        },
        "3": {
            "labelled_normal": 48,
            "labelled_malicious": 1565,
            "recall": 0.9702417854928704
        },
        "4": {
            "labelled_normal": 107,
            "labelled_malicious": 3993,
            "recall": 0.9739024390243902
        },
        "5": {
            "labelled_normal": 0,
            "labelled_malicious": 926,
            "recall": 1.0
        },
        "6": {
            "labelled_normal": 21,
            "labelled_malicious": 432,
            "recall": 0.9536423841059603
        },
        "7": {
            "labelled_normal": 10,
            "labelled_malicious": 826,
            "recall": 0.9880382775119617
        }
    }
}