{
    "TP": 12019,
    "TN": 42950,
    "FP": 78,
    "FN": 1242,
    "accuracy": 0.976549592282684,
    "precision": 0.99355212036042,
    "recall": 0.9063419048337229,
    "attack_types": {
        "0": {
            "labelled_normal": 42950,
            "labelled_malicious": 78,
            "recall": 0.9981872269220042
        },
        "1": {
            "labelled_normal": 1,
            "labelled_malicious": 389,
            "recall": 0.9974358974358974
        },
        "2": {
            "labelled_normal": 22,
            "labelled_malicious": 254,
            "recall": 0.9202898550724637
        },
        "3": {
            "labelled_normal": 0,
            "labelled_malicious": 360,
            "recall": 1.0
        },
        "4": {
            "labelled_normal": 0,
            "labelled_malicious": 368,
            "recall": 1.0
        },
        "5": {
            "labelled_normal": 0,
            "labelled_malicious": 278,
            "recall": 1.0
        },
        "6": {
            "labelled_normal": 32,
            "labelled_malicious": 392,
            "recall": 0.9245283018867925
        },
        "7": {
            "labelled_normal": 0,
            "labelled_malicious": 327,
            "recall": 1.0
        },
        "8": {
            "labelled_normal": 1,
            "labelled_malicious": 359,
            "recall": 0.9972222222222222
        },
        "9": {
            "labelled_normal": 4,
            "labelled_malicious": 275,
            "recall": 0.985663082437276
        },
        "10": {
            "labelled_normal": 32,
            "labelled_malicious": 285,
            "recall": 0.8990536277602523
        },
        "11": {
            "labelled_normal": 0,
            "labelled_malicious": 349,
            "recall": 1.0
        },
        "12": {
            "labelled_normal": 0,
            "labelled_malicious": 383,
            "recall": 1.0
        },
        "13": {
            "labelled_normal": 9,
            "labelled_malicious": 315,
            "recall": 0.9722222222222222
        },
        "14": {
            "labelled_normal": 12,
            "labelled_malicious": 309,
            "recall": 0.9626168224299065
        },
        "15": {
            "labelled_normal": 11,
            "labelled_malicious": 283,
            "recall": 0.9625850340136054
        },
        "16": {
            "labelled_normal": 951,
            "labelled_malicious": 707,
            "recall": 0.4264173703256936
        },
        "17": {
            "labelled_normal": 1,
            "labelled_malicious": 277,
            "recall": 0.9964028776978417
        },
        "18": {
            "labelled_normal": 12,
            "labelled_malicious": 396,
            "recall": 0.9705882352941176
        },
        "19": {
            "labelled_normal": 0,
            "labelled_malicious": 310,
            "recall": 1.0
        },
        "20": {
            "labelled_normal": 0,
            "labelled_malicious": 141,
            "recall": 1.0
        },
        "21": {
            "labelled_normal": 0,
            "labelled_malicious": 319,
            "recall": 1.0
        },
        "22": {
            "labelled_normal": 0,
            "labelled_malicious": 317,
            "recall": 1.0
        },
        "23": {
            "labelled_normal": 0,
            "labelled_malicious": 383,
            "recall": 1.0
        },
        "24": {
            "labelled_normal": 10,
            "labelled_malicious": 204,
            "recall": 0.9532710280373832
        },
        "25": {
            "labelled_normal": 8,
            "labelled_malicious": 289,
            "recall": 0.9730639730639731
        },
        "26": {
            "labelled_normal": 5,
            "labelled_malicious": 361,
            "recall": 0.9863387978142076
        },
        "27": {
            "labelled_normal": 14,
            "labelled_malicious": 405,
            "recall": 0.9665871121718377
        },
        "28": {
            "labelled_normal": 20,
            "labelled_malicious": 350,
            "recall": 0.9459459459459459
        },
        "29": {
            "labelled_normal": 4,
            "labelled_malicious": 362,
            "recall": 0.9890710382513661
        },
        "30": {
            "labelled_normal": 46,
            "labelled_malicious": 365,
            "recall": 0.8880778588807786
        },
        "31": {
            "labelled_normal": 0,
            "labelled_malicious": 358,
            "recall": 1.0
        },
        "32": {
            "labelled_normal": 0,
            "labelled_malicious": 416,
            "recall": 1.0
        },
        "33": {
            "labelled_normal": 10,
            "labelled_malicious": 343,
            "recall": 0.9716713881019831
        },
        "34": {
            "labelled_normal": 13,
            "labelled_malicious": 394,
            "recall": 0.9680589680589681
        },
        "35": {
            "labelled_normal": 24,
            "labelled_malicious": 396,
            "recall": 0.9428571428571428
        }
    },
    "attack_categories": {
        "0": {
            "labelled_normal": 42950,
            "labelled_malicious": 78,
            "recall": 0.9981872269220042
        },
        "1": {
            "labelled_normal": 50,
            "labelled_malicious": 1501,
            "recall": 0.9677627337201805
        },
        "2": {
            "labelled_normal": 94,
            "labelled_malicious": 2538,
            "recall": 0.9642857142857143
        },
        "3": {
            "labelled_normal": 984,
            "labelled_malicious": 1891,
            "recall": 0.6577391304347826
        },
        "4": {
            "labelled_normal": 92,
            "labelled_malicious": 4019,
            "recall": 0.9776210167842374
        },
        "5": {
            "labelled_normal": 0,
            "labelled_malicious": 946,
            "recall": 1.0
        },
        "6": {
            "labelled_normal": 12,
            "labelled_malicious": 396,
            "recall": 0.9705882352941176
        },
        "7": {
            "labelled_normal": 10,
            "labelled_malicious": 728,
            "recall": 0.986449864498645
        }
    }
}