{
    "TP": 506,
    "TN": 42790,
    "FP": 50,
    "FN": 11578,
    "accuracy": 0.7882892724492025,
    "precision": 0.9100719424460432,
    "recall": 0.0418735518040384,
    "attack_types": {
        "0": {
            "labelled_normal": 42790,
            "labelled_malicious": 50,
            "recall": 0.9988328664799253
        },
        "1": {
            "labelled_normal": 384,
            "labelled_malicious": 0,
            "recall": 0.0
        },
        "2": {
            "labelled_normal": 304,
            "labelled_malicious": 2,
            "recall": 0.006535947712418301
        },
        "3": {
            "labelled_normal": 252,
            "labelled_malicious": 94,
            "recall": 0.27167630057803466
        },
        "4": {
            "labelled_normal": 307,
            "labelled_malicious": 118,
            "recall": 0.2776470588235294
        },
        "5": {
            "labelled_normal": 293,
            "labelled_malicious": 0,
            "recall": 0.0
        },
        "6": {
            "labelled_normal": 378,
            "labelled_malicious": 2,
            "recall": 0.005263157894736842
        },
        "7": {
            "labelled_normal": 296,
            "labelled_malicious": 0,
            "recall": 0.0
        },
        "8": {
            "labelled_normal": 369,
            "labelled_malicious": 0,
            "recall": 0.0
        },
        "9": {
            "labelled_normal": 300,
            "labelled_malicious": 8,
            "recall": 0.025974025974025976
        },
        "10": {
            "labelled_normal": 275,
            "labelled_malicious": 1,
            "recall": 0.0036231884057971015
        },
        "11": {
            "labelled_normal": 397,
            "labelled_malicious": 0,
            "recall": 0.0
        },
        "12": {
            "labelled_normal": 380,
            "labelled_malicious": 0,
            "recall": 0.0
        },
        "13": {
            "labelled_normal": 119,
            "labelled_malicious": 195,
            "recall": 0.6210191082802548
        },
        "14": {
            "labelled_normal": 312,
            "labelled_malicious": 0,
            "recall": 0.0
        },
        "15": {
            "labelled_normal": 304,
            "labelled_malicious": 8,
            "recall": 0.02564102564102564
        },
        "16": {
            "labelled_normal": 284,
            "labelled_malicious": 52,
            "recall": 0.15476190476190477
        },
        "17": {
            "labelled_normal": 259,
            "labelled_malicious": 24,
            "recall": 0.08480565371024736
        },
        "18": {
            "labelled_normal": 426,
            "labelled_malicious": 2,
            "recall": 0.004672897196261682
        },
        "19": {
            "labelled_normal": 340,
            "labelled_malicious": 0,
            "recall": 0.0
        },
        "20": {
            "labelled_normal": 121,
            "labelled_malicious": 0,
            "recall": 0.0
        },
        "21": {
            "labelled_normal": 364,
            "labelled_malicious": 0,
            "recall": 0.0
        },
        "22": {
            "labelled_normal": 293,
            "labelled_malicious": 0,
            "recall": 0.0
        },
        "23": {
            "labelled_normal": 424,
            "labelled_malicious": 0,
            "recall": 0.0
        },
        "24": {
            "labelled_normal": 256,
            "labelled_malicious": 0,
            "recall": 0.0
        },
        "25": {
            "labelled_normal": 295,
            "labelled_malicious": 0,
            "recall": 0.0
        },
        "26": {
            "labelled_normal": 330,
            "labelled_malicious": 0,
            "recall": 0.0
        },
        "27": {
            "labelled_normal": 401,
            "labelled_malicious": 0,
            "recall": 0.0
        },
        "28": {
            "labelled_normal": 406,
            "labelled_malicious": 0,
            "recall": 0.0
        },
        "29": {
            "labelled_normal": 357,
            "labelled_malicious": 0,
            "recall": 0.0
        },
        "30": {
            "labelled_normal": 446,
            "labelled_malicious": 0,
            "recall": 0.0
        },
        "31": {
            "labelled_normal": 396,
            "labelled_malicious": 0,
            "recall": 0.0
        },
        "32": {
            "labelled_normal": 369,
            "labelled_malicious": 0,
            "recall": 0.0
        },
        "33": {
            "labelled_normal": 306,
            "labelled_malicious": 0,
            "recall": 0.0
        },
        "34": {
            "labelled_normal": 404,
            "labelled_malicious": 0,
            "recall": 0.0
        },
        "35": {
            "labelled_normal": 431,
            "labelled_malicious": 0,
            "recall": 0.0
        }
    },
    "attack_categories": {
        "0": {
            "labelled_normal": 42790,
            "labelled_malicious": 50,
            "recall": 0.9988328664799253
        },
        "1": {
            "labelled_normal": 1568,
            "labelled_malicious": 0,
            "recall": 0.0
        },
        "2": {
            "labelled_normal": 2573,
            "labelled_malicious": 0,
            "recall": 0.0
        },
        "3": {
            "labelled_normal": 1278,
            "labelled_malicious": 279,
            "recall": 0.1791907514450867
        },
        "4": {
            "labelled_normal": 3935,
            "labelled_malicious": 225,
            "recall": 0.054086538461538464
        },
        "5": {
            "labelled_normal": 997,
            "labelled_malicious": 0,
            "recall": 0.0
        },
        "6": {
            "labelled_normal": 426,
            "labelled_malicious": 2,
            "recall": 0.004672897196261682
        },
        "7": {
            "labelled_normal": 801,
            "labelled_malicious": 0,
            "recall": 0.0
        }
    }
}