{
    "TP": 658,
    "TN": 42810,
    "FP": 55,
    "FN": 11401,
    "accuracy": 0.7914208724783337,
    "precision": 0.9228611500701263,
    "recall": 0.054565055145534454,
    "attack_types": {
        "0": {
            "labelled_normal": 42810,
            "labelled_malicious": 55,
            "recall": 0.9987169019013181
        },
        "1": {
            "labelled_normal": 378,
            "labelled_malicious": 0,
            "recall": 0.0
        },
        "2": {
            "labelled_normal": 291,
            "labelled_malicious": 0,
            "recall": 0.0
        },
        "3": {
            "labelled_normal": 155,
            "labelled_malicious": 140,
            "recall": 0.4745762711864407
        },
        "4": {
            "labelled_normal": 237,
            "labelled_malicious": 176,
            "recall": 0.4261501210653753
        },
        "5": {
            "labelled_normal": 273,
            "labelled_malicious": 1,
            "recall": 0.0036496350364963502
        },
        "6": {
            "labelled_normal": 413,
            "labelled_malicious": 5,
            "recall": 0.011961722488038277
        },
        "7": {
            "labelled_normal": 232,
            "labelled_malicious": 73,
            "recall": 0.23934426229508196
        },
        "8": {
            "labelled_normal": 289,
            "labelled_malicious": 61,
            "recall": 0.1742857142857143
        },
        "9": {
            "labelled_normal": 274,
            "labelled_malicious": 26,
            "recall": 0.08666666666666667
        },
        "10": {
            "labelled_normal": 169,
            "labelled_malicious": 117,
            "recall": 0.4090909090909091
        },
        "11": {
            "labelled_normal": 327,
            "labelled_malicious": 10,
            "recall": 0.02967359050445104
        },
        "12": {
            "labelled_normal": 453,
            "labelled_malicious": 0,
            "recall": 0.0
        },
        "13": {
            "labelled_normal": 319,
            "labelled_malicious": 0,
            "recall": 0.0
        },
        "14": {
            "labelled_normal": 337,
            "labelled_malicious": 4,
            "recall": 0.011730205278592375
        },
        "15": {
            "labelled_normal": 335,
            "labelled_malicious": 2,
            "recall": 0.005934718100890208
        },
        "16": {
            "labelled_normal": 340,
            "labelled_malicious": 1,
            "recall": 0.002932551319648094
        },
        "17": {
            "labelled_normal": 273,
            "labelled_malicious": 2,
            "recall": 0.007272727272727273
        },
        "18": {
            "labelled_normal": 416,
            "labelled_malicious": 37,
            "recall": 0.08167770419426049
        },
        "19": {
            "labelled_normal": 316,
            "labelled_malicious": 0,
            "recall": 0.0
        },
        "20": {
            "labelled_normal": 145,
            "labelled_malicious": 0,
            "recall": 0.0
        },
        "21": {
            "labelled_normal": 336,
            "labelled_malicious": 0,
            "recall": 0.0
        },
        "22": {
            "labelled_normal": 274,
            "labelled_malicious": 0,
            "recall": 0.0
        },
        "23": {
            "labelled_normal": 453,
            "labelled_malicious": 0,
            "recall": 0.0
        },
        "24": {
            "labelled_normal": 236,
            "labelled_malicious": 2,
            "recall": 0.008403361344537815
        },
        "25": {
            "labelled_normal": 272,
            "labelled_malicious": 0,
            "recall": 0.0
        },
        "26": {
            "labelled_normal": 396,
            "labelled_malicious": 0,
            "recall": 0.0
        },
        "27": {
            "labelled_normal": 408,
            "labelled_malicious": 0,
            "recall": 0.0
        },
        "28": {
            "labelled_normal": 364,
            "labelled_malicious": 0,
            "recall": 0.0
        },
        "29": {
            "labelled_normal": 365,
            "labelled_malicious": 0,
            "recall": 0.0
        },
        "30": {
            "labelled_normal": 431,
            "labelled_malicious": 0,
            "recall": 0.0
        },
        "31": {
            "labelled_normal": 354,
            "labelled_malicious": 0,
            "recall": 0.0
        },
        "32": {
            "labelled_normal": 386,
            "labelled_malicious": 0,
            "recall": 0.0
        },
        "33": {
            "labelled_normal": 308,
            "labelled_malicious": 0,
            "recall": 0.0
        },
        "34": {
            "labelled_normal": 414,
            "labelled_malicious": 0,
            "recall": 0.0
        },
        "35": {
            "labelled_normal": 432,
            "labelled_malicious": 1,
            "recall": 0.0023094688221709007
        }
    },
    "attack_categories": {
        "0": {
            "labelled_normal": 42810,
            "labelled_malicious": 55,
            "recall": 0.9987169019013181
        },
        "1": {
            "labelled_normal": 1536,
            "labelled_malicious": 0,
            "recall": 0.0
        },
        "2": {
            "labelled_normal": 2594,
            "labelled_malicious": 1,
            "recall": 0.0003853564547206166
        },
        "3": {
            "labelled_normal": 1604,
            "labelled_malicious": 9,
            "recall": 0.005579665220086794
        },
        "4": {
            "labelled_normal": 3491,
            "labelled_malicious": 609,
            "recall": 0.14853658536585365
        },
        "5": {
            "labelled_normal": 926,
            "labelled_malicious": 0,
            "recall": 0.0
        },
        "6": {
            "labelled_normal": 416,
            "labelled_malicious": 37,
            "recall": 0.08167770419426049
        },
        "7": {
            "labelled_normal": 834,
            "labelled_malicious": 2,
            "recall": 0.0023923444976076554
        }
    }
}