{
    "TP": 408,
    "TN": 42821,
    "FP": 44,
    "FN": 11651,
    "accuracy": 0.7870694049959944,
    "precision": 0.9026548672566371,
    "recall": 0.03383365121486027,
    "attack_types": {
        "0": {
            "labelled_normal": 42821,
            "labelled_malicious": 44,
            "recall": 0.9989735215210545
        },
        "1": {
            "labelled_normal": 340,
            "labelled_malicious": 38,
            "recall": 0.10052910052910052
        },
        "2": {
            "labelled_normal": 271,
            "labelled_malicious": 20,
            "recall": 0.06872852233676977
        },
        "3": {
            "labelled_normal": 281,
            "labelled_malicious": 14,
            "recall": 0.04745762711864407
        },
        "4": {
            "labelled_normal": 412,
            "labelled_malicious": 1,
            "recall": 0.002421307506053269
        },
        "5": {
            "labelled_normal": 272,
            "labelled_malicious": 2,
            "recall": 0.0072992700729927005
        },
        "6": {
            "labelled_normal": 412,
            "labelled_malicious": 6,
            "recall": 0.014354066985645933
        },
        "7": {
            "labelled_normal": 298,
            "labelled_malicious": 7,
            "recall": 0.022950819672131147
        },
        "8": {
            "labelled_normal": 342,
            "labelled_malicious": 8,
            "recall": 0.022857142857142857
        },
        "9": {
            "labelled_normal": 300,
            "labelled_malicious": 0,
            "recall": 0.0
        },
        "10": {
            "labelled_normal": 282,
            "labelled_malicious": 4,
            "recall": 0.013986013986013986
        },
        "11": {
            "labelled_normal": 328,
            "labelled_malicious": 9,
            "recall": 0.026706231454005934
        },
        "12": {
            "labelled_normal": 394,
            "labelled_malicious": 59,
            "recall": 0.13024282560706402
        },
        "13": {
            "labelled_normal": 315,
            "labelled_malicious": 4,
            "recall": 0.012539184952978056
        },
        "14": {
            "labelled_normal": 113,
            "labelled_malicious": 228,
            "recall": 0.6686217008797654
        },
        "15": {
            "labelled_normal": 334,
            "labelled_malicious": 3,
            "recall": 0.008902077151335312
        },
        "16": {
            "labelled_normal": 341,
            "labelled_malicious": 0,
            "recall": 0.0
        },
        "17": {
            "labelled_normal": 270,
            "labelled_malicious": 5,
            "recall": 0.01818181818181818
        },
        "18": {
            "labelled_normal": 453,
            "labelled_malicious": 0,
            "recall": 0.0
        },
        "19": {
            "labelled_normal": 316,
            "labelled_malicious": 0,
            "recall": 0.0
        },
        "20": {
            "labelled_normal": 145,
            "labelled_malicious": 0,
            "recall": 0.0
        },
        "21": {
            "labelled_normal": 336,
            "labelled_malicious": 0,
            "recall": 0.0
        },
        "22": {
            "labelled_normal": 274,
            "labelled_malicious": 0,
            "recall": 0.0
        },
        "23": {
            "labelled_normal": 453,
            "labelled_malicious": 0,
            "recall": 0.0
        },
        "24": {
            "labelled_normal": 238,
            "labelled_malicious": 0,
            "recall": 0.0
        },
        "25": {
            "labelled_normal": 272,
            "labelled_malicious": 0,
            "recall": 0.0
        },
        "26": {
            "labelled_normal": 396,
            "labelled_malicious": 0,
            "recall": 0.0
        },
        "27": {
            "labelled_normal": 408,
            "labelled_malicious": 0,
            "recall": 0.0
        },
        "28": {
            "labelled_normal": 364,
            "labelled_malicious": 0,
            "recall": 0.0
        },
        "29": {
            "labelled_normal": 365,
            "labelled_malicious": 0,
            "recall": 0.0
        },
        "30": {
            "labelled_normal": 431,
            "labelled_malicious": 0,
            "recall": 0.0
        },
        "31": {
            "labelled_normal": 354,
            "labelled_malicious": 0,
            "recall": 0.0
        },
        "32": {
            "labelled_normal": 386,
            "labelled_malicious": 0,
            "recall": 0.0
        },
        "33": {
            "labelled_normal": 308,
            "labelled_malicious": 0,
            "recall": 0.0
        },
        "34": {
            "labelled_normal": 414,
            "labelled_malicious": 0,
            "recall": 0.0
        },
        "35": {
            "labelled_normal": 433,
            "labelled_malicious": 0,
            "recall": 0.0
        }
    },
    "attack_categories": {
        "0": {
            "labelled_normal": 42821,
            "labelled_malicious": 44,
            "recall": 0.9989735215210545
        },
        "1": {
            "labelled_normal": 1536,
            "labelled_malicious": 0,
            "recall": 0.0
        },
        "2": {
            "labelled_normal": 2595,
            "labelled_malicious": 0,
            "recall": 0.0
        },
        "3": {
            "labelled_normal": 1373,
            "labelled_malicious": 240,
            "recall": 0.14879107253564786
        },
        "4": {
            "labelled_normal": 3932,
            "labelled_malicious": 168,
            "recall": 0.04097560975609756
        },
        "5": {
            "labelled_normal": 926,
            "labelled_malicious": 0,
            "recall": 0.0
        },
        "6": {
            "labelled_normal": 453,
            "labelled_malicious": 0,
            "recall": 0.0
        },
        "7": {
            "labelled_normal": 836,
            "labelled_malicious": 0,
            "recall": 0.0
        }
    }
}