{
    "TP": 612,
    "TN": 42997,
    "FP": 31,
    "FN": 11284,
    "accuracy": 0.7939880562231447,
    "precision": 0.9517884914463453,
    "recall": 0.05144586415601883,
    "attack_types": {
        "0": {
            "labelled_normal": 42997,
            "labelled_malicious": 31,
            "recall": 0.9992795389048992
        },
        "1": {
            "labelled_normal": 140,
            "labelled_malicious": 250,
            "recall": 0.6410256410256411
        },
        "2": {
            "labelled_normal": 93,
            "labelled_malicious": 183,
            "recall": 0.6630434782608695
        },
        "3": {
            "labelled_normal": 325,
            "labelled_malicious": 35,
            "recall": 0.09722222222222222
        },
        "4": {
            "labelled_normal": 328,
            "labelled_malicious": 40,
            "recall": 0.10869565217391304
        },
        "5": {
            "labelled_normal": 278,
            "labelled_malicious": 0,
            "recall": 0.0
        },
        "6": {
            "labelled_normal": 424,
            "labelled_malicious": 0,
            "recall": 0.0
        },
        "7": {
            "labelled_normal": 301,
            "labelled_malicious": 26,
            "recall": 0.07951070336391437
        },
        "8": {
            "labelled_normal": 313,
            "labelled_malicious": 47,
            "recall": 0.13055555555555556
        },
        "9": {
            "labelled_normal": 279,
            "labelled_malicious": 0,
            "recall": 0.0
        },
        "10": {
            "labelled_normal": 316,
            "labelled_malicious": 1,
            "recall": 0.0031545741324921135
        },
        "11": {
            "labelled_normal": 348,
            "labelled_malicious": 1,
            "recall": 0.0028653295128939827
        },
        "12": {
            "labelled_normal": 383,
            "labelled_malicious": 0,
            "recall": 0.0
        },
        "13": {
            "labelled_normal": 324,
            "labelled_malicious": 0,
            "recall": 0.0
        },
        "14": {
            "labelled_normal": 317,
            "labelled_malicious": 4,
            "recall": 0.012461059190031152
        },
        "15": {
            "labelled_normal": 294,
            "labelled_malicious": 0,
            "recall": 0.0
        },
        "16": {
            "labelled_normal": 293,
            "labelled_malicious": 0,
            "recall": 0.0
        },
        "17": {
            "labelled_normal": 276,
            "labelled_malicious": 2,
            "recall": 0.007194244604316547
        },
        "18": {
            "labelled_normal": 385,
            "labelled_malicious": 23,
            "recall": 0.056372549019607844
        },
        "19": {
            "labelled_normal": 310,
            "labelled_malicious": 0,
            "recall": 0.0
        },
        "20": {
            "labelled_normal": 141,
            "labelled_malicious": 0,
            "recall": 0.0
        },
        "21": {
            "labelled_normal": 319,
            "labelled_malicious": 0,
            "recall": 0.0
        },
        "22": {
            "labelled_normal": 317,
            "labelled_malicious": 0,
            "recall": 0.0
        },
        "23": {
            "labelled_normal": 383,
            "labelled_malicious": 0,
            "recall": 0.0
        },
        "24": {
            "labelled_normal": 214,
            "labelled_malicious": 0,
            "recall": 0.0
        },
        "25": {
            "labelled_normal": 297,
            "labelled_malicious": 0,
            "recall": 0.0
        },
        "26": {
            "labelled_normal": 366,
            "labelled_malicious": 0,
            "recall": 0.0
        },
        "27": {
            "labelled_normal": 419,
            "labelled_malicious": 0,
            "recall": 0.0
        },
        "28": {
            "labelled_normal": 370,
            "labelled_malicious": 0,
            "recall": 0.0
        },
        "29": {
            "labelled_normal": 366,
            "labelled_malicious": 0,
            "recall": 0.0
        },
        "30": {
            "labelled_normal": 411,
            "labelled_malicious": 0,
            "recall": 0.0
        },
        "31": {
            "labelled_normal": 358,
            "labelled_malicious": 0,
            "recall": 0.0
        },
        "32": {
            "labelled_normal": 416,
            "labelled_malicious": 0,
            "recall": 0.0
        },
        "33": {
            "labelled_normal": 353,
            "labelled_malicious": 0,
            "recall": 0.0
        },
        "34": {
            "labelled_normal": 407,
            "labelled_malicious": 0,
            "recall": 0.0
        },
        "35": {
            "labelled_normal": 420,
            "labelled_malicious": 0,
            "recall": 0.0
        }
    },
    "attack_categories": {
        "0": {
            "labelled_normal": 42997,
            "labelled_malicious": 31,
            "recall": 0.9992795389048992
        },
        "1": {
            "labelled_normal": 1551,
            "labelled_malicious": 0,
            "recall": 0.0
        },
        "2": {
            "labelled_normal": 2632,
            "labelled_malicious": 0,
            "recall": 0.0
        },
        "3": {
            "labelled_normal": 1504,
            "labelled_malicious": 6,
            "recall": 0.003973509933774834
        },
        "4": {
            "labelled_normal": 3528,
            "labelled_malicious": 583,
            "recall": 0.14181464363901727
        },
        "5": {
            "labelled_normal": 946,
            "labelled_malicious": 0,
            "recall": 0.0
        },
        "6": {
            "labelled_normal": 385,
            "labelled_malicious": 23,
            "recall": 0.056372549019607844
        },
        "7": {
            "labelled_normal": 738,
            "labelled_malicious": 0,
            "recall": 0.0
        }
    }
}