{
    "TP": 1647,
    "TN": 42727,
    "FP": 138,
    "FN": 10412,
    "accuracy": 0.807916393562013,
    "precision": 0.9226890756302522,
    "recall": 0.13657848909528153,
    "attack_types": {
        "0": {
            "labelled_normal": 42727,
            "labelled_malicious": 138,
            "recall": 0.9967805902251254
        },
        "1": {
            "labelled_normal": 291,
            "labelled_malicious": 87,
            "recall": 0.23015873015873015
        },
        "2": {
            "labelled_normal": 259,
            "labelled_malicious": 32,
            "recall": 0.10996563573883161
        },
        "3": {
            "labelled_normal": 241,
            "labelled_malicious": 54,
            "recall": 0.18305084745762712
        },
        "4": {
            "labelled_normal": 351,
            "labelled_malicious": 62,
            "recall": 0.15012106537530268
        },
        "5": {
            "labelled_normal": 273,
            "labelled_malicious": 1,
            "recall": 0.0036496350364963502
        },
        "6": {
            "labelled_normal": 407,
            "labelled_malicious": 11,
            "recall": 0.02631578947368421
        },
        "7": {
            "labelled_normal": 296,
            "labelled_malicious": 9,
            "recall": 0.029508196721311476
        },
        "8": {
            "labelled_normal": 343,
            "labelled_malicious": 7,
            "recall": 0.02
        },
        "9": {
            "labelled_normal": 291,
            "labelled_malicious": 9,
            "recall": 0.03
        },
        "10": {
            "labelled_normal": 280,
            "labelled_malicious": 6,
            "recall": 0.02097902097902098
        },
        "11": {
            "labelled_normal": 285,
            "labelled_malicious": 52,
            "recall": 0.1543026706231454
        },
        "12": {
            "labelled_normal": 435,
            "labelled_malicious": 18,
            "recall": 0.039735099337748346
        },
        "13": {
            "labelled_normal": 126,
            "labelled_malicious": 193,
            "recall": 0.6050156739811913
        },
        "14": {
            "labelled_normal": 122,
            "labelled_malicious": 219,
            "recall": 0.6422287390029325
        },
        "15": {
            "labelled_normal": 160,
            "labelled_malicious": 177,
            "recall": 0.5252225519287834
        },
        "16": {
            "labelled_normal": 8,
            "labelled_malicious": 333,
            "recall": 0.9765395894428153
        },
        "17": {
            "labelled_normal": 17,
            "labelled_malicious": 258,
            "recall": 0.9381818181818182
        },
        "18": {
            "labelled_normal": 423,
            "labelled_malicious": 30,
            "recall": 0.06622516556291391
        },
        "19": {
            "labelled_normal": 298,
            "labelled_malicious": 18,
            "recall": 0.056962025316455694
        },
        "20": {
            "labelled_normal": 145,
            "labelled_malicious": 0,
            "recall": 0.0
        },
        "21": {
            "labelled_normal": 309,
            "labelled_malicious": 27,
            "recall": 0.08035714285714286
        },
        "22": {
            "labelled_normal": 256,
            "labelled_malicious": 18,
            "recall": 0.06569343065693431
        },
        "23": {
            "labelled_normal": 439,
            "labelled_malicious": 14,
            "recall": 0.03090507726269316
        },
        "24": {
            "labelled_normal": 233,
            "labelled_malicious": 5,
            "recall": 0.02100840336134454
        },
        "25": {
            "labelled_normal": 271,
            "labelled_malicious": 1,
            "recall": 0.003676470588235294
        },
        "26": {
            "labelled_normal": 396,
            "labelled_malicious": 0,
            "recall": 0.0
        },
        "27": {
            "labelled_normal": 408,
            "labelled_malicious": 0,
            "recall": 0.0
        },
        "28": {
            "labelled_normal": 364,
            "labelled_malicious": 0,
            "recall": 0.0
        },
        "29": {
            "labelled_normal": 364,
            "labelled_malicious": 1,
            "recall": 0.0027397260273972603
        },
        "30": {
            "labelled_normal": 431,
            "labelled_malicious": 0,
            "recall": 0.0
        },
        "31": {
            "labelled_normal": 352,
            "labelled_malicious": 2,
            "recall": 0.005649717514124294
        },
        "32": {
            "labelled_normal": 384,
            "labelled_malicious": 2,
            "recall": 0.0051813471502590676
        },
        "33": {
            "labelled_normal": 308,
            "labelled_malicious": 0,
            "recall": 0.0
        },
        "34": {
            "labelled_normal": 413,
            "labelled_malicious": 1,
            "recall": 0.0024154589371980675
        },
        "35": {
            "labelled_normal": 433,
            "labelled_malicious": 0,
            "recall": 0.0
        }
    },
    "attack_categories": {
        "0": {
            "labelled_normal": 42727,
            "labelled_malicious": 138,
            "recall": 0.9967805902251254
        },
        "1": {
            "labelled_normal": 1531,
            "labelled_malicious": 5,
            "recall": 0.0032552083333333335
        },
        "2": {
            "labelled_normal": 2593,
            "labelled_malicious": 2,
            "recall": 0.0007707129094412332
        },
        "3": {
            "labelled_normal": 433,
            "labelled_malicious": 1180,
            "recall": 0.7315561066336019
        },
        "4": {
            "labelled_normal": 3752,
            "labelled_malicious": 348,
            "recall": 0.08487804878048781
        },
        "5": {
            "labelled_normal": 863,
            "labelled_malicious": 63,
            "recall": 0.06803455723542116
        },
        "6": {
            "labelled_normal": 423,
            "labelled_malicious": 30,
            "recall": 0.06622516556291391
        },
        "7": {
            "labelled_normal": 817,
            "labelled_malicious": 19,
            "recall": 0.022727272727272728
        }
    }
}