{
    "TP": 511,
    "TN": 42793,
    "FP": 20,
    "FN": 11600,
    "accuracy": 0.788434928264511,
    "precision": 0.9623352165725048,
    "recall": 0.042193047642638926,
    "attack_types": {
        "0": {
            "labelled_normal": 42793,
            "labelled_malicious": 20,
            "recall": 0.9995328521710696
        },
        "1": {
            "labelled_normal": 322,
            "labelled_malicious": 0,
            "recall": 0.0
        },
        "2": {
            "labelled_normal": 302,
            "labelled_malicious": 1,
            "recall": 0.0033003300330033004
        },
        "3": {
            "labelled_normal": 241,
            "labelled_malicious": 121,
            "recall": 0.3342541436464088
        },
        "4": {
            "labelled_normal": 243,
            "labelled_malicious": 109,
            "recall": 0.3096590909090909
        },
        "5": {
            "labelled_normal": 282,
            "labelled_malicious": 10,
            "recall": 0.03424657534246575
        },
        "6": {
            "labelled_normal": 400,
            "labelled_malicious": 6,
            "recall": 0.014778325123152709
        },
        "7": {
            "labelled_normal": 277,
            "labelled_malicious": 14,
            "recall": 0.048109965635738834
        },
        "8": {
            "labelled_normal": 341,
            "labelled_malicious": 10,
            "recall": 0.02849002849002849
        },
        "9": {
            "labelled_normal": 59,
            "labelled_malicious": 188,
            "recall": 0.7611336032388664
        },
        "10": {
            "labelled_normal": 288,
            "labelled_malicious": 8,
            "recall": 0.02702702702702703
        },
        "11": {
            "labelled_normal": 333,
            "labelled_malicious": 30,
            "recall": 0.08264462809917356
        },
        "12": {
            "labelled_normal": 460,
            "labelled_malicious": 0,
            "recall": 0.0
        },
        "13": {
            "labelled_normal": 357,
            "labelled_malicious": 2,
            "recall": 0.005571030640668524
        },
        "14": {
            "labelled_normal": 358,
            "labelled_malicious": 0,
            "recall": 0.0
        },
        "15": {
            "labelled_normal": 319,
            "labelled_malicious": 1,
            "recall": 0.003125
        },
        "16": {
            "labelled_normal": 360,
            "labelled_malicious": 0,
            "recall": 0.0
        },
        "17": {
            "labelled_normal": 305,
            "labelled_malicious": 2,
            "recall": 0.006514657980456026
        },
        "18": {
            "labelled_normal": 434,
            "labelled_malicious": 6,
            "recall": 0.013636363636363636
        },
        "19": {
            "labelled_normal": 331,
            "labelled_malicious": 2,
            "recall": 0.006006006006006006
        },
        "20": {
            "labelled_normal": 133,
            "labelled_malicious": 0,
            "recall": 0.0
        },
        "21": {
            "labelled_normal": 343,
            "labelled_malicious": 1,
            "recall": 0.0029069767441860465
        },
        "22": {
            "labelled_normal": 319,
            "labelled_malicious": 0,
            "recall": 0.0
        },
        "23": {
            "labelled_normal": 457,
            "labelled_malicious": 0,
            "recall": 0.0
        },
        "24": {
            "labelled_normal": 211,
            "labelled_malicious": 0,
            "recall": 0.0
        },
        "25": {
            "labelled_normal": 307,
            "labelled_malicious": 0,
            "recall": 0.0
        },
        "26": {
            "labelled_normal": 343,
            "labelled_malicious": 0,
            "recall": 0.0
        },
        "27": {
            "labelled_normal": 446,
            "labelled_malicious": 0,
            "recall": 0.0
        },
        "28": {
            "labelled_normal": 336,
            "labelled_malicious": 0,
            "recall": 0.0
        },
        "29": {
            "labelled_normal": 393,
            "labelled_malicious": 0,
            "recall": 0.0
        },
        "30": {
            "labelled_normal": 393,
            "labelled_malicious": 0,
            "recall": 0.0
        },
        "31": {
            "labelled_normal": 405,
            "labelled_malicious": 0,
            "recall": 0.0
        },
        "32": {
            "labelled_normal": 368,
            "labelled_malicious": 0,
            "recall": 0.0
        },
        "33": {
            "labelled_normal": 317,
            "labelled_malicious": 0,
            "recall": 0.0
        },
        "34": {
            "labelled_normal": 380,
            "labelled_malicious": 0,
            "recall": 0.0
        },
        "35": {
            "labelled_normal": 437,
            "labelled_malicious": 0,
            "recall": 0.0
        }
    },
    "attack_categories": {
        "0": {
            "labelled_normal": 42793,
            "labelled_malicious": 20,
            "recall": 0.9995328521710696
        },
        "1": {
            "labelled_normal": 1559,
            "labelled_malicious": 0,
            "recall": 0.0
        },
        "2": {
            "labelled_normal": 2566,
            "labelled_malicious": 0,
            "recall": 0.0
        },
        "3": {
            "labelled_normal": 1699,
            "labelled_malicious": 5,
            "recall": 0.0029342723004694834
        },
        "4": {
            "labelled_normal": 3548,
            "labelled_malicious": 497,
            "recall": 0.12286773794808406
        },
        "5": {
            "labelled_normal": 993,
            "labelled_malicious": 3,
            "recall": 0.0030120481927710845
        },
        "6": {
            "labelled_normal": 434,
            "labelled_malicious": 6,
            "recall": 0.013636363636363636
        },
        "7": {
            "labelled_normal": 801,
            "labelled_malicious": 0,
            "recall": 0.0
        }
    }
}