{
    "TP": 360,
    "TN": 42834,
    "FP": 31,
    "FN": 11699,
    "accuracy": 0.7864321608040201,
    "precision": 0.9207161125319693,
    "recall": 0.029853221660170827,
    "attack_types": {
        "0": {
            "labelled_normal": 42834,
            "labelled_malicious": 31,
            "recall": 0.9992767992534702
        },
        "1": {
            "labelled_normal": 378,
            "labelled_malicious": 0,
            "recall": 0.0
        },
        "2": {
            "labelled_normal": 291,
            "labelled_malicious": 0,
            "recall": 0.0
        },
        "3": {
            "labelled_normal": 277,
            "labelled_malicious": 18,
            "recall": 0.061016949152542375
        },
        "4": {
            "labelled_normal": 396,
            "labelled_malicious": 17,
            "recall": 0.04116222760290557
        },
        "5": {
            "labelled_normal": 264,
            "labelled_malicious": 10,
            "recall": 0.0364963503649635
        },
        "6": {
            "labelled_normal": 410,
            "labelled_malicious": 8,
            "recall": 0.019138755980861243
        },
        "7": {
            "labelled_normal": 290,
            "labelled_malicious": 15,
            "recall": 0.04918032786885246
        },
        "8": {
            "labelled_normal": 332,
            "labelled_malicious": 18,
            "recall": 0.05142857142857143
        },
        "9": {
            "labelled_normal": 76,
            "labelled_malicious": 224,
            "recall": 0.7466666666666667
        },
        "10": {
            "labelled_normal": 278,
            "labelled_malicious": 8,
            "recall": 0.027972027972027972
        },
        "11": {
            "labelled_normal": 301,
            "labelled_malicious": 36,
            "recall": 0.10682492581602374
        },
        "12": {
            "labelled_normal": 453,
            "labelled_malicious": 0,
            "recall": 0.0
        },
        "13": {
            "labelled_normal": 319,
            "labelled_malicious": 0,
            "recall": 0.0
        },
        "14": {
            "labelled_normal": 340,
            "labelled_malicious": 1,
            "recall": 0.002932551319648094
        },
        "15": {
            "labelled_normal": 337,
            "labelled_malicious": 0,
            "recall": 0.0
        },
        "16": {
            "labelled_normal": 341,
            "labelled_malicious": 0,
            "recall": 0.0
        },
        "17": {
            "labelled_normal": 275,
            "labelled_malicious": 0,
            "recall": 0.0
        },
        "18": {
            "labelled_normal": 448,
            "labelled_malicious": 5,
            "recall": 0.011037527593818985
        },
        "19": {
            "labelled_normal": 316,
            "labelled_malicious": 0,
            "recall": 0.0
        },
        "20": {
            "labelled_normal": 145,
            "labelled_malicious": 0,
            "recall": 0.0
        },
        "21": {
            "labelled_normal": 336,
            "labelled_malicious": 0,
            "recall": 0.0
        },
        "22": {
            "labelled_normal": 274,
            "labelled_malicious": 0,
            "recall": 0.0
        },
        "23": {
            "labelled_normal": 453,
            "labelled_malicious": 0,
            "recall": 0.0
        },
        "24": {
            "labelled_normal": 238,
            "labelled_malicious": 0,
            "recall": 0.0
        },
        "25": {
            "labelled_normal": 272,
            "labelled_malicious": 0,
            "recall": 0.0
        },
        "26": {
            "labelled_normal": 396,
            "labelled_malicious": 0,
            "recall": 0.0
        },
        "27": {
            "labelled_normal": 408,
            "labelled_malicious": 0,
            "recall": 0.0
        },
        "28": {
            "labelled_normal": 364,
            "labelled_malicious": 0,
            "recall": 0.0
        },
        "29": {
            "labelled_normal": 365,
            "labelled_malicious": 0,
            "recall": 0.0
        },
        "30": {
            "labelled_normal": 431,
            "labelled_malicious": 0,
            "recall": 0.0
        },
        "31": {
            "labelled_normal": 354,
            "labelled_malicious": 0,
            "recall": 0.0
        },
        "32": {
            "labelled_normal": 386,
            "labelled_malicious": 0,
            "recall": 0.0
        },
        "33": {
            "labelled_normal": 308,
            "labelled_malicious": 0,
            "recall": 0.0
        },
        "34": {
            "labelled_normal": 414,
            "labelled_malicious": 0,
            "recall": 0.0
        },
        "35": {
            "labelled_normal": 433,
            "labelled_malicious": 0,
            "recall": 0.0
        }
    },
    "attack_categories": {
        "0": {
            "labelled_normal": 42834,
            "labelled_malicious": 31,
            "recall": 0.9992767992534702
        },
        "1": {
            "labelled_normal": 1536,
            "labelled_malicious": 0,
            "recall": 0.0
        },
        "2": {
            "labelled_normal": 2595,
            "labelled_malicious": 0,
            "recall": 0.0
        },
        "3": {
            "labelled_normal": 1612,
            "labelled_malicious": 1,
            "recall": 0.0006199628022318661
        },
        "4": {
            "labelled_normal": 3746,
            "labelled_malicious": 354,
            "recall": 0.08634146341463414
        },
        "5": {
            "labelled_normal": 926,
            "labelled_malicious": 0,
            "recall": 0.0
        },
        "6": {
            "labelled_normal": 448,
            "labelled_malicious": 5,
            "recall": 0.011037527593818985
        },
        "7": {
            "labelled_normal": 836,
            "labelled_malicious": 0,
            "recall": 0.0
        }
    }
}