{
    "TP": 3751,
    "TN": 42592,
    "FP": 221,
    "FN": 8360,
    "accuracy": 0.8437659311047994,
    "precision": 0.9443605236656596,
    "recall": 0.3097184377838329,
    "attack_types": {
        "0": {
            "labelled_normal": 42592,
            "labelled_malicious": 221,
            "recall": 0.9948380164903183
        },
        "1": {
            "labelled_normal": 19,
            "labelled_malicious": 303,
            "recall": 0.9409937888198758
        },
        "2": {
            "labelled_normal": 97,
            "labelled_malicious": 206,
            "recall": 0.6798679867986799
        },
        "3": {
            "labelled_normal": 7,
            "labelled_malicious": 355,
            "recall": 0.9806629834254144
        },
        "4": {
            "labelled_normal": 2,
            "labelled_malicious": 350,
            "recall": 0.9943181818181818
        },
        "5": {
            "labelled_normal": 15,
            "labelled_malicious": 277,
            "recall": 0.9486301369863014
        },
        "6": {
            "labelled_normal": 99,
            "labelled_malicious": 307,
            "recall": 0.7561576354679803
        },
        "7": {
            "labelled_normal": 6,
            "labelled_malicious": 285,
            "recall": 0.979381443298969
        },
        "8": {
            "labelled_normal": 20,
            "labelled_malicious": 331,
            "recall": 0.9430199430199431
        },
        "9": {
            "labelled_normal": 66,
            "labelled_malicious": 181,
            "recall": 0.7327935222672065
        },
        "10": {
            "labelled_normal": 157,
            "labelled_malicious": 139,
            "recall": 0.46959459459459457
        },
        "11": {
            "labelled_normal": 18,
            "labelled_malicious": 345,
            "recall": 0.9504132231404959
        },
        "12": {
            "labelled_normal": 25,
            "labelled_malicious": 435,
            "recall": 0.9456521739130435
        },
        "13": {
            "labelled_normal": 334,
            "labelled_malicious": 25,
            "recall": 0.06963788300835655
        },
        "14": {
            "labelled_normal": 351,
            "labelled_malicious": 7,
            "recall": 0.019553072625698324
        },
        "15": {
            "labelled_normal": 306,
            "labelled_malicious": 14,
            "recall": 0.04375
        },
        "16": {
            "labelled_normal": 330,
            "labelled_malicious": 30,
            "recall": 0.08333333333333333
        },
        "17": {
            "labelled_normal": 277,
            "labelled_malicious": 30,
            "recall": 0.09771986970684039
        },
        "18": {
            "labelled_normal": 309,
            "labelled_malicious": 131,
            "recall": 0.29772727272727273
        },
        "19": {
            "labelled_normal": 333,
            "labelled_malicious": 0,
            "recall": 0.0
        },
        "20": {
            "labelled_normal": 133,
            "labelled_malicious": 0,
            "recall": 0.0
        },
        "21": {
            "labelled_normal": 344,
            "labelled_malicious": 0,
            "recall": 0.0
        },
        "22": {
            "labelled_normal": 319,
            "labelled_malicious": 0,
            "recall": 0.0
        },
        "23": {
            "labelled_normal": 457,
            "labelled_malicious": 0,
            "recall": 0.0
        },
        "24": {
            "labelled_normal": 211,
            "labelled_malicious": 0,
            "recall": 0.0
        },
        "25": {
            "labelled_normal": 307,
            "labelled_malicious": 0,
            "recall": 0.0
        },
        "26": {
            "labelled_normal": 343,
            "labelled_malicious": 0,
            "recall": 0.0
        },
        "27": {
            "labelled_normal": 446,
            "labelled_malicious": 0,
            "recall": 0.0
        },
        "28": {
            "labelled_normal": 336,
            "labelled_malicious": 0,
            "recall": 0.0
        },
        "29": {
            "labelled_normal": 393,
            "labelled_malicious": 0,
            "recall": 0.0
        },
        "30": {
            "labelled_normal": 393,
            "labelled_malicious": 0,
            "recall": 0.0
        },
        "31": {
            "labelled_normal": 405,
            "labelled_malicious": 0,
            "recall": 0.0
        },
        "32": {
            "labelled_normal": 368,
            "labelled_malicious": 0,
            "recall": 0.0
        },
        "33": {
            "labelled_normal": 317,
            "labelled_malicious": 0,
            "recall": 0.0
        },
        "34": {
            "labelled_normal": 380,
            "labelled_malicious": 0,
            "recall": 0.0
        },
        "35": {
            "labelled_normal": 437,
            "labelled_malicious": 0,
            "recall": 0.0
        }
    },
    "attack_categories": {
        "0": {
            "labelled_normal": 42592,
            "labelled_malicious": 221,
            "recall": 0.9948380164903183
        },
        "1": {
            "labelled_normal": 1559,
            "labelled_malicious": 0,
            "recall": 0.0
        },
        "2": {
            "labelled_normal": 2566,
            "labelled_malicious": 0,
            "recall": 0.0
        },
        "3": {
            "labelled_normal": 1598,
            "labelled_malicious": 106,
            "recall": 0.062206572769953054
        },
        "4": {
            "labelled_normal": 531,
            "labelled_malicious": 3514,
            "recall": 0.8687268232385661
        },
        "5": {
            "labelled_normal": 996,
            "labelled_malicious": 0,
            "recall": 0.0
        },
        "6": {
            "labelled_normal": 309,
            "labelled_malicious": 131,
            "recall": 0.29772727272727273
        },
        "7": {
            "labelled_normal": 801,
            "labelled_malicious": 0,
            "recall": 0.0
        }
    }
}