{
    "TP": 482,
    "TN": 42981,
    "FP": 49,
    "FN": 11416,
    "accuracy": 0.7912722108942616,
    "precision": 0.9077212806026366,
    "recall": 0.04051101025382417,
    "attack_types": {
        "0": {
            "labelled_normal": 42981,
            "labelled_malicious": 49,
            "recall": 0.9988612595863351
        },
        "1": {
            "labelled_normal": 318,
            "labelled_malicious": 0,
            "recall": 0.0
        },
        "2": {
            "labelled_normal": 283,
            "labelled_malicious": 1,
            "recall": 0.0035211267605633804
        },
        "3": {
            "labelled_normal": 252,
            "labelled_malicious": 85,
            "recall": 0.2522255192878338
        },
        "4": {
            "labelled_normal": 245,
            "labelled_malicious": 129,
            "recall": 0.3449197860962567
        },
        "5": {
            "labelled_normal": 279,
            "labelled_malicious": 0,
            "recall": 0.0
        },
        "6": {
            "labelled_normal": 395,
            "labelled_malicious": 3,
            "recall": 0.007537688442211055
        },
        "7": {
            "labelled_normal": 248,
            "labelled_malicious": 45,
            "recall": 0.15358361774744028
        },
        "8": {
            "labelled_normal": 319,
            "labelled_malicious": 49,
            "recall": 0.1331521739130435
        },
        "9": {
            "labelled_normal": 246,
            "labelled_malicious": 16,
            "recall": 0.061068702290076333
        },
        "10": {
            "labelled_normal": 167,
            "labelled_malicious": 132,
            "recall": 0.4414715719063545
        },
        "11": {
            "labelled_normal": 382,
            "labelled_malicious": 6,
            "recall": 0.015463917525773196
        },
        "12": {
            "labelled_normal": 396,
            "labelled_malicious": 0,
            "recall": 0.0
        },
        "13": {
            "labelled_normal": 270,
            "labelled_malicious": 8,
            "recall": 0.02877697841726619
        },
        "14": {
            "labelled_normal": 344,
            "labelled_malicious": 0,
            "recall": 0.0
        },
        "15": {
            "labelled_normal": 295,
            "labelled_malicious": 0,
            "recall": 0.0
        },
        "16": {
            "labelled_normal": 328,
            "labelled_malicious": 0,
            "recall": 0.0
        },
        "17": {
            "labelled_normal": 271,
            "labelled_malicious": 0,
            "recall": 0.0
        },
        "18": {
            "labelled_normal": 439,
            "labelled_malicious": 8,
            "recall": 0.017897091722595078
        },
        "19": {
            "labelled_normal": 335,
            "labelled_malicious": 0,
            "recall": 0.0
        },
        "20": {
            "labelled_normal": 126,
            "labelled_malicious": 0,
            "recall": 0.0
        },
        "21": {
            "labelled_normal": 359,
            "labelled_malicious": 0,
            "recall": 0.0
        },
        "22": {
            "labelled_normal": 339,
            "labelled_malicious": 0,
            "recall": 0.0
        },
        "23": {
            "labelled_normal": 331,
            "labelled_malicious": 0,
            "recall": 0.0
        },
        "24": {
            "labelled_normal": 241,
            "labelled_malicious": 0,
            "recall": 0.0
        },
        "25": {
            "labelled_normal": 301,
            "labelled_malicious": 0,
            "recall": 0.0
        },
        "26": {
            "labelled_normal": 373,
            "labelled_malicious": 0,
            "recall": 0.0
        },
        "27": {
            "labelled_normal": 405,
            "labelled_malicious": 0,
            "recall": 0.0
        },
        "28": {
            "labelled_normal": 382,
            "labelled_malicious": 0,
            "recall": 0.0
        },
        "29": {
            "labelled_normal": 375,
            "labelled_malicious": 0,
            "recall": 0.0
        },
        "30": {
            "labelled_normal": 439,
            "labelled_malicious": 0,
            "recall": 0.0
        },
        "31": {
            "labelled_normal": 393,
            "labelled_malicious": 0,
            "recall": 0.0
        },
        "32": {
            "labelled_normal": 332,
            "labelled_malicious": 0,
            "recall": 0.0
        },
        "33": {
            "labelled_normal": 320,
            "labelled_malicious": 0,
            "recall": 0.0
        },
        "34": {
            "labelled_normal": 405,
            "labelled_malicious": 0,
            "recall": 0.0
        },
        "35": {
            "labelled_normal": 483,
            "labelled_malicious": 0,
            "recall": 0.0
        }
    },
    "attack_categories": {
        "0": {
            "labelled_normal": 42981,
            "labelled_malicious": 49,
            "recall": 0.9988612595863351
        },
        "1": {
            "labelled_normal": 1539,
            "labelled_malicious": 0,
            "recall": 0.0
        },
        "2": {
            "labelled_normal": 2669,
            "labelled_malicious": 0,
            "recall": 0.0
        },
        "3": {
            "labelled_normal": 1508,
            "labelled_malicious": 8,
            "recall": 0.005277044854881266
        },
        "4": {
            "labelled_normal": 3530,
            "labelled_malicious": 466,
            "recall": 0.11661661661661661
        },
        "5": {
            "labelled_normal": 1033,
            "labelled_malicious": 0,
            "recall": 0.0
        },
        "6": {
            "labelled_normal": 439,
            "labelled_malicious": 8,
            "recall": 0.017897091722595078
        },
        "7": {
            "labelled_normal": 698,
            "labelled_malicious": 0,
            "recall": 0.0
        }
    }
}