{
    "TP": 304,
    "TN": 42989,
    "FP": 41,
    "FN": 11594,
    "accuracy": 0.7881772502184679,
    "precision": 0.881159420289855,
    "recall": 0.025550512691208605,
    "attack_types": {
        "0": {
            "labelled_normal": 42989,
            "labelled_malicious": 41,
            "recall": 0.9990471763885661
        },
        "1": {
            "labelled_normal": 296,
            "labelled_malicious": 22,
            "recall": 0.06918238993710692
        },
        "2": {
            "labelled_normal": 260,
            "labelled_malicious": 24,
            "recall": 0.08450704225352113
        },
        "3": {
            "labelled_normal": 337,
            "labelled_malicious": 0,
            "recall": 0.0
        },
        "4": {
            "labelled_normal": 372,
            "labelled_malicious": 2,
            "recall": 0.0053475935828877
        },
        "5": {
            "labelled_normal": 278,
            "labelled_malicious": 1,
            "recall": 0.0035842293906810036
        },
        "6": {
            "labelled_normal": 395,
            "labelled_malicious": 3,
            "recall": 0.007537688442211055
        },
        "7": {
            "labelled_normal": 292,
            "labelled_malicious": 1,
            "recall": 0.0034129692832764505
        },
        "8": {
            "labelled_normal": 360,
            "labelled_malicious": 8,
            "recall": 0.021739130434782608
        },
        "9": {
            "labelled_normal": 262,
            "labelled_malicious": 0,
            "recall": 0.0
        },
        "10": {
            "labelled_normal": 299,
            "labelled_malicious": 0,
            "recall": 0.0
        },
        "11": {
            "labelled_normal": 367,
            "labelled_malicious": 21,
            "recall": 0.05412371134020619
        },
        "12": {
            "labelled_normal": 381,
            "labelled_malicious": 15,
            "recall": 0.03787878787878788
        },
        "13": {
            "labelled_normal": 278,
            "labelled_malicious": 0,
            "recall": 0.0
        },
        "14": {
            "labelled_normal": 143,
            "labelled_malicious": 201,
            "recall": 0.5843023255813954
        },
        "15": {
            "labelled_normal": 290,
            "labelled_malicious": 5,
            "recall": 0.01694915254237288
        },
        "16": {
            "labelled_normal": 328,
            "labelled_malicious": 0,
            "recall": 0.0
        },
        "17": {
            "labelled_normal": 271,
            "labelled_malicious": 0,
            "recall": 0.0
        },
        "18": {
            "labelled_normal": 446,
            "labelled_malicious": 1,
            "recall": 0.0022371364653243847
        },
        "19": {
            "labelled_normal": 335,
            "labelled_malicious": 0,
            "recall": 0.0
        },
        "20": {
            "labelled_normal": 126,
            "labelled_malicious": 0,
            "recall": 0.0
        },
        "21": {
            "labelled_normal": 359,
            "labelled_malicious": 0,
            "recall": 0.0
        },
        "22": {
            "labelled_normal": 339,
            "labelled_malicious": 0,
            "recall": 0.0
        },
        "23": {
            "labelled_normal": 331,
            "labelled_malicious": 0,
            "recall": 0.0
        },
        "24": {
            "labelled_normal": 241,
            "labelled_malicious": 0,
            "recall": 0.0
        },
        "25": {
            "labelled_normal": 301,
            "labelled_malicious": 0,
            "recall": 0.0
        },
        "26": {
            "labelled_normal": 373,
            "labelled_malicious": 0,
            "recall": 0.0
        },
        "27": {
            "labelled_normal": 405,
            "labelled_malicious": 0,
            "recall": 0.0
        },
        "28": {
            "labelled_normal": 382,
            "labelled_malicious": 0,
            "recall": 0.0
        },
        "29": {
            "labelled_normal": 375,
            "labelled_malicious": 0,
            "recall": 0.0
        },
        "30": {
            "labelled_normal": 439,
            "labelled_malicious": 0,
            "recall": 0.0
        },
        "31": {
            "labelled_normal": 393,
            "labelled_malicious": 0,
            "recall": 0.0
        },
        "32": {
            "labelled_normal": 332,
            "labelled_malicious": 0,
            "recall": 0.0
        },
        "33": {
            "labelled_normal": 320,
            "labelled_malicious": 0,
            "recall": 0.0
        },
        "34": {
            "labelled_normal": 405,
            "labelled_malicious": 0,
            "recall": 0.0
        },
        "35": {
            "labelled_normal": 483,
            "labelled_malicious": 0,
            "recall": 0.0
        }
    },
    "attack_categories": {
        "0": {
            "labelled_normal": 42989,
            "labelled_malicious": 41,
            "recall": 0.9990471763885661
        },
        "1": {
            "labelled_normal": 1539,
            "labelled_malicious": 0,
            "recall": 0.0
        },
        "2": {
            "labelled_normal": 2669,
            "labelled_malicious": 0,
            "recall": 0.0
        },
        "3": {
            "labelled_normal": 1310,
            "labelled_malicious": 206,
            "recall": 0.1358839050131926
        },
        "4": {
            "labelled_normal": 3899,
            "labelled_malicious": 97,
            "recall": 0.024274274274274275
        },
        "5": {
            "labelled_normal": 1033,
            "labelled_malicious": 0,
            "recall": 0.0
        },
        "6": {
            "labelled_normal": 446,
            "labelled_malicious": 1,
            "recall": 0.0022371364653243847
        },
        "7": {
            "labelled_normal": 698,
            "labelled_malicious": 0,
            "recall": 0.0
        }
    }
}