{
    "TP": 437,
    "TN": 42809,
    "FP": 31,
    "FN": 11647,
    "accuracy": 0.7873789236035249,
    "precision": 0.9337606837606838,
    "recall": 0.036163522012578615,
    "attack_types": {
        "0": {
            "labelled_normal": 42809,
            "labelled_malicious": 31,
            "recall": 0.9992763772175537
        },
        "1": {
            "labelled_normal": 384,
            "labelled_malicious": 0,
            "recall": 0.0
        },
        "2": {
            "labelled_normal": 306,
            "labelled_malicious": 0,
            "recall": 0.0
        },
        "3": {
            "labelled_normal": 329,
            "labelled_malicious": 17,
            "recall": 0.049132947976878616
        },
        "4": {
            "labelled_normal": 406,
            "labelled_malicious": 19,
            "recall": 0.04470588235294118
        },
        "5": {
            "labelled_normal": 274,
            "labelled_malicious": 19,
            "recall": 0.06484641638225255
        },
        "6": {
            "labelled_normal": 370,
            "labelled_malicious": 10,
            "recall": 0.02631578947368421
        },
        "7": {
            "labelled_normal": 282,
            "labelled_malicious": 14,
            "recall": 0.0472972972972973
        },
        "8": {
            "labelled_normal": 345,
            "labelled_malicious": 24,
            "recall": 0.06504065040650407
        },
        "9": {
            "labelled_normal": 86,
            "labelled_malicious": 222,
            "recall": 0.7207792207792207
        },
        "10": {
            "labelled_normal": 269,
            "labelled_malicious": 7,
            "recall": 0.025362318840579712
        },
        "11": {
            "labelled_normal": 359,
            "labelled_malicious": 38,
            "recall": 0.09571788413098237
        },
        "12": {
            "labelled_normal": 380,
            "labelled_malicious": 0,
            "recall": 0.0
        },
        "13": {
            "labelled_normal": 311,
            "labelled_malicious": 3,
            "recall": 0.009554140127388535
        },
        "14": {
            "labelled_normal": 312,
            "labelled_malicious": 0,
            "recall": 0.0
        },
        "15": {
            "labelled_normal": 306,
            "labelled_malicious": 6,
            "recall": 0.019230769230769232
        },
        "16": {
            "labelled_normal": 336,
            "labelled_malicious": 0,
            "recall": 0.0
        },
        "17": {
            "labelled_normal": 281,
            "labelled_malicious": 2,
            "recall": 0.007067137809187279
        },
        "18": {
            "labelled_normal": 424,
            "labelled_malicious": 4,
            "recall": 0.009345794392523364
        },
        "19": {
            "labelled_normal": 321,
            "labelled_malicious": 19,
            "recall": 0.05588235294117647
        },
        "20": {
            "labelled_normal": 121,
            "labelled_malicious": 0,
            "recall": 0.0
        },
        "21": {
            "labelled_normal": 359,
            "labelled_malicious": 5,
            "recall": 0.013736263736263736
        },
        "22": {
            "labelled_normal": 280,
            "labelled_malicious": 13,
            "recall": 0.04436860068259386
        },
        "23": {
            "labelled_normal": 416,
            "labelled_malicious": 8,
            "recall": 0.018867924528301886
        },
        "24": {
            "labelled_normal": 251,
            "labelled_malicious": 5,
            "recall": 0.01953125
        },
        "25": {
            "labelled_normal": 295,
            "labelled_malicious": 0,
            "recall": 0.0
        },
        "26": {
            "labelled_normal": 330,
            "labelled_malicious": 0,
            "recall": 0.0
        },
        "27": {
            "labelled_normal": 401,
            "labelled_malicious": 0,
            "recall": 0.0
        },
        "28": {
            "labelled_normal": 405,
            "labelled_malicious": 1,
            "recall": 0.0024630541871921183
        },
        "29": {
            "labelled_normal": 356,
            "labelled_malicious": 1,
            "recall": 0.0028011204481792717
        },
        "30": {
            "labelled_normal": 446,
            "labelled_malicious": 0,
            "recall": 0.0
        },
        "31": {
            "labelled_normal": 396,
            "labelled_malicious": 0,
            "recall": 0.0
        },
        "32": {
            "labelled_normal": 369,
            "labelled_malicious": 0,
            "recall": 0.0
        },
        "33": {
            "labelled_normal": 306,
            "labelled_malicious": 0,
            "recall": 0.0
        },
        "34": {
            "labelled_normal": 404,
            "labelled_malicious": 0,
            "recall": 0.0
        },
        "35": {
            "labelled_normal": 431,
            "labelled_malicious": 0,
            "recall": 0.0
        }
    },
    "attack_categories": {
        "0": {
            "labelled_normal": 42809,
            "labelled_malicious": 31,
            "recall": 0.9992763772175537
        },
        "1": {
            "labelled_normal": 1567,
            "labelled_malicious": 1,
            "recall": 0.0006377551020408163
        },
        "2": {
            "labelled_normal": 2572,
            "labelled_malicious": 1,
            "recall": 0.000388651379712398
        },
        "3": {
            "labelled_normal": 1546,
            "labelled_malicious": 11,
            "recall": 0.007064868336544637
        },
        "4": {
            "labelled_normal": 3790,
            "labelled_malicious": 370,
            "recall": 0.0889423076923077
        },
        "5": {
            "labelled_normal": 960,
            "labelled_malicious": 37,
            "recall": 0.037111334002006016
        },
        "6": {
            "labelled_normal": 424,
            "labelled_malicious": 4,
            "recall": 0.009345794392523364
        },
        "7": {
            "labelled_normal": 788,
            "labelled_malicious": 13,
            "recall": 0.016229712858926344
        }
    }
}