{
    "TP": 664,
    "TN": 42826,
    "FP": 39,
    "FN": 11395,
    "accuracy": 0.7918214259704319,
    "precision": 0.9445234708392604,
    "recall": 0.05506260883987064,
    "attack_types": {
        "0": {
            "labelled_normal": 42826,
            "labelled_malicious": 39,
            "recall": 0.9990901668027529
        },
        "1": {
            "labelled_normal": 375,
            "labelled_malicious": 3,
            "recall": 0.007936507936507936
        },
        "2": {
            "labelled_normal": 289,
            "labelled_malicious": 2,
            "recall": 0.006872852233676976
        },
        "3": {
            "labelled_normal": 294,
            "labelled_malicious": 1,
            "recall": 0.003389830508474576
        },
        "4": {
            "labelled_normal": 413,
            "labelled_malicious": 0,
            "recall": 0.0
        },
        "5": {
            "labelled_normal": 105,
            "labelled_malicious": 169,
            "recall": 0.6167883211678832
        },
        "6": {
            "labelled_normal": 88,
            "labelled_malicious": 330,
            "recall": 0.7894736842105263
        },
        "7": {
            "labelled_normal": 289,
            "labelled_malicious": 16,
            "recall": 0.05245901639344262
        },
        "8": {
            "labelled_normal": 319,
            "labelled_malicious": 31,
            "recall": 0.08857142857142856
        },
        "9": {
            "labelled_normal": 299,
            "labelled_malicious": 1,
            "recall": 0.0033333333333333335
        },
        "10": {
            "labelled_normal": 286,
            "labelled_malicious": 0,
            "recall": 0.0
        },
        "11": {
            "labelled_normal": 320,
            "labelled_malicious": 17,
            "recall": 0.050445103857566766
        },
        "12": {
            "labelled_normal": 433,
            "labelled_malicious": 20,
            "recall": 0.04415011037527594
        },
        "13": {
            "labelled_normal": 304,
            "labelled_malicious": 15,
            "recall": 0.047021943573667714
        },
        "14": {
            "labelled_normal": 341,
            "labelled_malicious": 0,
            "recall": 0.0
        },
        "15": {
            "labelled_normal": 331,
            "labelled_malicious": 6,
            "recall": 0.017804154302670624
        },
        "16": {
            "labelled_normal": 341,
            "labelled_malicious": 0,
            "recall": 0.0
        },
        "17": {
            "labelled_normal": 275,
            "labelled_malicious": 0,
            "recall": 0.0
        },
        "18": {
            "labelled_normal": 441,
            "labelled_malicious": 12,
            "recall": 0.026490066225165563
        },
        "19": {
            "labelled_normal": 301,
            "labelled_malicious": 15,
            "recall": 0.04746835443037975
        },
        "20": {
            "labelled_normal": 145,
            "labelled_malicious": 0,
            "recall": 0.0
        },
        "21": {
            "labelled_normal": 324,
            "labelled_malicious": 12,
            "recall": 0.03571428571428571
        },
        "22": {
            "labelled_normal": 270,
            "labelled_malicious": 4,
            "recall": 0.014598540145985401
        },
        "23": {
            "labelled_normal": 451,
            "labelled_malicious": 2,
            "recall": 0.004415011037527594
        },
        "24": {
            "labelled_normal": 235,
            "labelled_malicious": 3,
            "recall": 0.012605042016806723
        },
        "25": {
            "labelled_normal": 271,
            "labelled_malicious": 1,
            "recall": 0.003676470588235294
        },
        "26": {
            "labelled_normal": 396,
            "labelled_malicious": 0,
            "recall": 0.0
        },
        "27": {
            "labelled_normal": 407,
            "labelled_malicious": 1,
            "recall": 0.0024509803921568627
        },
        "28": {
            "labelled_normal": 364,
            "labelled_malicious": 0,
            "recall": 0.0
        },
        "29": {
            "labelled_normal": 365,
            "labelled_malicious": 0,
            "recall": 0.0
        },
        "30": {
            "labelled_normal": 431,
            "labelled_malicious": 0,
            "recall": 0.0
        },
        "31": {
            "labelled_normal": 352,
            "labelled_malicious": 2,
            "recall": 0.005649717514124294
        },
        "32": {
            "labelled_normal": 385,
            "labelled_malicious": 1,
            "recall": 0.0025906735751295338
        },
        "33": {
            "labelled_normal": 308,
            "labelled_malicious": 0,
            "recall": 0.0
        },
        "34": {
            "labelled_normal": 414,
            "labelled_malicious": 0,
            "recall": 0.0
        },
        "35": {
            "labelled_normal": 433,
            "labelled_malicious": 0,
            "recall": 0.0
        }
    },
    "attack_categories": {
        "0": {
            "labelled_normal": 42826,
            "labelled_malicious": 39,
            "recall": 0.9990901668027529
        },
        "1": {
            "labelled_normal": 1533,
            "labelled_malicious": 3,
            "recall": 0.001953125
        },
        "2": {
            "labelled_normal": 2593,
            "labelled_malicious": 2,
            "recall": 0.0007707129094412332
        },
        "3": {
            "labelled_normal": 1592,
            "labelled_malicious": 21,
            "recall": 0.013019218846869188
        },
        "4": {
            "labelled_normal": 3510,
            "labelled_malicious": 590,
            "recall": 0.14390243902439023
        },
        "5": {
            "labelled_normal": 895,
            "labelled_malicious": 31,
            "recall": 0.03347732181425486
        },
        "6": {
            "labelled_normal": 441,
            "labelled_malicious": 12,
            "recall": 0.026490066225165563
        },
        "7": {
            "labelled_normal": 831,
            "labelled_malicious": 5,
            "recall": 0.005980861244019139
        }
    }
}