{
    "TP": 823,
    "TN": 42758,
    "FP": 55,
    "FN": 11288,
    "accuracy": 0.7934782608695652,
    "precision": 0.9373576309794989,
    "recall": 0.0679547518784576,
    "attack_types": {
        "0": {
            "labelled_normal": 42758,
            "labelled_malicious": 55,
            "recall": 0.9987153434704412
        },
        "1": {
            "labelled_normal": 318,
            "labelled_malicious": 4,
            "recall": 0.012422360248447204
        },
        "2": {
            "labelled_normal": 297,
            "labelled_malicious": 6,
            "recall": 0.019801980198019802
        },
        "3": {
            "labelled_normal": 120,
            "labelled_malicious": 242,
            "recall": 0.6685082872928176
        },
        "4": {
            "labelled_normal": 72,
            "labelled_malicious": 280,
            "recall": 0.7954545454545454
        },
        "5": {
            "labelled_normal": 284,
            "labelled_malicious": 8,
            "recall": 0.0273972602739726
        },
        "6": {
            "labelled_normal": 402,
            "labelled_malicious": 4,
            "recall": 0.009852216748768473
        },
        "7": {
            "labelled_normal": 245,
            "labelled_malicious": 46,
            "recall": 0.15807560137457044
        },
        "8": {
            "labelled_normal": 311,
            "labelled_malicious": 40,
            "recall": 0.11396011396011396
        },
        "9": {
            "labelled_normal": 223,
            "labelled_malicious": 24,
            "recall": 0.09716599190283401
        },
        "10": {
            "labelled_normal": 161,
            "labelled_malicious": 135,
            "recall": 0.4560810810810811
        },
        "11": {
            "labelled_normal": 362,
            "labelled_malicious": 1,
            "recall": 0.0027548209366391185
        },
        "12": {
            "labelled_normal": 460,
            "labelled_malicious": 0,
            "recall": 0.0
        },
        "13": {
            "labelled_normal": 359,
            "labelled_malicious": 0,
            "recall": 0.0
        },
        "14": {
            "labelled_normal": 358,
            "labelled_malicious": 0,
            "recall": 0.0
        },
        "15": {
            "labelled_normal": 318,
            "labelled_malicious": 2,
            "recall": 0.00625
        },
        "16": {
            "labelled_normal": 358,
            "labelled_malicious": 2,
            "recall": 0.005555555555555556
        },
        "17": {
            "labelled_normal": 297,
            "labelled_malicious": 10,
            "recall": 0.03257328990228013
        },
        "18": {
            "labelled_normal": 421,
            "labelled_malicious": 19,
            "recall": 0.04318181818181818
        },
        "19": {
            "labelled_normal": 333,
            "labelled_malicious": 0,
            "recall": 0.0
        },
        "20": {
            "labelled_normal": 133,
            "labelled_malicious": 0,
            "recall": 0.0
        },
        "21": {
            "labelled_normal": 344,
            "labelled_malicious": 0,
            "recall": 0.0
        },
        "22": {
            "labelled_normal": 319,
            "labelled_malicious": 0,
            "recall": 0.0
        },
        "23": {
            "labelled_normal": 457,
            "labelled_malicious": 0,
            "recall": 0.0
        },
        "24": {
            "labelled_normal": 211,
            "labelled_malicious": 0,
            "recall": 0.0
        },
        "25": {
            "labelled_normal": 307,
            "labelled_malicious": 0,
            "recall": 0.0
        },
        "26": {
            "labelled_normal": 343,
            "labelled_malicious": 0,
            "recall": 0.0
        },
        "27": {
            "labelled_normal": 446,
            "labelled_malicious": 0,
            "recall": 0.0
        },
        "28": {
            "labelled_normal": 336,
            "labelled_malicious": 0,
            "recall": 0.0
        },
        "29": {
            "labelled_normal": 393,
            "labelled_malicious": 0,
            "recall": 0.0
        },
        "30": {
            "labelled_normal": 393,
            "labelled_malicious": 0,
            "recall": 0.0
        },
        "31": {
            "labelled_normal": 405,
            "labelled_malicious": 0,
            "recall": 0.0
        },
        "32": {
            "labelled_normal": 368,
            "labelled_malicious": 0,
            "recall": 0.0
        },
        "33": {
            "labelled_normal": 317,
            "labelled_malicious": 0,
            "recall": 0.0
        },
        "34": {
            "labelled_normal": 380,
            "labelled_malicious": 0,
            "recall": 0.0
        },
        "35": {
            "labelled_normal": 437,
            "labelled_malicious": 0,
            "recall": 0.0
        }
    },
    "attack_categories": {
        "0": {
            "labelled_normal": 42758,
            "labelled_malicious": 55,
            "recall": 0.9987153434704412
        },
        "1": {
            "labelled_normal": 1559,
            "labelled_malicious": 0,
            "recall": 0.0
        },
        "2": {
            "labelled_normal": 2566,
            "labelled_malicious": 0,
            "recall": 0.0
        },
        "3": {
            "labelled_normal": 1690,
            "labelled_malicious": 14,
            "recall": 0.008215962441314555
        },
        "4": {
            "labelled_normal": 3255,
            "labelled_malicious": 790,
            "recall": 0.19530284301606923
        },
        "5": {
            "labelled_normal": 996,
            "labelled_malicious": 0,
            "recall": 0.0
        },
        "6": {
            "labelled_normal": 421,
            "labelled_malicious": 19,
            "recall": 0.04318181818181818
        },
        "7": {
            "labelled_normal": 801,
            "labelled_malicious": 0,
            "recall": 0.0
        }
    }
}