{
    "TP": 763,
    "TN": 42809,
    "FP": 31,
    "FN": 11321,
    "accuracy": 0.7933143980773433,
    "precision": 0.9609571788413098,
    "recall": 0.06314134392585237,
    "attack_types": {
        "0": {
            "labelled_normal": 42809,
            "labelled_malicious": 31,
            "recall": 0.9992763772175537
        },
        "1": {
            "labelled_normal": 381,
            "labelled_malicious": 3,
            "recall": 0.0078125
        },
        "2": {
            "labelled_normal": 305,
            "labelled_malicious": 1,
            "recall": 0.0032679738562091504
        },
        "3": {
            "labelled_normal": 318,
            "labelled_malicious": 28,
            "recall": 0.08092485549132948
        },
        "4": {
            "labelled_normal": 382,
            "labelled_malicious": 43,
            "recall": 0.1011764705882353
        },
        "5": {
            "labelled_normal": 290,
            "labelled_malicious": 3,
            "recall": 0.010238907849829351
        },
        "6": {
            "labelled_normal": 370,
            "labelled_malicious": 10,
            "recall": 0.02631578947368421
        },
        "7": {
            "labelled_normal": 262,
            "labelled_malicious": 34,
            "recall": 0.11486486486486487
        },
        "8": {
            "labelled_normal": 321,
            "labelled_malicious": 48,
            "recall": 0.13008130081300814
        },
        "9": {
            "labelled_normal": 308,
            "labelled_malicious": 0,
            "recall": 0.0
        },
        "10": {
            "labelled_normal": 274,
            "labelled_malicious": 2,
            "recall": 0.007246376811594203
        },
        "11": {
            "labelled_normal": 378,
            "labelled_malicious": 19,
            "recall": 0.04785894206549118
        },
        "12": {
            "labelled_normal": 380,
            "labelled_malicious": 0,
            "recall": 0.0
        },
        "13": {
            "labelled_normal": 312,
            "labelled_malicious": 2,
            "recall": 0.006369426751592357
        },
        "14": {
            "labelled_normal": 312,
            "labelled_malicious": 0,
            "recall": 0.0
        },
        "15": {
            "labelled_normal": 308,
            "labelled_malicious": 4,
            "recall": 0.01282051282051282
        },
        "16": {
            "labelled_normal": 336,
            "labelled_malicious": 0,
            "recall": 0.0
        },
        "17": {
            "labelled_normal": 283,
            "labelled_malicious": 0,
            "recall": 0.0
        },
        "18": {
            "labelled_normal": 36,
            "labelled_malicious": 392,
            "recall": 0.9158878504672897
        },
        "19": {
            "labelled_normal": 297,
            "labelled_malicious": 43,
            "recall": 0.1264705882352941
        },
        "20": {
            "labelled_normal": 120,
            "labelled_malicious": 1,
            "recall": 0.008264462809917356
        },
        "21": {
            "labelled_normal": 331,
            "labelled_malicious": 33,
            "recall": 0.09065934065934066
        },
        "22": {
            "labelled_normal": 266,
            "labelled_malicious": 27,
            "recall": 0.09215017064846416
        },
        "23": {
            "labelled_normal": 385,
            "labelled_malicious": 39,
            "recall": 0.09198113207547169
        },
        "24": {
            "labelled_normal": 237,
            "labelled_malicious": 19,
            "recall": 0.07421875
        },
        "25": {
            "labelled_normal": 294,
            "labelled_malicious": 1,
            "recall": 0.003389830508474576
        },
        "26": {
            "labelled_normal": 330,
            "labelled_malicious": 0,
            "recall": 0.0
        },
        "27": {
            "labelled_normal": 401,
            "labelled_malicious": 0,
            "recall": 0.0
        },
        "28": {
            "labelled_normal": 403,
            "labelled_malicious": 3,
            "recall": 0.007389162561576354
        },
        "29": {
            "labelled_normal": 357,
            "labelled_malicious": 0,
            "recall": 0.0
        },
        "30": {
            "labelled_normal": 446,
            "labelled_malicious": 0,
            "recall": 0.0
        },
        "31": {
            "labelled_normal": 389,
            "labelled_malicious": 7,
            "recall": 0.017676767676767676
        },
        "32": {
            "labelled_normal": 368,
            "labelled_malicious": 1,
            "recall": 0.0027100271002710027
        },
        "33": {
            "labelled_normal": 306,
            "labelled_malicious": 0,
            "recall": 0.0
        },
        "34": {
            "labelled_normal": 404,
            "labelled_malicious": 0,
            "recall": 0.0
        },
        "35": {
            "labelled_normal": 431,
            "labelled_malicious": 0,
            "recall": 0.0
        }
    },
    "attack_categories": {
        "0": {
            "labelled_normal": 42809,
            "labelled_malicious": 31,
            "recall": 0.9992763772175537
        },
        "1": {
            "labelled_normal": 1560,
            "labelled_malicious": 8,
            "recall": 0.00510204081632653
        },
        "2": {
            "labelled_normal": 2569,
            "labelled_malicious": 4,
            "recall": 0.001554605518849592
        },
        "3": {
            "labelled_normal": 1551,
            "labelled_malicious": 6,
            "recall": 0.0038535645472061657
        },
        "4": {
            "labelled_normal": 3969,
            "labelled_malicious": 191,
            "recall": 0.04591346153846154
        },
        "5": {
            "labelled_normal": 894,
            "labelled_malicious": 103,
            "recall": 0.10330992978936811
        },
        "6": {
            "labelled_normal": 36,
            "labelled_malicious": 392,
            "recall": 0.9158878504672897
        },
        "7": {
            "labelled_normal": 742,
            "labelled_malicious": 59,
            "recall": 0.07365792759051186
        }
    }
}