{
    "TP": 512,
    "TN": 42836,
    "FP": 4,
    "FN": 11572,
    "accuracy": 0.7892360352487073,
    "precision": 0.9922480620155039,
    "recall": 0.042370076133730554,
    "attack_types": {
        "0": {
            "labelled_normal": 42836,
            "labelled_malicious": 4,
            "recall": 0.999906629318394
        },
        "1": {
            "labelled_normal": 384,
            "labelled_malicious": 0,
            "recall": 0.0
        },
        "2": {
            "labelled_normal": 306,
            "labelled_malicious": 0,
            "recall": 0.0
        },
        "3": {
            "labelled_normal": 296,
            "labelled_malicious": 50,
            "recall": 0.14450867052023122
        },
        "4": {
            "labelled_normal": 374,
            "labelled_malicious": 51,
            "recall": 0.12
        },
        "5": {
            "labelled_normal": 292,
            "labelled_malicious": 1,
            "recall": 0.0034129692832764505
        },
        "6": {
            "labelled_normal": 371,
            "labelled_malicious": 9,
            "recall": 0.02368421052631579
        },
        "7": {
            "labelled_normal": 283,
            "labelled_malicious": 13,
            "recall": 0.04391891891891892
        },
        "8": {
            "labelled_normal": 353,
            "labelled_malicious": 16,
            "recall": 0.04336043360433604
        },
        "9": {
            "labelled_normal": 308,
            "labelled_malicious": 0,
            "recall": 0.0
        },
        "10": {
            "labelled_normal": 276,
            "labelled_malicious": 0,
            "recall": 0.0
        },
        "11": {
            "labelled_normal": 384,
            "labelled_malicious": 13,
            "recall": 0.0327455919395466
        },
        "12": {
            "labelled_normal": 380,
            "labelled_malicious": 0,
            "recall": 0.0
        },
        "13": {
            "labelled_normal": 274,
            "labelled_malicious": 40,
            "recall": 0.12738853503184713
        },
        "14": {
            "labelled_normal": 312,
            "labelled_malicious": 0,
            "recall": 0.0
        },
        "15": {
            "labelled_normal": 298,
            "labelled_malicious": 14,
            "recall": 0.04487179487179487
        },
        "16": {
            "labelled_normal": 334,
            "labelled_malicious": 2,
            "recall": 0.005952380952380952
        },
        "17": {
            "labelled_normal": 3,
            "labelled_malicious": 280,
            "recall": 0.9893992932862191
        },
        "18": {
            "labelled_normal": 416,
            "labelled_malicious": 12,
            "recall": 0.028037383177570093
        },
        "19": {
            "labelled_normal": 338,
            "labelled_malicious": 2,
            "recall": 0.0058823529411764705
        },
        "20": {
            "labelled_normal": 121,
            "labelled_malicious": 0,
            "recall": 0.0
        },
        "21": {
            "labelled_normal": 359,
            "labelled_malicious": 5,
            "recall": 0.013736263736263736
        },
        "22": {
            "labelled_normal": 290,
            "labelled_malicious": 3,
            "recall": 0.010238907849829351
        },
        "23": {
            "labelled_normal": 423,
            "labelled_malicious": 1,
            "recall": 0.0023584905660377358
        },
        "24": {
            "labelled_normal": 256,
            "labelled_malicious": 0,
            "recall": 0.0
        },
        "25": {
            "labelled_normal": 295,
            "labelled_malicious": 0,
            "recall": 0.0
        },
        "26": {
            "labelled_normal": 330,
            "labelled_malicious": 0,
            "recall": 0.0
        },
        "27": {
            "labelled_normal": 401,
            "labelled_malicious": 0,
            "recall": 0.0
        },
        "28": {
            "labelled_normal": 406,
            "labelled_malicious": 0,
            "recall": 0.0
        },
        "29": {
            "labelled_normal": 357,
            "labelled_malicious": 0,
            "recall": 0.0
        },
        "30": {
            "labelled_normal": 446,
            "labelled_malicious": 0,
            "recall": 0.0
        },
        "31": {
            "labelled_normal": 396,
            "labelled_malicious": 0,
            "recall": 0.0
        },
        "32": {
            "labelled_normal": 369,
            "labelled_malicious": 0,
            "recall": 0.0
        },
        "33": {
            "labelled_normal": 306,
            "labelled_malicious": 0,
            "recall": 0.0
        },
        "34": {
            "labelled_normal": 404,
            "labelled_malicious": 0,
            "recall": 0.0
        },
        "35": {
            "labelled_normal": 431,
            "labelled_malicious": 0,
            "recall": 0.0
        }
    },
    "attack_categories": {
        "0": {
            "labelled_normal": 42836,
            "labelled_malicious": 4,
            "recall": 0.999906629318394
        },
        "1": {
            "labelled_normal": 1568,
            "labelled_malicious": 0,
            "recall": 0.0
        },
        "2": {
            "labelled_normal": 2573,
            "labelled_malicious": 0,
            "recall": 0.0
        },
        "3": {
            "labelled_normal": 1221,
            "labelled_malicious": 336,
            "recall": 0.21579961464354527
        },
        "4": {
            "labelled_normal": 4007,
            "labelled_malicious": 153,
            "recall": 0.036778846153846155
        },
        "5": {
            "labelled_normal": 987,
            "labelled_malicious": 10,
            "recall": 0.010030090270812437
        },
        "6": {
            "labelled_normal": 416,
            "labelled_malicious": 12,
            "recall": 0.028037383177570093
        },
        "7": {
            "labelled_normal": 800,
            "labelled_malicious": 1,
            "recall": 0.0012484394506866417
        }
    }
}