{
    "TP": 547,
    "TN": 42999,
    "FP": 31,
    "FN": 11351,
    "accuracy": 0.7927832799300903,
    "precision": 0.9463667820069204,
    "recall": 0.04597411329635233,
    "attack_types": {
        "0": {
            "labelled_normal": 42999,
            "labelled_malicious": 31,
            "recall": 0.9992795723913549
        },
        "1": {
            "labelled_normal": 111,
            "labelled_malicious": 207,
            "recall": 0.6509433962264151
        },
        "2": {
            "labelled_normal": 96,
            "labelled_malicious": 188,
            "recall": 0.6619718309859155
        },
        "3": {
            "labelled_normal": 323,
            "labelled_malicious": 14,
            "recall": 0.04154302670623145
        },
        "4": {
            "labelled_normal": 352,
            "labelled_malicious": 22,
            "recall": 0.058823529411764705
        },
        "5": {
            "labelled_normal": 278,
            "labelled_malicious": 1,
            "recall": 0.0035842293906810036
        },
        "6": {
            "labelled_normal": 398,
            "labelled_malicious": 0,
            "recall": 0.0
        },
        "7": {
            "labelled_normal": 280,
            "labelled_malicious": 13,
            "recall": 0.04436860068259386
        },
        "8": {
            "labelled_normal": 340,
            "labelled_malicious": 28,
            "recall": 0.07608695652173914
        },
        "9": {
            "labelled_normal": 262,
            "labelled_malicious": 0,
            "recall": 0.0
        },
        "10": {
            "labelled_normal": 299,
            "labelled_malicious": 0,
            "recall": 0.0
        },
        "11": {
            "labelled_normal": 388,
            "labelled_malicious": 0,
            "recall": 0.0
        },
        "12": {
            "labelled_normal": 394,
            "labelled_malicious": 2,
            "recall": 0.005050505050505051
        },
        "13": {
            "labelled_normal": 277,
            "labelled_malicious": 1,
            "recall": 0.0035971223021582736
        },
        "14": {
            "labelled_normal": 343,
            "labelled_malicious": 1,
            "recall": 0.0029069767441860465
        },
        "15": {
            "labelled_normal": 294,
            "labelled_malicious": 1,
            "recall": 0.003389830508474576
        },
        "16": {
            "labelled_normal": 328,
            "labelled_malicious": 0,
            "recall": 0.0
        },
        "17": {
            "labelled_normal": 269,
            "labelled_malicious": 2,
            "recall": 0.007380073800738007
        },
        "18": {
            "labelled_normal": 382,
            "labelled_malicious": 65,
            "recall": 0.14541387024608501
        },
        "19": {
            "labelled_normal": 335,
            "labelled_malicious": 0,
            "recall": 0.0
        },
        "20": {
            "labelled_normal": 126,
            "labelled_malicious": 0,
            "recall": 0.0
        },
        "21": {
            "labelled_normal": 359,
            "labelled_malicious": 0,
            "recall": 0.0
        },
        "22": {
            "labelled_normal": 339,
            "labelled_malicious": 0,
            "recall": 0.0
        },
        "23": {
            "labelled_normal": 331,
            "labelled_malicious": 0,
            "recall": 0.0
        },
        "24": {
            "labelled_normal": 239,
            "labelled_malicious": 2,
            "recall": 0.008298755186721992
        },
        "25": {
            "labelled_normal": 301,
            "labelled_malicious": 0,
            "recall": 0.0
        },
        "26": {
            "labelled_normal": 373,
            "labelled_malicious": 0,
            "recall": 0.0
        },
        "27": {
            "labelled_normal": 405,
            "labelled_malicious": 0,
            "recall": 0.0
        },
        "28": {
            "labelled_normal": 382,
            "labelled_malicious": 0,
            "recall": 0.0
        },
        "29": {
            "labelled_normal": 375,
            "labelled_malicious": 0,
            "recall": 0.0
        },
        "30": {
            "labelled_normal": 439,
            "labelled_malicious": 0,
            "recall": 0.0
        },
        "31": {
            "labelled_normal": 393,
            "labelled_malicious": 0,
            "recall": 0.0
        },
        "32": {
            "labelled_normal": 332,
            "labelled_malicious": 0,
            "recall": 0.0
        },
        "33": {
            "labelled_normal": 320,
            "labelled_malicious": 0,
            "recall": 0.0
        },
        "34": {
            "labelled_normal": 405,
            "labelled_malicious": 0,
            "recall": 0.0
        },
        "35": {
            "labelled_normal": 483,
            "labelled_malicious": 0,
            "recall": 0.0
        }
    },
    "attack_categories": {
        "0": {
            "labelled_normal": 42999,
            "labelled_malicious": 31,
            "recall": 0.9992795723913549
        },
        "1": {
            "labelled_normal": 1539,
            "labelled_malicious": 0,
            "recall": 0.0
        },
        "2": {
            "labelled_normal": 2669,
            "labelled_malicious": 0,
            "recall": 0.0
        },
        "3": {
            "labelled_normal": 1511,
            "labelled_malicious": 5,
            "recall": 0.0032981530343007917
        },
        "4": {
            "labelled_normal": 3521,
            "labelled_malicious": 475,
            "recall": 0.11886886886886887
        },
        "5": {
            "labelled_normal": 1033,
            "labelled_malicious": 0,
            "recall": 0.0
        },
        "6": {
            "labelled_normal": 382,
            "labelled_malicious": 65,
            "recall": 0.14541387024608501
        },
        "7": {
            "labelled_normal": 696,
            "labelled_malicious": 2,
            "recall": 0.0028653295128939827
        }
    }
}