{
    "TP": 462,
    "TN": 42791,
    "FP": 22,
    "FN": 11649,
    "accuracy": 0.7875063724419198,
    "precision": 0.9545454545454546,
    "recall": 0.03814713896457766,
    "attack_types": {
        "0": {
            "labelled_normal": 42791,
            "labelled_malicious": 22,
            "recall": 0.9994861373881765
        },
        "1": {
            "labelled_normal": 122,
            "labelled_malicious": 200,
            "recall": 0.6211180124223602
        },
        "2": {
            "labelled_normal": 121,
            "labelled_malicious": 182,
            "recall": 0.6006600660066007
        },
        "3": {
            "labelled_normal": 355,
            "labelled_malicious": 7,
            "recall": 0.019337016574585635
        },
        "4": {
            "labelled_normal": 344,
            "labelled_malicious": 8,
            "recall": 0.022727272727272728
        },
        "5": {
            "labelled_normal": 286,
            "labelled_malicious": 6,
            "recall": 0.02054794520547945
        },
        "6": {
            "labelled_normal": 406,
            "labelled_malicious": 0,
            "recall": 0.0
        },
        "7": {
            "labelled_normal": 279,
            "labelled_malicious": 12,
            "recall": 0.041237113402061855
        },
        "8": {
            "labelled_normal": 319,
            "labelled_malicious": 32,
            "recall": 0.09116809116809117
        },
        "9": {
            "labelled_normal": 247,
            "labelled_malicious": 0,
            "recall": 0.0
        },
        "10": {
            "labelled_normal": 296,
            "labelled_malicious": 0,
            "recall": 0.0
        },
        "11": {
            "labelled_normal": 363,
            "labelled_malicious": 0,
            "recall": 0.0
        },
        "12": {
            "labelled_normal": 454,
            "labelled_malicious": 6,
            "recall": 0.013043478260869565
        },
        "13": {
            "labelled_normal": 357,
            "labelled_malicious": 2,
            "recall": 0.005571030640668524
        },
        "14": {
            "labelled_normal": 353,
            "labelled_malicious": 5,
            "recall": 0.013966480446927373
        },
        "15": {
            "labelled_normal": 320,
            "labelled_malicious": 0,
            "recall": 0.0
        },
        "16": {
            "labelled_normal": 360,
            "labelled_malicious": 0,
            "recall": 0.0
        },
        "17": {
            "labelled_normal": 307,
            "labelled_malicious": 0,
            "recall": 0.0
        },
        "18": {
            "labelled_normal": 438,
            "labelled_malicious": 2,
            "recall": 0.004545454545454545
        },
        "19": {
            "labelled_normal": 333,
            "labelled_malicious": 0,
            "recall": 0.0
        },
        "20": {
            "labelled_normal": 133,
            "labelled_malicious": 0,
            "recall": 0.0
        },
        "21": {
            "labelled_normal": 344,
            "labelled_malicious": 0,
            "recall": 0.0
        },
        "22": {
            "labelled_normal": 319,
            "labelled_malicious": 0,
            "recall": 0.0
        },
        "23": {
            "labelled_normal": 457,
            "labelled_malicious": 0,
            "recall": 0.0
        },
        "24": {
            "labelled_normal": 211,
            "labelled_malicious": 0,
            "recall": 0.0
        },
        "25": {
            "labelled_normal": 307,
            "labelled_malicious": 0,
            "recall": 0.0
        },
        "26": {
            "labelled_normal": 343,
            "labelled_malicious": 0,
            "recall": 0.0
        },
        "27": {
            "labelled_normal": 446,
            "labelled_malicious": 0,
            "recall": 0.0
        },
        "28": {
            "labelled_normal": 336,
            "labelled_malicious": 0,
            "recall": 0.0
        },
        "29": {
            "labelled_normal": 393,
            "labelled_malicious": 0,
            "recall": 0.0
        },
        "30": {
            "labelled_normal": 393,
            "labelled_malicious": 0,
            "recall": 0.0
        },
        "31": {
            "labelled_normal": 405,
            "labelled_malicious": 0,
            "recall": 0.0
        },
        "32": {
            "labelled_normal": 368,
            "labelled_malicious": 0,
            "recall": 0.0
        },
        "33": {
            "labelled_normal": 317,
            "labelled_malicious": 0,
            "recall": 0.0
        },
        "34": {
            "labelled_normal": 380,
            "labelled_malicious": 0,
            "recall": 0.0
        },
        "35": {
            "labelled_normal": 437,
            "labelled_malicious": 0,
            "recall": 0.0
        }
    },
    "attack_categories": {
        "0": {
            "labelled_normal": 42791,
            "labelled_malicious": 22,
            "recall": 0.9994861373881765
        },
        "1": {
            "labelled_normal": 1559,
            "labelled_malicious": 0,
            "recall": 0.0
        },
        "2": {
            "labelled_normal": 2566,
            "labelled_malicious": 0,
            "recall": 0.0
        },
        "3": {
            "labelled_normal": 1697,
            "labelled_malicious": 7,
            "recall": 0.004107981220657277
        },
        "4": {
            "labelled_normal": 3592,
            "labelled_malicious": 453,
            "recall": 0.11199011124845488
        },
        "5": {
            "labelled_normal": 996,
            "labelled_malicious": 0,
            "recall": 0.0
        },
        "6": {
            "labelled_normal": 438,
            "labelled_malicious": 2,
            "recall": 0.004545454545454545
        },
        "7": {
            "labelled_normal": 801,
            "labelled_malicious": 0,
            "recall": 0.0
        }
    }
}