{
    "TP": 223,
    "TN": 43001,
    "FP": 27,
    "FN": 11673,
    "accuracy": 0.7869783701114267,
    "precision": 0.892,
    "recall": 0.018745796906523202,
    "attack_types": {
        "0": {
            "labelled_normal": 43001,
            "labelled_malicious": 27,
            "recall": 0.9993725016268477
        },
        "1": {
            "labelled_normal": 388,
            "labelled_malicious": 2,
            "recall": 0.005128205128205128
        },
        "2": {
            "labelled_normal": 275,
            "labelled_malicious": 1,
            "recall": 0.0036231884057971015
        },
        "3": {
            "labelled_normal": 360,
            "labelled_malicious": 0,
            "recall": 0.0
        },
        "4": {
            "labelled_normal": 367,
            "labelled_malicious": 1,
            "recall": 0.002717391304347826
        },
        "5": {
            "labelled_normal": 278,
            "labelled_malicious": 0,
            "recall": 0.0
        },
        "6": {
            "labelled_normal": 423,
            "labelled_malicious": 1,
            "recall": 0.0023584905660377358
        },
        "7": {
            "labelled_normal": 327,
            "labelled_malicious": 0,
            "recall": 0.0
        },
        "8": {
            "labelled_normal": 359,
            "labelled_malicious": 1,
            "recall": 0.002777777777777778
        },
        "9": {
            "labelled_normal": 276,
            "labelled_malicious": 3,
            "recall": 0.010752688172043012
        },
        "10": {
            "labelled_normal": 315,
            "labelled_malicious": 2,
            "recall": 0.006309148264984227
        },
        "11": {
            "labelled_normal": 349,
            "labelled_malicious": 0,
            "recall": 0.0
        },
        "12": {
            "labelled_normal": 383,
            "labelled_malicious": 0,
            "recall": 0.0
        },
        "13": {
            "labelled_normal": 314,
            "labelled_malicious": 10,
            "recall": 0.030864197530864196
        },
        "14": {
            "labelled_normal": 321,
            "labelled_malicious": 0,
            "recall": 0.0
        },
        "15": {
            "labelled_normal": 138,
            "labelled_malicious": 156,
            "recall": 0.5306122448979592
        },
        "16": {
            "labelled_normal": 277,
            "labelled_malicious": 16,
            "recall": 0.05460750853242321
        },
        "17": {
            "labelled_normal": 258,
            "labelled_malicious": 20,
            "recall": 0.07194244604316546
        },
        "18": {
            "labelled_normal": 398,
            "labelled_malicious": 10,
            "recall": 0.024509803921568627
        },
        "19": {
            "labelled_normal": 310,
            "labelled_malicious": 0,
            "recall": 0.0
        },
        "20": {
            "labelled_normal": 141,
            "labelled_malicious": 0,
            "recall": 0.0
        },
        "21": {
            "labelled_normal": 319,
            "labelled_malicious": 0,
            "recall": 0.0
        },
        "22": {
            "labelled_normal": 317,
            "labelled_malicious": 0,
            "recall": 0.0
        },
        "23": {
            "labelled_normal": 383,
            "labelled_malicious": 0,
            "recall": 0.0
        },
        "24": {
            "labelled_normal": 214,
            "labelled_malicious": 0,
            "recall": 0.0
        },
        "25": {
            "labelled_normal": 297,
            "labelled_malicious": 0,
            "recall": 0.0
        },
        "26": {
            "labelled_normal": 366,
            "labelled_malicious": 0,
            "recall": 0.0
        },
        "27": {
            "labelled_normal": 419,
            "labelled_malicious": 0,
            "recall": 0.0
        },
        "28": {
            "labelled_normal": 370,
            "labelled_malicious": 0,
            "recall": 0.0
        },
        "29": {
            "labelled_normal": 366,
            "labelled_malicious": 0,
            "recall": 0.0
        },
        "30": {
            "labelled_normal": 411,
            "labelled_malicious": 0,
            "recall": 0.0
        },
        "31": {
            "labelled_normal": 358,
            "labelled_malicious": 0,
            "recall": 0.0
        },
        "32": {
            "labelled_normal": 416,
            "labelled_malicious": 0,
            "recall": 0.0
        },
        "33": {
            "labelled_normal": 353,
            "labelled_malicious": 0,
            "recall": 0.0
        },
        "34": {
            "labelled_normal": 407,
            "labelled_malicious": 0,
            "recall": 0.0
        },
        "35": {
            "labelled_normal": 420,
            "labelled_malicious": 0,
            "recall": 0.0
        }
    },
    "attack_categories": {
        "0": {
            "labelled_normal": 43001,
            "labelled_malicious": 27,
            "recall": 0.9993725016268477
        },
        "1": {
            "labelled_normal": 1551,
            "labelled_malicious": 0,
            "recall": 0.0
        },
        "2": {
            "labelled_normal": 2632,
            "labelled_malicious": 0,
            "recall": 0.0
        },
        "3": {
            "labelled_normal": 1308,
            "labelled_malicious": 202,
            "recall": 0.1337748344370861
        },
        "4": {
            "labelled_normal": 4100,
            "labelled_malicious": 11,
            "recall": 0.002675747993189005
        },
        "5": {
            "labelled_normal": 946,
            "labelled_malicious": 0,
            "recall": 0.0
        },
        "6": {
            "labelled_normal": 398,
            "labelled_malicious": 10,
            "recall": 0.024509803921568627
        },
        "7": {
            "labelled_normal": 738,
            "labelled_malicious": 0,
            "recall": 0.0
        }
    }
}