{
    "TP": 680,
    "TN": 42801,
    "FP": 12,
    "FN": 11431,
    "accuracy": 0.7916575631782099,
    "precision": 0.9826589595375722,
    "recall": 0.05614730410370737,
    "attack_types": {
        "0": {
            "labelled_normal": 42801,
            "labelled_malicious": 12,
            "recall": 0.9997197113026417
        },
        "1": {
            "labelled_normal": 322,
            "labelled_malicious": 0,
            "recall": 0.0
        },
        "2": {
            "labelled_normal": 301,
            "labelled_malicious": 2,
            "recall": 0.006600660066006601
        },
        "3": {
            "labelled_normal": 272,
            "labelled_malicious": 90,
            "recall": 0.24861878453038674
        },
        "4": {
            "labelled_normal": 289,
            "labelled_malicious": 63,
            "recall": 0.17897727272727273
        },
        "5": {
            "labelled_normal": 26,
            "labelled_malicious": 266,
            "recall": 0.910958904109589
        },
        "6": {
            "labelled_normal": 234,
            "labelled_malicious": 172,
            "recall": 0.4236453201970443
        },
        "7": {
            "labelled_normal": 285,
            "labelled_malicious": 6,
            "recall": 0.020618556701030927
        },
        "8": {
            "labelled_normal": 333,
            "labelled_malicious": 18,
            "recall": 0.05128205128205128
        },
        "9": {
            "labelled_normal": 247,
            "labelled_malicious": 0,
            "recall": 0.0
        },
        "10": {
            "labelled_normal": 295,
            "labelled_malicious": 1,
            "recall": 0.0033783783783783786
        },
        "11": {
            "labelled_normal": 363,
            "labelled_malicious": 0,
            "recall": 0.0
        },
        "12": {
            "labelled_normal": 460,
            "labelled_malicious": 0,
            "recall": 0.0
        },
        "13": {
            "labelled_normal": 359,
            "labelled_malicious": 0,
            "recall": 0.0
        },
        "14": {
            "labelled_normal": 358,
            "labelled_malicious": 0,
            "recall": 0.0
        },
        "15": {
            "labelled_normal": 317,
            "labelled_malicious": 3,
            "recall": 0.009375
        },
        "16": {
            "labelled_normal": 360,
            "labelled_malicious": 0,
            "recall": 0.0
        },
        "17": {
            "labelled_normal": 307,
            "labelled_malicious": 0,
            "recall": 0.0
        },
        "18": {
            "labelled_normal": 381,
            "labelled_malicious": 59,
            "recall": 0.1340909090909091
        },
        "19": {
            "labelled_normal": 333,
            "labelled_malicious": 0,
            "recall": 0.0
        },
        "20": {
            "labelled_normal": 133,
            "labelled_malicious": 0,
            "recall": 0.0
        },
        "21": {
            "labelled_normal": 344,
            "labelled_malicious": 0,
            "recall": 0.0
        },
        "22": {
            "labelled_normal": 319,
            "labelled_malicious": 0,
            "recall": 0.0
        },
        "23": {
            "labelled_normal": 457,
            "labelled_malicious": 0,
            "recall": 0.0
        },
        "24": {
            "labelled_normal": 211,
            "labelled_malicious": 0,
            "recall": 0.0
        },
        "25": {
            "labelled_normal": 307,
            "labelled_malicious": 0,
            "recall": 0.0
        },
        "26": {
            "labelled_normal": 343,
            "labelled_malicious": 0,
            "recall": 0.0
        },
        "27": {
            "labelled_normal": 446,
            "labelled_malicious": 0,
            "recall": 0.0
        },
        "28": {
            "labelled_normal": 336,
            "labelled_malicious": 0,
            "recall": 0.0
        },
        "29": {
            "labelled_normal": 393,
            "labelled_malicious": 0,
            "recall": 0.0
        },
        "30": {
            "labelled_normal": 393,
            "labelled_malicious": 0,
            "recall": 0.0
        },
        "31": {
            "labelled_normal": 405,
            "labelled_malicious": 0,
            "recall": 0.0
        },
        "32": {
            "labelled_normal": 368,
            "labelled_malicious": 0,
            "recall": 0.0
        },
        "33": {
            "labelled_normal": 317,
            "labelled_malicious": 0,
            "recall": 0.0
        },
        "34": {
            "labelled_normal": 380,
            "labelled_malicious": 0,
            "recall": 0.0
        },
        "35": {
            "labelled_normal": 437,
            "labelled_malicious": 0,
            "recall": 0.0
        }
    },
    "attack_categories": {
        "0": {
            "labelled_normal": 42801,
            "labelled_malicious": 12,
            "recall": 0.9997197113026417
        },
        "1": {
            "labelled_normal": 1559,
            "labelled_malicious": 0,
            "recall": 0.0
        },
        "2": {
            "labelled_normal": 2566,
            "labelled_malicious": 0,
            "recall": 0.0
        },
        "3": {
            "labelled_normal": 1701,
            "labelled_malicious": 3,
            "recall": 0.0017605633802816902
        },
        "4": {
            "labelled_normal": 3427,
            "labelled_malicious": 618,
            "recall": 0.15278121137206427
        },
        "5": {
            "labelled_normal": 996,
            "labelled_malicious": 0,
            "recall": 0.0
        },
        "6": {
            "labelled_normal": 381,
            "labelled_malicious": 59,
            "recall": 0.1340909090909091
        },
        "7": {
            "labelled_normal": 801,
            "labelled_malicious": 0,
            "recall": 0.0
        }
    }
}