{
    "TP": 499,
    "TN": 42808,
    "FP": 5,
    "FN": 57813,
    "accuracy": 0.4282521631644005,
    "precision": 0.9900793650793651,
    "recall": 0.008557415283303609,
    "attack_types": {
        "0": {
            "labelled_normal": 42808,
            "labelled_malicious": 5,
            "recall": 0.9998832130427674
        },
        "1": {
            "labelled_normal": 1792,
            "labelled_malicious": 0,
            "recall": 0.0
        },
        "2": {
            "labelled_normal": 1449,
            "labelled_malicious": 11,
            "recall": 0.007534246575342466
        },
        "3": {
            "labelled_normal": 1685,
            "labelled_malicious": 15,
            "recall": 0.008823529411764706
        },
        "4": {
            "labelled_normal": 1932,
            "labelled_malicious": 0,
            "recall": 0.0
        },
        "5": {
            "labelled_normal": 1416,
            "labelled_malicious": 0,
            "recall": 0.0
        },
        "6": {
            "labelled_normal": 2026,
            "labelled_malicious": 0,
            "recall": 0.0
        },
        "7": {
            "labelled_normal": 1504,
            "labelled_malicious": 8,
            "recall": 0.005291005291005291
        },
        "8": {
            "labelled_normal": 1798,
            "labelled_malicious": 0,
            "recall": 0.0
        },
        "9": {
            "labelled_normal": 1395,
            "labelled_malicious": 1,
            "recall": 0.0007163323782234957
        },
        "10": {
            "labelled_normal": 1472,
            "labelled_malicious": 2,
            "recall": 0.0013568521031207597
        },
        "11": {
            "labelled_normal": 1834,
            "labelled_malicious": 0,
            "recall": 0.0
        },
        "12": {
            "labelled_normal": 2072,
            "labelled_malicious": 0,
            "recall": 0.0
        },
        "13": {
            "labelled_normal": 1563,
            "labelled_malicious": 31,
            "recall": 0.01944792973651192
        },
        "14": {
            "labelled_normal": 1671,
            "labelled_malicious": 5,
            "recall": 0.0029832935560859188
        },
        "15": {
            "labelled_normal": 1553,
            "labelled_malicious": 5,
            "recall": 0.003209242618741977
        },
        "16": {
            "labelled_normal": 1658,
            "labelled_malicious": 0,
            "recall": 0.0
        },
        "17": {
            "labelled_normal": 1414,
            "labelled_malicious": 0,
            "recall": 0.0
        },
        "18": {
            "labelled_normal": 19,
            "labelled_malicious": 421,
            "recall": 0.9568181818181818
        },
        "19": {
            "labelled_normal": 1634,
            "labelled_malicious": 0,
            "recall": 0.0
        },
        "20": {
            "labelled_normal": 666,
            "labelled_malicious": 0,
            "recall": 0.0
        },
        "21": {
            "labelled_normal": 1722,
            "labelled_malicious": 0,
            "recall": 0.0
        },
        "22": {
            "labelled_normal": 1542,
            "labelled_malicious": 0,
            "recall": 0.0
        },
        "23": {
            "labelled_normal": 2048,
            "labelled_malicious": 0,
            "recall": 0.0
        },
        "24": {
            "labelled_normal": 1160,
            "labelled_malicious": 0,
            "recall": 0.0
        },
        "25": {
            "labelled_normal": 1472,
            "labelled_malicious": 0,
            "recall": 0.0
        },
        "26": {
            "labelled_normal": 1808,
            "labelled_malicious": 0,
            "recall": 0.0
        },
        "27": {
            "labelled_normal": 2079,
            "labelled_malicious": 0,
            "recall": 0.0
        },
        "28": {
            "labelled_normal": 1858,
            "labelled_malicious": 0,
            "recall": 0.0
        },
        "29": {
            "labelled_normal": 1856,
            "labelled_malicious": 0,
            "recall": 0.0
        },
        "30": {
            "labelled_normal": 2120,
            "labelled_malicious": 0,
            "recall": 0.0
        },
        "31": {
            "labelled_normal": 1906,
            "labelled_malicious": 0,
            "recall": 0.0
        },
        "32": {
            "labelled_normal": 1871,
            "labelled_malicious": 0,
            "recall": 0.0
        },
        "33": {
            "labelled_normal": 1604,
            "labelled_malicious": 0,
            "recall": 0.0
        },
        "34": {
            "labelled_normal": 2010,
            "labelled_malicious": 0,
            "recall": 0.0
        },
        "35": {
            "labelled_normal": 2204,
            "labelled_malicious": 0,
            "recall": 0.0
        }
    },
    "attack_categories": {
        "0": {
            "labelled_normal": 42808,
            "labelled_malicious": 5,
            "recall": 0.9998832130427674
        },
        "1": {
            "labelled_normal": 7753,
            "labelled_malicious": 0,
            "recall": 0.0
        },
        "2": {
            "labelled_normal": 13035,
            "labelled_malicious": 0,
            "recall": 0.0
        },
        "3": {
            "labelled_normal": 7859,
            "labelled_malicious": 41,
            "recall": 0.005189873417721519
        },
        "4": {
            "labelled_normal": 20375,
            "labelled_malicious": 37,
            "recall": 0.0018126592200666276
        },
        "5": {
            "labelled_normal": 4898,
            "labelled_malicious": 0,
            "recall": 0.0
        },
        "6": {
            "labelled_normal": 19,
            "labelled_malicious": 421,
            "recall": 0.9568181818181818
        },
        "7": {
            "labelled_normal": 3874,
            "labelled_malicious": 0,
            "recall": 0.0
        }
    }
}