{
    "TP": 538,
    "TN": 43023,
    "FP": 5,
    "FN": 57742,
    "accuracy": 0.42998578592016423,
    "precision": 0.990791896869245,
    "recall": 0.009231297185998627,
    "attack_types": {
        "0": {
            "labelled_normal": 43023,
            "labelled_malicious": 5,
            "recall": 0.9998837965975643
        },
        "1": {
            "labelled_normal": 1792,
            "labelled_malicious": 0,
            "recall": 0.0
        },
        "2": {
            "labelled_normal": 1456,
            "labelled_malicious": 4,
            "recall": 0.0027397260273972603
        },
        "3": {
            "labelled_normal": 1687,
            "labelled_malicious": 13,
            "recall": 0.007647058823529412
        },
        "4": {
            "labelled_normal": 1930,
            "labelled_malicious": 2,
            "recall": 0.0010351966873706005
        },
        "5": {
            "labelled_normal": 1416,
            "labelled_malicious": 0,
            "recall": 0.0
        },
        "6": {
            "labelled_normal": 2026,
            "labelled_malicious": 0,
            "recall": 0.0
        },
        "7": {
            "labelled_normal": 1496,
            "labelled_malicious": 16,
            "recall": 0.010582010582010581
        },
        "8": {
            "labelled_normal": 1798,
            "labelled_malicious": 0,
            "recall": 0.0
        },
        "9": {
            "labelled_normal": 1394,
            "labelled_malicious": 2,
            "recall": 0.0014326647564469914
        },
        "10": {
            "labelled_normal": 1466,
            "labelled_malicious": 8,
            "recall": 0.005427408412483039
        },
        "11": {
            "labelled_normal": 1816,
            "labelled_malicious": 18,
            "recall": 0.009814612868047983
        },
        "12": {
            "labelled_normal": 2072,
            "labelled_malicious": 0,
            "recall": 0.0
        },
        "13": {
            "labelled_normal": 1546,
            "labelled_malicious": 48,
            "recall": 0.030112923462986198
        },
        "14": {
            "labelled_normal": 1671,
            "labelled_malicious": 5,
            "recall": 0.0029832935560859188
        },
        "15": {
            "labelled_normal": 1553,
            "labelled_malicious": 5,
            "recall": 0.003209242618741977
        },
        "16": {
            "labelled_normal": 1658,
            "labelled_malicious": 0,
            "recall": 0.0
        },
        "17": {
            "labelled_normal": 1414,
            "labelled_malicious": 0,
            "recall": 0.0
        },
        "18": {
            "labelled_normal": 26,
            "labelled_malicious": 382,
            "recall": 0.9362745098039216
        },
        "19": {
            "labelled_normal": 1634,
            "labelled_malicious": 0,
            "recall": 0.0
        },
        "20": {
            "labelled_normal": 665,
            "labelled_malicious": 1,
            "recall": 0.0015015015015015015
        },
        "21": {
            "labelled_normal": 1722,
            "labelled_malicious": 0,
            "recall": 0.0
        },
        "22": {
            "labelled_normal": 1542,
            "labelled_malicious": 0,
            "recall": 0.0
        },
        "23": {
            "labelled_normal": 2014,
            "labelled_malicious": 34,
            "recall": 0.0166015625
        },
        "24": {
            "labelled_normal": 1160,
            "labelled_malicious": 0,
            "recall": 0.0
        },
        "25": {
            "labelled_normal": 1472,
            "labelled_malicious": 0,
            "recall": 0.0
        },
        "26": {
            "labelled_normal": 1808,
            "labelled_malicious": 0,
            "recall": 0.0
        },
        "27": {
            "labelled_normal": 2079,
            "labelled_malicious": 0,
            "recall": 0.0
        },
        "28": {
            "labelled_normal": 1858,
            "labelled_malicious": 0,
            "recall": 0.0
        },
        "29": {
            "labelled_normal": 1856,
            "labelled_malicious": 0,
            "recall": 0.0
        },
        "30": {
            "labelled_normal": 2120,
            "labelled_malicious": 0,
            "recall": 0.0
        },
        "31": {
            "labelled_normal": 1906,
            "labelled_malicious": 0,
            "recall": 0.0
        },
        "32": {
            "labelled_normal": 1871,
            "labelled_malicious": 0,
            "recall": 0.0
        },
        "33": {
            "labelled_normal": 1604,
            "labelled_malicious": 0,
            "recall": 0.0
        },
        "34": {
            "labelled_normal": 2010,
            "labelled_malicious": 0,
            "recall": 0.0
        },
        "35": {
            "labelled_normal": 2204,
            "labelled_malicious": 0,
            "recall": 0.0
        }
    },
    "attack_categories": {
        "0": {
            "labelled_normal": 43023,
            "labelled_malicious": 5,
            "recall": 0.9998837965975643
        },
        "1": {
            "labelled_normal": 7753,
            "labelled_malicious": 0,
            "recall": 0.0
        },
        "2": {
            "labelled_normal": 13035,
            "labelled_malicious": 0,
            "recall": 0.0
        },
        "3": {
            "labelled_normal": 7842,
            "labelled_malicious": 58,
            "recall": 0.007341772151898734
        },
        "4": {
            "labelled_normal": 20349,
            "labelled_malicious": 63,
            "recall": 0.0030864197530864196
        },
        "5": {
            "labelled_normal": 4898,
            "labelled_malicious": 0,
            "recall": 0.0
        },
        "6": {
            "labelled_normal": 26,
            "labelled_malicious": 382,
            "recall": 0.9362745098039216
        },
        "7": {
            "labelled_normal": 3839,
            "labelled_malicious": 35,
            "recall": 0.009034589571502324
        }
    }
}