{
    "TP": 506,
    "TN": 42827,
    "FP": 13,
    "FN": 57794,
    "accuracy": 0.428445718805616,
    "precision": 0.9749518304431599,
    "recall": 0.008679245283018867,
    "attack_types": {
        "0": {
            "labelled_normal": 42827,
            "labelled_malicious": 13,
            "recall": 0.9996965452847806
        },
        "1": {
            "labelled_normal": 1792,
            "labelled_malicious": 0,
            "recall": 0.0
        },
        "2": {
            "labelled_normal": 1448,
            "labelled_malicious": 12,
            "recall": 0.00821917808219178
        },
        "3": {
            "labelled_normal": 1685,
            "labelled_malicious": 15,
            "recall": 0.008823529411764706
        },
        "4": {
            "labelled_normal": 1932,
            "labelled_malicious": 0,
            "recall": 0.0
        },
        "5": {
            "labelled_normal": 1416,
            "labelled_malicious": 0,
            "recall": 0.0
        },
        "6": {
            "labelled_normal": 2026,
            "labelled_malicious": 0,
            "recall": 0.0
        },
        "7": {
            "labelled_normal": 1512,
            "labelled_malicious": 0,
            "recall": 0.0
        },
        "8": {
            "labelled_normal": 1798,
            "labelled_malicious": 0,
            "recall": 0.0
        },
        "9": {
            "labelled_normal": 1392,
            "labelled_malicious": 4,
            "recall": 0.0028653295128939827
        },
        "10": {
            "labelled_normal": 1468,
            "labelled_malicious": 6,
            "recall": 0.004070556309362279
        },
        "11": {
            "labelled_normal": 1822,
            "labelled_malicious": 12,
            "recall": 0.006543075245365322
        },
        "12": {
            "labelled_normal": 2072,
            "labelled_malicious": 0,
            "recall": 0.0
        },
        "13": {
            "labelled_normal": 1560,
            "labelled_malicious": 34,
            "recall": 0.02132998745294856
        },
        "14": {
            "labelled_normal": 1675,
            "labelled_malicious": 1,
            "recall": 0.0005966587112171838
        },
        "15": {
            "labelled_normal": 1554,
            "labelled_malicious": 4,
            "recall": 0.0025673940949935813
        },
        "16": {
            "labelled_normal": 1658,
            "labelled_malicious": 0,
            "recall": 0.0
        },
        "17": {
            "labelled_normal": 1414,
            "labelled_malicious": 0,
            "recall": 0.0
        },
        "18": {
            "labelled_normal": 16,
            "labelled_malicious": 412,
            "recall": 0.9626168224299065
        },
        "19": {
            "labelled_normal": 1634,
            "labelled_malicious": 0,
            "recall": 0.0
        },
        "20": {
            "labelled_normal": 665,
            "labelled_malicious": 1,
            "recall": 0.0015015015015015015
        },
        "21": {
            "labelled_normal": 1722,
            "labelled_malicious": 0,
            "recall": 0.0
        },
        "22": {
            "labelled_normal": 1542,
            "labelled_malicious": 0,
            "recall": 0.0
        },
        "23": {
            "labelled_normal": 2043,
            "labelled_malicious": 5,
            "recall": 0.00244140625
        },
        "24": {
            "labelled_normal": 1160,
            "labelled_malicious": 0,
            "recall": 0.0
        },
        "25": {
            "labelled_normal": 1472,
            "labelled_malicious": 0,
            "recall": 0.0
        },
        "26": {
            "labelled_normal": 1808,
            "labelled_malicious": 0,
            "recall": 0.0
        },
        "27": {
            "labelled_normal": 2079,
            "labelled_malicious": 0,
            "recall": 0.0
        },
        "28": {
            "labelled_normal": 1858,
            "labelled_malicious": 0,
            "recall": 0.0
        },
        "29": {
            "labelled_normal": 1856,
            "labelled_malicious": 0,
            "recall": 0.0
        },
        "30": {
            "labelled_normal": 2120,
            "labelled_malicious": 0,
            "recall": 0.0
        },
        "31": {
            "labelled_normal": 1906,
            "labelled_malicious": 0,
            "recall": 0.0
        },
        "32": {
            "labelled_normal": 1871,
            "labelled_malicious": 0,
            "recall": 0.0
        },
        "33": {
            "labelled_normal": 1604,
            "labelled_malicious": 0,
            "recall": 0.0
        },
        "34": {
            "labelled_normal": 2010,
            "labelled_malicious": 0,
            "recall": 0.0
        },
        "35": {
            "labelled_normal": 2204,
            "labelled_malicious": 0,
            "recall": 0.0
        }
    },
    "attack_categories": {
        "0": {
            "labelled_normal": 42827,
            "labelled_malicious": 13,
            "recall": 0.9996965452847806
        },
        "1": {
            "labelled_normal": 7753,
            "labelled_malicious": 0,
            "recall": 0.0
        },
        "2": {
            "labelled_normal": 13035,
            "labelled_malicious": 0,
            "recall": 0.0
        },
        "3": {
            "labelled_normal": 7861,
            "labelled_malicious": 39,
            "recall": 0.004936708860759494
        },
        "4": {
            "labelled_normal": 20363,
            "labelled_malicious": 49,
            "recall": 0.0024005486968449933
        },
        "5": {
            "labelled_normal": 4898,
            "labelled_malicious": 0,
            "recall": 0.0
        },
        "6": {
            "labelled_normal": 16,
            "labelled_malicious": 412,
            "recall": 0.9626168224299065
        },
        "7": {
            "labelled_normal": 3868,
            "labelled_malicious": 6,
            "recall": 0.0015487867836861124
        }
    }
}