{
    "TP": 546,
    "TN": 43019,
    "FP": 11,
    "FN": 57773,
    "accuracy": 0.42985130588362985,
    "precision": 0.9802513464991023,
    "recall": 0.009362300450967953,
    "attack_types": {
        "0": {
            "labelled_normal": 43019,
            "labelled_malicious": 11,
            "recall": 0.9997443643969324
        },
        "1": {
            "labelled_normal": 1792,
            "labelled_malicious": 0,
            "recall": 0.0
        },
        "2": {
            "labelled_normal": 1448,
            "labelled_malicious": 12,
            "recall": 0.00821917808219178
        },
        "3": {
            "labelled_normal": 1678,
            "labelled_malicious": 22,
            "recall": 0.012941176470588235
        },
        "4": {
            "labelled_normal": 1932,
            "labelled_malicious": 0,
            "recall": 0.0
        },
        "5": {
            "labelled_normal": 1416,
            "labelled_malicious": 0,
            "recall": 0.0
        },
        "6": {
            "labelled_normal": 2026,
            "labelled_malicious": 0,
            "recall": 0.0
        },
        "7": {
            "labelled_normal": 1504,
            "labelled_malicious": 8,
            "recall": 0.005291005291005291
        },
        "8": {
            "labelled_normal": 1798,
            "labelled_malicious": 0,
            "recall": 0.0
        },
        "9": {
            "labelled_normal": 1395,
            "labelled_malicious": 1,
            "recall": 0.0007163323782234957
        },
        "10": {
            "labelled_normal": 1469,
            "labelled_malicious": 5,
            "recall": 0.0033921302578018998
        },
        "11": {
            "labelled_normal": 1823,
            "labelled_malicious": 11,
            "recall": 0.0059978189749182115
        },
        "12": {
            "labelled_normal": 2072,
            "labelled_malicious": 0,
            "recall": 0.0
        },
        "13": {
            "labelled_normal": 1541,
            "labelled_malicious": 53,
            "recall": 0.033249686323713924
        },
        "14": {
            "labelled_normal": 1671,
            "labelled_malicious": 5,
            "recall": 0.0029832935560859188
        },
        "15": {
            "labelled_normal": 1555,
            "labelled_malicious": 3,
            "recall": 0.0019255455712451862
        },
        "16": {
            "labelled_normal": 1657,
            "labelled_malicious": 1,
            "recall": 0.0006031363088057901
        },
        "17": {
            "labelled_normal": 1414,
            "labelled_malicious": 0,
            "recall": 0.0
        },
        "18": {
            "labelled_normal": 22,
            "labelled_malicious": 425,
            "recall": 0.9507829977628636
        },
        "19": {
            "labelled_normal": 1634,
            "labelled_malicious": 0,
            "recall": 0.0
        },
        "20": {
            "labelled_normal": 666,
            "labelled_malicious": 0,
            "recall": 0.0
        },
        "21": {
            "labelled_normal": 1722,
            "labelled_malicious": 0,
            "recall": 0.0
        },
        "22": {
            "labelled_normal": 1542,
            "labelled_malicious": 0,
            "recall": 0.0
        },
        "23": {
            "labelled_normal": 2048,
            "labelled_malicious": 0,
            "recall": 0.0
        },
        "24": {
            "labelled_normal": 1160,
            "labelled_malicious": 0,
            "recall": 0.0
        },
        "25": {
            "labelled_normal": 1472,
            "labelled_malicious": 0,
            "recall": 0.0
        },
        "26": {
            "labelled_normal": 1808,
            "labelled_malicious": 0,
            "recall": 0.0
        },
        "27": {
            "labelled_normal": 2079,
            "labelled_malicious": 0,
            "recall": 0.0
        },
        "28": {
            "labelled_normal": 1858,
            "labelled_malicious": 0,
            "recall": 0.0
        },
        "29": {
            "labelled_normal": 1856,
            "labelled_malicious": 0,
            "recall": 0.0
        },
        "30": {
            "labelled_normal": 2120,
            "labelled_malicious": 0,
            "recall": 0.0
        },
        "31": {
            "labelled_normal": 1906,
            "labelled_malicious": 0,
            "recall": 0.0
        },
        "32": {
            "labelled_normal": 1871,
            "labelled_malicious": 0,
            "recall": 0.0
        },
        "33": {
            "labelled_normal": 1604,
            "labelled_malicious": 0,
            "recall": 0.0
        },
        "34": {
            "labelled_normal": 2010,
            "labelled_malicious": 0,
            "recall": 0.0
        },
        "35": {
            "labelled_normal": 2204,
            "labelled_malicious": 0,
            "recall": 0.0
        }
    },
    "attack_categories": {
        "0": {
            "labelled_normal": 43019,
            "labelled_malicious": 11,
            "recall": 0.9997443643969324
        },
        "1": {
            "labelled_normal": 7753,
            "labelled_malicious": 0,
            "recall": 0.0
        },
        "2": {
            "labelled_normal": 13035,
            "labelled_malicious": 0,
            "recall": 0.0
        },
        "3": {
            "labelled_normal": 7838,
            "labelled_malicious": 62,
            "recall": 0.007848101265822785
        },
        "4": {
            "labelled_normal": 20353,
            "labelled_malicious": 59,
            "recall": 0.002890456594160298
        },
        "5": {
            "labelled_normal": 4898,
            "labelled_malicious": 0,
            "recall": 0.0
        },
        "6": {
            "labelled_normal": 22,
            "labelled_malicious": 425,
            "recall": 0.9507829977628636
        },
        "7": {
            "labelled_normal": 3874,
            "labelled_malicious": 0,
            "recall": 0.0
        }
    }
}