{
    "TP": 496,
    "TN": 42807,
    "FP": 6,
    "FN": 57816,
    "accuracy": 0.42821260815822004,
    "precision": 0.9880478087649402,
    "recall": 0.00850596789683084,
    "attack_types": {
        "0": {
            "labelled_normal": 42807,
            "labelled_malicious": 6,
            "recall": 0.9998598556513209
        },
        "1": {
            "labelled_normal": 1792,
            "labelled_malicious": 0,
            "recall": 0.0
        },
        "2": {
            "labelled_normal": 1448,
            "labelled_malicious": 12,
            "recall": 0.00821917808219178
        },
        "3": {
            "labelled_normal": 1685,
            "labelled_malicious": 15,
            "recall": 0.008823529411764706
        },
        "4": {
            "labelled_normal": 1932,
            "labelled_malicious": 0,
            "recall": 0.0
        },
        "5": {
            "labelled_normal": 1416,
            "labelled_malicious": 0,
            "recall": 0.0
        },
        "6": {
            "labelled_normal": 2026,
            "labelled_malicious": 0,
            "recall": 0.0
        },
        "7": {
            "labelled_normal": 1504,
            "labelled_malicious": 8,
            "recall": 0.005291005291005291
        },
        "8": {
            "labelled_normal": 1798,
            "labelled_malicious": 0,
            "recall": 0.0
        },
        "9": {
            "labelled_normal": 1395,
            "labelled_malicious": 1,
            "recall": 0.0007163323782234957
        },
        "10": {
            "labelled_normal": 1469,
            "labelled_malicious": 5,
            "recall": 0.0033921302578018998
        },
        "11": {
            "labelled_normal": 1834,
            "labelled_malicious": 0,
            "recall": 0.0
        },
        "12": {
            "labelled_normal": 2072,
            "labelled_malicious": 0,
            "recall": 0.0
        },
        "13": {
            "labelled_normal": 1565,
            "labelled_malicious": 29,
            "recall": 0.01819322459222083
        },
        "14": {
            "labelled_normal": 1675,
            "labelled_malicious": 1,
            "recall": 0.0005966587112171838
        },
        "15": {
            "labelled_normal": 1554,
            "labelled_malicious": 4,
            "recall": 0.0025673940949935813
        },
        "16": {
            "labelled_normal": 1658,
            "labelled_malicious": 0,
            "recall": 0.0
        },
        "17": {
            "labelled_normal": 1414,
            "labelled_malicious": 0,
            "recall": 0.0
        },
        "18": {
            "labelled_normal": 19,
            "labelled_malicious": 421,
            "recall": 0.9568181818181818
        },
        "19": {
            "labelled_normal": 1634,
            "labelled_malicious": 0,
            "recall": 0.0
        },
        "20": {
            "labelled_normal": 666,
            "labelled_malicious": 0,
            "recall": 0.0
        },
        "21": {
            "labelled_normal": 1722,
            "labelled_malicious": 0,
            "recall": 0.0
        },
        "22": {
            "labelled_normal": 1542,
            "labelled_malicious": 0,
            "recall": 0.0
        },
        "23": {
            "labelled_normal": 2048,
            "labelled_malicious": 0,
            "recall": 0.0
        },
        "24": {
            "labelled_normal": 1160,
            "labelled_malicious": 0,
            "recall": 0.0
        },
        "25": {
            "labelled_normal": 1472,
            "labelled_malicious": 0,
            "recall": 0.0
        },
        "26": {
            "labelled_normal": 1808,
            "labelled_malicious": 0,
            "recall": 0.0
        },
        "27": {
            "labelled_normal": 2079,
            "labelled_malicious": 0,
            "recall": 0.0
        },
        "28": {
            "labelled_normal": 1858,
            "labelled_malicious": 0,
            "recall": 0.0
        },
        "29": {
            "labelled_normal": 1856,
            "labelled_malicious": 0,
            "recall": 0.0
        },
        "30": {
            "labelled_normal": 2120,
            "labelled_malicious": 0,
            "recall": 0.0
        },
        "31": {
            "labelled_normal": 1906,
            "labelled_malicious": 0,
            "recall": 0.0
        },
        "32": {
            "labelled_normal": 1871,
            "labelled_malicious": 0,
            "recall": 0.0
        },
        "33": {
            "labelled_normal": 1604,
            "labelled_malicious": 0,
            "recall": 0.0
        },
        "34": {
            "labelled_normal": 2010,
            "labelled_malicious": 0,
            "recall": 0.0
        },
        "35": {
            "labelled_normal": 2204,
            "labelled_malicious": 0,
            "recall": 0.0
        }
    },
    "attack_categories": {
        "0": {
            "labelled_normal": 42807,
            "labelled_malicious": 6,
            "recall": 0.9998598556513209
        },
        "1": {
            "labelled_normal": 7753,
            "labelled_malicious": 0,
            "recall": 0.0
        },
        "2": {
            "labelled_normal": 13035,
            "labelled_malicious": 0,
            "recall": 0.0
        },
        "3": {
            "labelled_normal": 7866,
            "labelled_malicious": 34,
            "recall": 0.004303797468354431
        },
        "4": {
            "labelled_normal": 20371,
            "labelled_malicious": 41,
            "recall": 0.0020086223789927493
        },
        "5": {
            "labelled_normal": 4898,
            "labelled_malicious": 0,
            "recall": 0.0
        },
        "6": {
            "labelled_normal": 19,
            "labelled_malicious": 421,
            "recall": 0.9568181818181818
        },
        "7": {
            "labelled_normal": 3874,
            "labelled_malicious": 0,
            "recall": 0.0
        }
    }
}