{
    "TP": 536,
    "TN": 42861,
    "FP": 4,
    "FN": 57789,
    "accuracy": 0.4288664887834766,
    "precision": 0.9925925925925926,
    "recall": 0.009189884269181312,
    "attack_types": {
        "0": {
            "labelled_normal": 42861,
            "labelled_malicious": 4,
            "recall": 0.9999066837746413
        },
        "1": {
            "labelled_normal": 1792,
            "labelled_malicious": 0,
            "recall": 0.0
        },
        "2": {
            "labelled_normal": 1458,
            "labelled_malicious": 2,
            "recall": 0.0013698630136986301
        },
        "3": {
            "labelled_normal": 1687,
            "labelled_malicious": 13,
            "recall": 0.007647058823529412
        },
        "4": {
            "labelled_normal": 1931,
            "labelled_malicious": 1,
            "recall": 0.0005175983436853002
        },
        "5": {
            "labelled_normal": 1416,
            "labelled_malicious": 0,
            "recall": 0.0
        },
        "6": {
            "labelled_normal": 2026,
            "labelled_malicious": 0,
            "recall": 0.0
        },
        "7": {
            "labelled_normal": 1496,
            "labelled_malicious": 16,
            "recall": 0.010582010582010581
        },
        "8": {
            "labelled_normal": 1798,
            "labelled_malicious": 0,
            "recall": 0.0
        },
        "9": {
            "labelled_normal": 1395,
            "labelled_malicious": 1,
            "recall": 0.0007163323782234957
        },
        "10": {
            "labelled_normal": 1466,
            "labelled_malicious": 8,
            "recall": 0.005427408412483039
        },
        "11": {
            "labelled_normal": 1823,
            "labelled_malicious": 11,
            "recall": 0.0059978189749182115
        },
        "12": {
            "labelled_normal": 2072,
            "labelled_malicious": 0,
            "recall": 0.0
        },
        "13": {
            "labelled_normal": 1546,
            "labelled_malicious": 48,
            "recall": 0.030112923462986198
        },
        "14": {
            "labelled_normal": 1675,
            "labelled_malicious": 1,
            "recall": 0.0005966587112171838
        },
        "15": {
            "labelled_normal": 1552,
            "labelled_malicious": 6,
            "recall": 0.0038510911424903724
        },
        "16": {
            "labelled_normal": 1658,
            "labelled_malicious": 0,
            "recall": 0.0
        },
        "17": {
            "labelled_normal": 1414,
            "labelled_malicious": 0,
            "recall": 0.0
        },
        "18": {
            "labelled_normal": 24,
            "labelled_malicious": 429,
            "recall": 0.9470198675496688
        },
        "19": {
            "labelled_normal": 1634,
            "labelled_malicious": 0,
            "recall": 0.0
        },
        "20": {
            "labelled_normal": 666,
            "labelled_malicious": 0,
            "recall": 0.0
        },
        "21": {
            "labelled_normal": 1722,
            "labelled_malicious": 0,
            "recall": 0.0
        },
        "22": {
            "labelled_normal": 1542,
            "labelled_malicious": 0,
            "recall": 0.0
        },
        "23": {
            "labelled_normal": 2048,
            "labelled_malicious": 0,
            "recall": 0.0
        },
        "24": {
            "labelled_normal": 1160,
            "labelled_malicious": 0,
            "recall": 0.0
        },
        "25": {
            "labelled_normal": 1472,
            "labelled_malicious": 0,
            "recall": 0.0
        },
        "26": {
            "labelled_normal": 1808,
            "labelled_malicious": 0,
            "recall": 0.0
        },
        "27": {
            "labelled_normal": 2079,
            "labelled_malicious": 0,
            "recall": 0.0
        },
        "28": {
            "labelled_normal": 1858,
            "labelled_malicious": 0,
            "recall": 0.0
        },
        "29": {
            "labelled_normal": 1856,
            "labelled_malicious": 0,
            "recall": 0.0
        },
        "30": {
            "labelled_normal": 2120,
            "labelled_malicious": 0,
            "recall": 0.0
        },
        "31": {
            "labelled_normal": 1906,
            "labelled_malicious": 0,
            "recall": 0.0
        },
        "32": {
            "labelled_normal": 1871,
            "labelled_malicious": 0,
            "recall": 0.0
        },
        "33": {
            "labelled_normal": 1604,
            "labelled_malicious": 0,
            "recall": 0.0
        },
        "34": {
            "labelled_normal": 2010,
            "labelled_malicious": 0,
            "recall": 0.0
        },
        "35": {
            "labelled_normal": 2204,
            "labelled_malicious": 0,
            "recall": 0.0
        }
    },
    "attack_categories": {
        "0": {
            "labelled_normal": 42861,
            "labelled_malicious": 4,
            "recall": 0.9999066837746413
        },
        "1": {
            "labelled_normal": 7753,
            "labelled_malicious": 0,
            "recall": 0.0
        },
        "2": {
            "labelled_normal": 13035,
            "labelled_malicious": 0,
            "recall": 0.0
        },
        "3": {
            "labelled_normal": 7845,
            "labelled_malicious": 55,
            "recall": 0.006962025316455696
        },
        "4": {
            "labelled_normal": 20360,
            "labelled_malicious": 52,
            "recall": 0.0025475210660395845
        },
        "5": {
            "labelled_normal": 4898,
            "labelled_malicious": 0,
            "recall": 0.0
        },
        "6": {
            "labelled_normal": 24,
            "labelled_malicious": 429,
            "recall": 0.9470198675496688
        },
        "7": {
            "labelled_normal": 3874,
            "labelled_malicious": 0,
            "recall": 0.0
        }
    }
}