{
    "TP": 2165,
    "TN": 43028,
    "FP": 2,
    "FN": 56707,
    "accuracy": 0.4434947302310063,
    "precision": 0.9990770650669127,
    "recall": 0.036774697649137114,
    "attack_types": {
        "0": {
            "labelled_normal": 43028,
            "labelled_malicious": 2,
            "recall": 0.9999535207994422
        },
        "1": {
            "labelled_normal": 202,
            "labelled_malicious": 1590,
            "recall": 0.8872767857142857
        },
        "2": {
            "labelled_normal": 12,
            "labelled_malicious": 272,
            "recall": 0.9577464788732394
        },
        "3": {
            "labelled_normal": 1700,
            "labelled_malicious": 0,
            "recall": 0.0
        },
        "4": {
            "labelled_normal": 1932,
            "labelled_malicious": 0,
            "recall": 0.0
        },
        "5": {
            "labelled_normal": 1414,
            "labelled_malicious": 2,
            "recall": 0.0014124293785310734
        },
        "6": {
            "labelled_normal": 2026,
            "labelled_malicious": 0,
            "recall": 0.0
        },
        "7": {
            "labelled_normal": 1512,
            "labelled_malicious": 0,
            "recall": 0.0
        },
        "8": {
            "labelled_normal": 1796,
            "labelled_malicious": 2,
            "recall": 0.0011123470522803114
        },
        "9": {
            "labelled_normal": 1391,
            "labelled_malicious": 5,
            "recall": 0.0035816618911174787
        },
        "10": {
            "labelled_normal": 1471,
            "labelled_malicious": 3,
            "recall": 0.0020352781546811396
        },
        "11": {
            "labelled_normal": 1834,
            "labelled_malicious": 0,
            "recall": 0.0
        },
        "12": {
            "labelled_normal": 2072,
            "labelled_malicious": 0,
            "recall": 0.0
        },
        "13": {
            "labelled_normal": 1573,
            "labelled_malicious": 21,
            "recall": 0.013174404015056462
        },
        "14": {
            "labelled_normal": 1676,
            "labelled_malicious": 0,
            "recall": 0.0
        },
        "15": {
            "labelled_normal": 1556,
            "labelled_malicious": 2,
            "recall": 0.0012836970474967907
        },
        "16": {
            "labelled_normal": 1626,
            "labelled_malicious": 32,
            "recall": 0.019300361881785282
        },
        "17": {
            "labelled_normal": 1396,
            "labelled_malicious": 18,
            "recall": 0.01272984441301273
        },
        "18": {
            "labelled_normal": 2146,
            "labelled_malicious": 30,
            "recall": 0.013786764705882353
        },
        "19": {
            "labelled_normal": 1602,
            "labelled_malicious": 32,
            "recall": 0.019583843329253364
        },
        "20": {
            "labelled_normal": 635,
            "labelled_malicious": 31,
            "recall": 0.046546546546546545
        },
        "21": {
            "labelled_normal": 1660,
            "labelled_malicious": 62,
            "recall": 0.036004645760743324
        },
        "22": {
            "labelled_normal": 1494,
            "labelled_malicious": 48,
            "recall": 0.0311284046692607
        },
        "23": {
            "labelled_normal": 2048,
            "labelled_malicious": 0,
            "recall": 0.0
        },
        "24": {
            "labelled_normal": 1145,
            "labelled_malicious": 15,
            "recall": 0.01293103448275862
        },
        "25": {
            "labelled_normal": 1472,
            "labelled_malicious": 0,
            "recall": 0.0
        },
        "26": {
            "labelled_normal": 1808,
            "labelled_malicious": 0,
            "recall": 0.0
        },
        "27": {
            "labelled_normal": 2079,
            "labelled_malicious": 0,
            "recall": 0.0
        },
        "28": {
            "labelled_normal": 1858,
            "labelled_malicious": 0,
            "recall": 0.0
        },
        "29": {
            "labelled_normal": 1856,
            "labelled_malicious": 0,
            "recall": 0.0
        },
        "30": {
            "labelled_normal": 2120,
            "labelled_malicious": 0,
            "recall": 0.0
        },
        "31": {
            "labelled_normal": 1906,
            "labelled_malicious": 0,
            "recall": 0.0
        },
        "32": {
            "labelled_normal": 1871,
            "labelled_malicious": 0,
            "recall": 0.0
        },
        "33": {
            "labelled_normal": 1604,
            "labelled_malicious": 0,
            "recall": 0.0
        },
        "34": {
            "labelled_normal": 2010,
            "labelled_malicious": 0,
            "recall": 0.0
        },
        "35": {
            "labelled_normal": 2204,
            "labelled_malicious": 0,
            "recall": 0.0
        }
    },
    "attack_categories": {
        "0": {
            "labelled_normal": 43028,
            "labelled_malicious": 2,
            "recall": 0.9999535207994422
        },
        "1": {
            "labelled_normal": 7753,
            "labelled_malicious": 0,
            "recall": 0.0
        },
        "2": {
            "labelled_normal": 13035,
            "labelled_malicious": 0,
            "recall": 0.0
        },
        "3": {
            "labelled_normal": 7827,
            "labelled_malicious": 73,
            "recall": 0.009240506329113924
        },
        "4": {
            "labelled_normal": 17362,
            "labelled_malicious": 1874,
            "recall": 0.09742150135163236
        },
        "5": {
            "labelled_normal": 4756,
            "labelled_malicious": 142,
            "recall": 0.028991425071457737
        },
        "6": {
            "labelled_normal": 2146,
            "labelled_malicious": 30,
            "recall": 0.013786764705882353
        },
        "7": {
            "labelled_normal": 3828,
            "labelled_malicious": 46,
            "recall": 0.011874032008260196
        }
    }
}