{
    "TP": 447,
    "TN": 42808,
    "FP": 5,
    "FN": 58366,
    "accuracy": 0.4256292681006829,
    "precision": 0.9889380530973452,
    "recall": 0.0076003604645231496,
    "attack_types": {
        "0": {
            "labelled_normal": 42808,
            "labelled_malicious": 5,
            "recall": 0.9998832130427674
        },
        "1": {
            "labelled_normal": 1790,
            "labelled_malicious": 2,
            "recall": 0.0011160714285714285
        },
        "2": {
            "labelled_normal": 1456,
            "labelled_malicious": 4,
            "recall": 0.0027397260273972603
        },
        "3": {
            "labelled_normal": 1700,
            "labelled_malicious": 0,
            "recall": 0.0
        },
        "4": {
            "labelled_normal": 1932,
            "labelled_malicious": 0,
            "recall": 0.0
        },
        "5": {
            "labelled_normal": 1416,
            "labelled_malicious": 0,
            "recall": 0.0
        },
        "6": {
            "labelled_normal": 2026,
            "labelled_malicious": 0,
            "recall": 0.0
        },
        "7": {
            "labelled_normal": 1503,
            "labelled_malicious": 9,
            "recall": 0.005952380952380952
        },
        "8": {
            "labelled_normal": 1798,
            "labelled_malicious": 0,
            "recall": 0.0
        },
        "9": {
            "labelled_normal": 1396,
            "labelled_malicious": 0,
            "recall": 0.0
        },
        "10": {
            "labelled_normal": 1471,
            "labelled_malicious": 3,
            "recall": 0.0020352781546811396
        },
        "11": {
            "labelled_normal": 1834,
            "labelled_malicious": 0,
            "recall": 0.0
        },
        "12": {
            "labelled_normal": 2072,
            "labelled_malicious": 0,
            "recall": 0.0
        },
        "13": {
            "labelled_normal": 12,
            "labelled_malicious": 347,
            "recall": 0.9665738161559888
        },
        "14": {
            "labelled_normal": 1675,
            "labelled_malicious": 1,
            "recall": 0.0005966587112171838
        },
        "15": {
            "labelled_normal": 1522,
            "labelled_malicious": 36,
            "recall": 0.023106546854942234
        },
        "16": {
            "labelled_normal": 1658,
            "labelled_malicious": 0,
            "recall": 0.0
        },
        "17": {
            "labelled_normal": 1414,
            "labelled_malicious": 0,
            "recall": 0.0
        },
        "18": {
            "labelled_normal": 2141,
            "labelled_malicious": 35,
            "recall": 0.01608455882352941
        },
        "19": {
            "labelled_normal": 1624,
            "labelled_malicious": 10,
            "recall": 0.006119951040391677
        },
        "20": {
            "labelled_normal": 666,
            "labelled_malicious": 0,
            "recall": 0.0
        },
        "21": {
            "labelled_normal": 1722,
            "labelled_malicious": 0,
            "recall": 0.0
        },
        "22": {
            "labelled_normal": 1542,
            "labelled_malicious": 0,
            "recall": 0.0
        },
        "23": {
            "labelled_normal": 2048,
            "labelled_malicious": 0,
            "recall": 0.0
        },
        "24": {
            "labelled_normal": 1160,
            "labelled_malicious": 0,
            "recall": 0.0
        },
        "25": {
            "labelled_normal": 1472,
            "labelled_malicious": 0,
            "recall": 0.0
        },
        "26": {
            "labelled_normal": 1808,
            "labelled_malicious": 0,
            "recall": 0.0
        },
        "27": {
            "labelled_normal": 2079,
            "labelled_malicious": 0,
            "recall": 0.0
        },
        "28": {
            "labelled_normal": 1858,
            "labelled_malicious": 0,
            "recall": 0.0
        },
        "29": {
            "labelled_normal": 1856,
            "labelled_malicious": 0,
            "recall": 0.0
        },
        "30": {
            "labelled_normal": 2120,
            "labelled_malicious": 0,
            "recall": 0.0
        },
        "31": {
            "labelled_normal": 1906,
            "labelled_malicious": 0,
            "recall": 0.0
        },
        "32": {
            "labelled_normal": 1871,
            "labelled_malicious": 0,
            "recall": 0.0
        },
        "33": {
            "labelled_normal": 1604,
            "labelled_malicious": 0,
            "recall": 0.0
        },
        "34": {
            "labelled_normal": 2010,
            "labelled_malicious": 0,
            "recall": 0.0
        },
        "35": {
            "labelled_normal": 2204,
            "labelled_malicious": 0,
            "recall": 0.0
        }
    },
    "attack_categories": {
        "0": {
            "labelled_normal": 42808,
            "labelled_malicious": 5,
            "recall": 0.9998832130427674
        },
        "1": {
            "labelled_normal": 7753,
            "labelled_malicious": 0,
            "recall": 0.0
        },
        "2": {
            "labelled_normal": 13035,
            "labelled_malicious": 0,
            "recall": 0.0
        },
        "3": {
            "labelled_normal": 6281,
            "labelled_malicious": 384,
            "recall": 0.05761440360090023
        },
        "4": {
            "labelled_normal": 20394,
            "labelled_malicious": 18,
            "recall": 0.0008818342151675485
        },
        "5": {
            "labelled_normal": 4888,
            "labelled_malicious": 10,
            "recall": 0.002041649652919559
        },
        "6": {
            "labelled_normal": 2141,
            "labelled_malicious": 35,
            "recall": 0.01608455882352941
        },
        "7": {
            "labelled_normal": 3874,
            "labelled_malicious": 0,
            "recall": 0.0
        }
    }
}