{
    "TP": 11214,
    "TN": 42545,
    "FP": 268,
    "FN": 897,
    "accuracy": 0.9787888718957104,
    "precision": 0.9766591186204494,
    "recall": 0.9259351003220213,
    "attack_types": {
        "0": {
            "labelled_normal": 42545,
            "labelled_malicious": 268,
            "recall": 0.9937402190923318
        },
        "1": {
            "labelled_normal": 5,
            "labelled_malicious": 317,
            "recall": 0.984472049689441
        },
        "2": {
            "labelled_normal": 62,
            "labelled_malicious": 241,
            "recall": 0.7953795379537953
        },
        "3": {
            "labelled_normal": 2,
            "labelled_malicious": 360,
            "recall": 0.994475138121547
        },
        "4": {
            "labelled_normal": 2,
            "labelled_malicious": 350,
            "recall": 0.9943181818181818
        },
        "5": {
            "labelled_normal": 3,
            "labelled_malicious": 289,
            "recall": 0.9897260273972602
        },
        "6": {
            "labelled_normal": 84,
            "labelled_malicious": 322,
            "recall": 0.7931034482758621
        },
        "7": {
            "labelled_normal": 0,
            "labelled_malicious": 291,
            "recall": 1.0
        },
        "8": {
            "labelled_normal": 7,
            "labelled_malicious": 344,
            "recall": 0.98005698005698
        },
        "9": {
            "labelled_normal": 9,
            "labelled_malicious": 238,
            "recall": 0.9635627530364372
        },
        "10": {
            "labelled_normal": 96,
            "labelled_malicious": 200,
            "recall": 0.6756756756756757
        },
        "11": {
            "labelled_normal": 2,
            "labelled_malicious": 361,
            "recall": 0.9944903581267218
        },
        "12": {
            "labelled_normal": 3,
            "labelled_malicious": 457,
            "recall": 0.9934782608695653
        },
        "13": {
            "labelled_normal": 44,
            "labelled_malicious": 315,
            "recall": 0.8774373259052924
        },
        "14": {
            "labelled_normal": 56,
            "labelled_malicious": 302,
            "recall": 0.8435754189944135
        },
        "15": {
            "labelled_normal": 61,
            "labelled_malicious": 259,
            "recall": 0.809375
        },
        "16": {
            "labelled_normal": 2,
            "labelled_malicious": 358,
            "recall": 0.9944444444444445
        },
        "17": {
            "labelled_normal": 3,
            "labelled_malicious": 304,
            "recall": 0.990228013029316
        },
        "18": {
            "labelled_normal": 38,
            "labelled_malicious": 402,
            "recall": 0.9136363636363637
        },
        "19": {
            "labelled_normal": 0,
            "labelled_malicious": 333,
            "recall": 1.0
        },
        "20": {
            "labelled_normal": 0,
            "labelled_malicious": 133,
            "recall": 1.0
        },
        "21": {
            "labelled_normal": 0,
            "labelled_malicious": 344,
            "recall": 1.0
        },
        "22": {
            "labelled_normal": 0,
            "labelled_malicious": 319,
            "recall": 1.0
        },
        "23": {
            "labelled_normal": 0,
            "labelled_malicious": 457,
            "recall": 1.0
        },
        "24": {
            "labelled_normal": 2,
            "labelled_malicious": 209,
            "recall": 0.990521327014218
        },
        "25": {
            "labelled_normal": 23,
            "labelled_malicious": 284,
            "recall": 0.9250814332247557
        },
        "26": {
            "labelled_normal": 1,
            "labelled_malicious": 342,
            "recall": 0.9970845481049563
        },
        "27": {
            "labelled_normal": 59,
            "labelled_malicious": 387,
            "recall": 0.8677130044843049
        },
        "28": {
            "labelled_normal": 24,
            "labelled_malicious": 312,
            "recall": 0.9285714285714286
        },
        "29": {
            "labelled_normal": 5,
            "labelled_malicious": 388,
            "recall": 0.9872773536895675
        },
        "30": {
            "labelled_normal": 80,
            "labelled_malicious": 313,
            "recall": 0.7964376590330788
        },
        "31": {
            "labelled_normal": 0,
            "labelled_malicious": 405,
            "recall": 1.0
        },
        "32": {
            "labelled_normal": 0,
            "labelled_malicious": 368,
            "recall": 1.0
        },
        "33": {
            "labelled_normal": 12,
            "labelled_malicious": 305,
            "recall": 0.9621451104100947
        },
        "34": {
            "labelled_normal": 159,
            "labelled_malicious": 221,
            "recall": 0.5815789473684211
        },
        "35": {
            "labelled_normal": 53,
            "labelled_malicious": 384,
            "recall": 0.8787185354691075
        }
    },
    "attack_categories": {
        "0": {
            "labelled_normal": 42545,
            "labelled_malicious": 268,
            "recall": 0.9937402190923318
        },
        "1": {
            "labelled_normal": 85,
            "labelled_malicious": 1474,
            "recall": 0.9454778704297627
        },
        "2": {
            "labelled_normal": 331,
            "labelled_malicious": 2235,
            "recall": 0.8710054559625877
        },
        "3": {
            "labelled_normal": 166,
            "labelled_malicious": 1538,
            "recall": 0.9025821596244131
        },
        "4": {
            "labelled_normal": 275,
            "labelled_malicious": 3770,
            "recall": 0.9320148331273177
        },
        "5": {
            "labelled_normal": 0,
            "labelled_malicious": 996,
            "recall": 1.0
        },
        "6": {
            "labelled_normal": 38,
            "labelled_malicious": 402,
            "recall": 0.9136363636363637
        },
        "7": {
            "labelled_normal": 2,
            "labelled_malicious": 799,
            "recall": 0.9975031210986267
        }
    }
}