{
    "TP": 11305,
    "TN": 42605,
    "FP": 260,
    "FN": 754,
    "accuracy": 0.981538125409657,
    "precision": 0.9775183744055339,
    "recall": 0.9374740857450866,
    "attack_types": {
        "0": {
            "labelled_normal": 42605,
            "labelled_malicious": 260,
            "recall": 0.9939344453516855
        },
        "1": {
            "labelled_normal": 2,
            "labelled_malicious": 376,
            "recall": 0.9947089947089947
        },
        "2": {
            "labelled_normal": 68,
            "labelled_malicious": 223,
            "recall": 0.7663230240549829
        },
        "3": {
            "labelled_normal": 0,
            "labelled_malicious": 295,
            "recall": 1.0
        },
        "4": {
            "labelled_normal": 1,
            "labelled_malicious": 412,
            "recall": 0.9975786924939467
        },
        "5": {
            "labelled_normal": 3,
            "labelled_malicious": 271,
            "recall": 0.9890510948905109
        },
        "6": {
            "labelled_normal": 144,
            "labelled_malicious": 274,
            "recall": 0.6555023923444976
        },
        "7": {
            "labelled_normal": 0,
            "labelled_malicious": 305,
            "recall": 1.0
        },
        "8": {
            "labelled_normal": 10,
            "labelled_malicious": 340,
            "recall": 0.9714285714285714
        },
        "9": {
            "labelled_normal": 11,
            "labelled_malicious": 289,
            "recall": 0.9633333333333334
        },
        "10": {
            "labelled_normal": 66,
            "labelled_malicious": 220,
            "recall": 0.7692307692307693
        },
        "11": {
            "labelled_normal": 2,
            "labelled_malicious": 335,
            "recall": 0.9940652818991098
        },
        "12": {
            "labelled_normal": 3,
            "labelled_malicious": 450,
            "recall": 0.9933774834437086
        },
        "13": {
            "labelled_normal": 42,
            "labelled_malicious": 277,
            "recall": 0.8683385579937304
        },
        "14": {
            "labelled_normal": 40,
            "labelled_malicious": 301,
            "recall": 0.8826979472140762
        },
        "15": {
            "labelled_normal": 60,
            "labelled_malicious": 277,
            "recall": 0.8219584569732937
        },
        "16": {
            "labelled_normal": 3,
            "labelled_malicious": 338,
            "recall": 0.9912023460410557
        },
        "17": {
            "labelled_normal": 4,
            "labelled_malicious": 271,
            "recall": 0.9854545454545455
        },
        "18": {
            "labelled_normal": 36,
            "labelled_malicious": 417,
            "recall": 0.9205298013245033
        },
        "19": {
            "labelled_normal": 0,
            "labelled_malicious": 316,
            "recall": 1.0
        },
        "20": {
            "labelled_normal": 1,
            "labelled_malicious": 144,
            "recall": 0.993103448275862
        },
        "21": {
            "labelled_normal": 0,
            "labelled_malicious": 336,
            "recall": 1.0
        },
        "22": {
            "labelled_normal": 0,
            "labelled_malicious": 274,
            "recall": 1.0
        },
        "23": {
            "labelled_normal": 0,
            "labelled_malicious": 453,
            "recall": 1.0
        },
        "24": {
            "labelled_normal": 1,
            "labelled_malicious": 237,
            "recall": 0.9957983193277311
        },
        "25": {
            "labelled_normal": 9,
            "labelled_malicious": 263,
            "recall": 0.9669117647058824
        },
        "26": {
            "labelled_normal": 1,
            "labelled_malicious": 395,
            "recall": 0.9974747474747475
        },
        "27": {
            "labelled_normal": 42,
            "labelled_malicious": 366,
            "recall": 0.8970588235294118
        },
        "28": {
            "labelled_normal": 17,
            "labelled_malicious": 347,
            "recall": 0.9532967032967034
        },
        "29": {
            "labelled_normal": 0,
            "labelled_malicious": 365,
            "recall": 1.0
        },
        "30": {
            "labelled_normal": 87,
            "labelled_malicious": 344,
            "recall": 0.7981438515081206
        },
        "31": {
            "labelled_normal": 0,
            "labelled_malicious": 354,
            "recall": 1.0
        },
        "32": {
            "labelled_normal": 0,
            "labelled_malicious": 386,
            "recall": 1.0
        },
        "33": {
            "labelled_normal": 15,
            "labelled_malicious": 293,
            "recall": 0.9512987012987013
        },
        "34": {
            "labelled_normal": 26,
            "labelled_malicious": 388,
            "recall": 0.9371980676328503
        },
        "35": {
            "labelled_normal": 60,
            "labelled_malicious": 373,
            "recall": 0.8614318706697459
        }
    },
    "attack_categories": {
        "0": {
            "labelled_normal": 42605,
            "labelled_malicious": 260,
            "recall": 0.9939344453516855
        },
        "1": {
            "labelled_normal": 87,
            "labelled_malicious": 1449,
            "recall": 0.943359375
        },
        "2": {
            "labelled_normal": 170,
            "labelled_malicious": 2425,
            "recall": 0.9344894026974951
        },
        "3": {
            "labelled_normal": 149,
            "labelled_malicious": 1464,
            "recall": 0.907625542467452
        },
        "4": {
            "labelled_normal": 310,
            "labelled_malicious": 3790,
            "recall": 0.9243902439024391
        },
        "5": {
            "labelled_normal": 0,
            "labelled_malicious": 926,
            "recall": 1.0
        },
        "6": {
            "labelled_normal": 36,
            "labelled_malicious": 417,
            "recall": 0.9205298013245033
        },
        "7": {
            "labelled_normal": 2,
            "labelled_malicious": 834,
            "recall": 0.9976076555023924
        }
    }
}