{
    "TP": 10994,
    "TN": 42619,
    "FP": 409,
    "FN": 902,
    "accuracy": 0.9761306532663316,
    "precision": 0.9641322459002017,
    "recall": 0.9241761936785474,
    "attack_types": {
        "0": {
            "labelled_normal": 42619,
            "labelled_malicious": 409,
            "recall": 0.990494561680766
        },
        "1": {
            "labelled_normal": 5,
            "labelled_malicious": 385,
            "recall": 0.9871794871794872
        },
        "2": {
            "labelled_normal": 79,
            "labelled_malicious": 197,
            "recall": 0.7137681159420289
        },
        "3": {
            "labelled_normal": 3,
            "labelled_malicious": 357,
            "recall": 0.9916666666666667
        },
        "4": {
            "labelled_normal": 2,
            "labelled_malicious": 366,
            "recall": 0.9945652173913043
        },
        "5": {
            "labelled_normal": 15,
            "labelled_malicious": 263,
            "recall": 0.9460431654676259
        },
        "6": {
            "labelled_normal": 70,
            "labelled_malicious": 354,
            "recall": 0.8349056603773585
        },
        "7": {
            "labelled_normal": 0,
            "labelled_malicious": 327,
            "recall": 1.0
        },
        "8": {
            "labelled_normal": 13,
            "labelled_malicious": 347,
            "recall": 0.9638888888888889
        },
        "9": {
            "labelled_normal": 11,
            "labelled_malicious": 268,
            "recall": 0.9605734767025089
        },
        "10": {
            "labelled_normal": 129,
            "labelled_malicious": 188,
            "recall": 0.5930599369085173
        },
        "11": {
            "labelled_normal": 7,
            "labelled_malicious": 342,
            "recall": 0.9799426934097422
        },
        "12": {
            "labelled_normal": 1,
            "labelled_malicious": 382,
            "recall": 0.9973890339425587
        },
        "13": {
            "labelled_normal": 68,
            "labelled_malicious": 256,
            "recall": 0.7901234567901234
        },
        "14": {
            "labelled_normal": 77,
            "labelled_malicious": 244,
            "recall": 0.7601246105919003
        },
        "15": {
            "labelled_normal": 49,
            "labelled_malicious": 245,
            "recall": 0.8333333333333334
        },
        "16": {
            "labelled_normal": 0,
            "labelled_malicious": 293,
            "recall": 1.0
        },
        "17": {
            "labelled_normal": 3,
            "labelled_malicious": 275,
            "recall": 0.9892086330935251
        },
        "18": {
            "labelled_normal": 60,
            "labelled_malicious": 348,
            "recall": 0.8529411764705882
        },
        "19": {
            "labelled_normal": 0,
            "labelled_malicious": 310,
            "recall": 1.0
        },
        "20": {
            "labelled_normal": 0,
            "labelled_malicious": 141,
            "recall": 1.0
        },
        "21": {
            "labelled_normal": 0,
            "labelled_malicious": 319,
            "recall": 1.0
        },
        "22": {
            "labelled_normal": 0,
            "labelled_malicious": 317,
            "recall": 1.0
        },
        "23": {
            "labelled_normal": 0,
            "labelled_malicious": 383,
            "recall": 1.0
        },
        "24": {
            "labelled_normal": 2,
            "labelled_malicious": 212,
            "recall": 0.9906542056074766
        },
        "25": {
            "labelled_normal": 11,
            "labelled_malicious": 286,
            "recall": 0.9629629629629629
        },
        "26": {
            "labelled_normal": 4,
            "labelled_malicious": 362,
            "recall": 0.9890710382513661
        },
        "27": {
            "labelled_normal": 48,
            "labelled_malicious": 371,
            "recall": 0.8854415274463007
        },
        "28": {
            "labelled_normal": 32,
            "labelled_malicious": 338,
            "recall": 0.9135135135135135
        },
        "29": {
            "labelled_normal": 1,
            "labelled_malicious": 365,
            "recall": 0.9972677595628415
        },
        "30": {
            "labelled_normal": 84,
            "labelled_malicious": 327,
            "recall": 0.7956204379562044
        },
        "31": {
            "labelled_normal": 0,
            "labelled_malicious": 358,
            "recall": 1.0
        },
        "32": {
            "labelled_normal": 0,
            "labelled_malicious": 416,
            "recall": 1.0
        },
        "33": {
            "labelled_normal": 27,
            "labelled_malicious": 326,
            "recall": 0.9235127478753541
        },
        "34": {
            "labelled_normal": 36,
            "labelled_malicious": 371,
            "recall": 0.9115479115479116
        },
        "35": {
            "labelled_normal": 65,
            "labelled_malicious": 355,
            "recall": 0.8452380952380952
        }
    },
    "attack_categories": {
        "0": {
            "labelled_normal": 42619,
            "labelled_malicious": 409,
            "recall": 0.990494561680766
        },
        "1": {
            "labelled_normal": 85,
            "labelled_malicious": 1466,
            "recall": 0.9451966473243069
        },
        "2": {
            "labelled_normal": 223,
            "labelled_malicious": 2409,
            "recall": 0.915273556231003
        },
        "3": {
            "labelled_normal": 197,
            "labelled_malicious": 1313,
            "recall": 0.8695364238410596
        },
        "4": {
            "labelled_normal": 335,
            "labelled_malicious": 3776,
            "recall": 0.9185113111165166
        },
        "5": {
            "labelled_normal": 0,
            "labelled_malicious": 946,
            "recall": 1.0
        },
        "6": {
            "labelled_normal": 60,
            "labelled_malicious": 348,
            "recall": 0.8529411764705882
        },
        "7": {
            "labelled_normal": 2,
            "labelled_malicious": 736,
            "recall": 0.997289972899729
        }
    }
}