{
    "TP": 11292,
    "TN": 42537,
    "FP": 328,
    "FN": 767,
    "accuracy": 0.9800633602796591,
    "precision": 0.9717728055077453,
    "recall": 0.9363960527406916,
    "attack_types": {
        "0": {
            "labelled_normal": 42537,
            "labelled_malicious": 328,
            "recall": 0.9923480695205878
        },
        "1": {
            "labelled_normal": 4,
            "labelled_malicious": 374,
            "recall": 0.9894179894179894
        },
        "2": {
            "labelled_normal": 70,
            "labelled_malicious": 221,
            "recall": 0.7594501718213058
        },
        "3": {
            "labelled_normal": 2,
            "labelled_malicious": 293,
            "recall": 0.9932203389830508
        },
        "4": {
            "labelled_normal": 2,
            "labelled_malicious": 411,
            "recall": 0.9951573849878934
        },
        "5": {
            "labelled_normal": 1,
            "labelled_malicious": 273,
            "recall": 0.9963503649635036
        },
        "6": {
            "labelled_normal": 68,
            "labelled_malicious": 350,
            "recall": 0.8373205741626795
        },
        "7": {
            "labelled_normal": 0,
            "labelled_malicious": 305,
            "recall": 1.0
        },
        "8": {
            "labelled_normal": 12,
            "labelled_malicious": 338,
            "recall": 0.9657142857142857
        },
        "9": {
            "labelled_normal": 5,
            "labelled_malicious": 295,
            "recall": 0.9833333333333333
        },
        "10": {
            "labelled_normal": 76,
            "labelled_malicious": 210,
            "recall": 0.7342657342657343
        },
        "11": {
            "labelled_normal": 3,
            "labelled_malicious": 334,
            "recall": 0.9910979228486647
        },
        "12": {
            "labelled_normal": 1,
            "labelled_malicious": 452,
            "recall": 0.9977924944812362
        },
        "13": {
            "labelled_normal": 48,
            "labelled_malicious": 271,
            "recall": 0.8495297805642633
        },
        "14": {
            "labelled_normal": 42,
            "labelled_malicious": 299,
            "recall": 0.8768328445747801
        },
        "15": {
            "labelled_normal": 58,
            "labelled_malicious": 279,
            "recall": 0.827893175074184
        },
        "16": {
            "labelled_normal": 110,
            "labelled_malicious": 231,
            "recall": 0.6774193548387096
        },
        "17": {
            "labelled_normal": 3,
            "labelled_malicious": 272,
            "recall": 0.9890909090909091
        },
        "18": {
            "labelled_normal": 33,
            "labelled_malicious": 420,
            "recall": 0.9271523178807947
        },
        "19": {
            "labelled_normal": 0,
            "labelled_malicious": 316,
            "recall": 1.0
        },
        "20": {
            "labelled_normal": 0,
            "labelled_malicious": 145,
            "recall": 1.0
        },
        "21": {
            "labelled_normal": 1,
            "labelled_malicious": 335,
            "recall": 0.9970238095238095
        },
        "22": {
            "labelled_normal": 0,
            "labelled_malicious": 274,
            "recall": 1.0
        },
        "23": {
            "labelled_normal": 0,
            "labelled_malicious": 453,
            "recall": 1.0
        },
        "24": {
            "labelled_normal": 1,
            "labelled_malicious": 237,
            "recall": 0.9957983193277311
        },
        "25": {
            "labelled_normal": 9,
            "labelled_malicious": 263,
            "recall": 0.9669117647058824
        },
        "26": {
            "labelled_normal": 4,
            "labelled_malicious": 392,
            "recall": 0.98989898989899
        },
        "27": {
            "labelled_normal": 39,
            "labelled_malicious": 369,
            "recall": 0.9044117647058824
        },
        "28": {
            "labelled_normal": 20,
            "labelled_malicious": 344,
            "recall": 0.945054945054945
        },
        "29": {
            "labelled_normal": 0,
            "labelled_malicious": 365,
            "recall": 1.0
        },
        "30": {
            "labelled_normal": 69,
            "labelled_malicious": 362,
            "recall": 0.839907192575406
        },
        "31": {
            "labelled_normal": 0,
            "labelled_malicious": 354,
            "recall": 1.0
        },
        "32": {
            "labelled_normal": 0,
            "labelled_malicious": 386,
            "recall": 1.0
        },
        "33": {
            "labelled_normal": 16,
            "labelled_malicious": 292,
            "recall": 0.948051948051948
        },
        "34": {
            "labelled_normal": 23,
            "labelled_malicious": 391,
            "recall": 0.9444444444444444
        },
        "35": {
            "labelled_normal": 47,
            "labelled_malicious": 386,
            "recall": 0.8914549653579676
        }
    },
    "attack_categories": {
        "0": {
            "labelled_normal": 42537,
            "labelled_malicious": 328,
            "recall": 0.9923480695205878
        },
        "1": {
            "labelled_normal": 69,
            "labelled_malicious": 1467,
            "recall": 0.955078125
        },
        "2": {
            "labelled_normal": 158,
            "labelled_malicious": 2437,
            "recall": 0.9391136801541425
        },
        "3": {
            "labelled_normal": 261,
            "labelled_malicious": 1352,
            "recall": 0.838189708617483
        },
        "4": {
            "labelled_normal": 244,
            "labelled_malicious": 3856,
            "recall": 0.9404878048780487
        },
        "5": {
            "labelled_normal": 1,
            "labelled_malicious": 925,
            "recall": 0.9989200863930886
        },
        "6": {
            "labelled_normal": 33,
            "labelled_malicious": 420,
            "recall": 0.9271523178807947
        },
        "7": {
            "labelled_normal": 1,
            "labelled_malicious": 835,
            "recall": 0.9988038277511961
        }
    }
}