{
    "TP": 11369,
    "TN": 42614,
    "FP": 251,
    "FN": 690,
    "accuracy": 0.9828672347243463,
    "precision": 0.9783993115318417,
    "recall": 0.9427813251513393,
    "attack_types": {
        "0": {
            "labelled_normal": 42614,
            "labelled_malicious": 251,
            "recall": 0.9941444068587426
        },
        "1": {
            "labelled_normal": 2,
            "labelled_malicious": 376,
            "recall": 0.9947089947089947
        },
        "2": {
            "labelled_normal": 69,
            "labelled_malicious": 222,
            "recall": 0.7628865979381443
        },
        "3": {
            "labelled_normal": 0,
            "labelled_malicious": 295,
            "recall": 1.0
        },
        "4": {
            "labelled_normal": 2,
            "labelled_malicious": 411,
            "recall": 0.9951573849878934
        },
        "5": {
            "labelled_normal": 3,
            "labelled_malicious": 271,
            "recall": 0.9890510948905109
        },
        "6": {
            "labelled_normal": 69,
            "labelled_malicious": 349,
            "recall": 0.8349282296650717
        },
        "7": {
            "labelled_normal": 0,
            "labelled_malicious": 305,
            "recall": 1.0
        },
        "8": {
            "labelled_normal": 12,
            "labelled_malicious": 338,
            "recall": 0.9657142857142857
        },
        "9": {
            "labelled_normal": 4,
            "labelled_malicious": 296,
            "recall": 0.9866666666666667
        },
        "10": {
            "labelled_normal": 76,
            "labelled_malicious": 210,
            "recall": 0.7342657342657343
        },
        "11": {
            "labelled_normal": 3,
            "labelled_malicious": 334,
            "recall": 0.9910979228486647
        },
        "12": {
            "labelled_normal": 2,
            "labelled_malicious": 451,
            "recall": 0.9955849889624724
        },
        "13": {
            "labelled_normal": 39,
            "labelled_malicious": 280,
            "recall": 0.877742946708464
        },
        "14": {
            "labelled_normal": 44,
            "labelled_malicious": 297,
            "recall": 0.8709677419354839
        },
        "15": {
            "labelled_normal": 56,
            "labelled_malicious": 281,
            "recall": 0.8338278931750742
        },
        "16": {
            "labelled_normal": 3,
            "labelled_malicious": 338,
            "recall": 0.9912023460410557
        },
        "17": {
            "labelled_normal": 4,
            "labelled_malicious": 271,
            "recall": 0.9854545454545455
        },
        "18": {
            "labelled_normal": 40,
            "labelled_malicious": 413,
            "recall": 0.9116997792494481
        },
        "19": {
            "labelled_normal": 0,
            "labelled_malicious": 316,
            "recall": 1.0
        },
        "20": {
            "labelled_normal": 0,
            "labelled_malicious": 145,
            "recall": 1.0
        },
        "21": {
            "labelled_normal": 0,
            "labelled_malicious": 336,
            "recall": 1.0
        },
        "22": {
            "labelled_normal": 0,
            "labelled_malicious": 274,
            "recall": 1.0
        },
        "23": {
            "labelled_normal": 0,
            "labelled_malicious": 453,
            "recall": 1.0
        },
        "24": {
            "labelled_normal": 1,
            "labelled_malicious": 237,
            "recall": 0.9957983193277311
        },
        "25": {
            "labelled_normal": 8,
            "labelled_malicious": 264,
            "recall": 0.9705882352941176
        },
        "26": {
            "labelled_normal": 3,
            "labelled_malicious": 393,
            "recall": 0.9924242424242424
        },
        "27": {
            "labelled_normal": 46,
            "labelled_malicious": 362,
            "recall": 0.8872549019607843
        },
        "28": {
            "labelled_normal": 22,
            "labelled_malicious": 342,
            "recall": 0.9395604395604396
        },
        "29": {
            "labelled_normal": 1,
            "labelled_malicious": 364,
            "recall": 0.9972602739726028
        },
        "30": {
            "labelled_normal": 75,
            "labelled_malicious": 356,
            "recall": 0.8259860788863109
        },
        "31": {
            "labelled_normal": 0,
            "labelled_malicious": 354,
            "recall": 1.0
        },
        "32": {
            "labelled_normal": 0,
            "labelled_malicious": 386,
            "recall": 1.0
        },
        "33": {
            "labelled_normal": 16,
            "labelled_malicious": 292,
            "recall": 0.948051948051948
        },
        "34": {
            "labelled_normal": 27,
            "labelled_malicious": 387,
            "recall": 0.9347826086956522
        },
        "35": {
            "labelled_normal": 63,
            "labelled_malicious": 370,
            "recall": 0.8545034642032333
        }
    },
    "attack_categories": {
        "0": {
            "labelled_normal": 42614,
            "labelled_malicious": 251,
            "recall": 0.9941444068587426
        },
        "1": {
            "labelled_normal": 76,
            "labelled_malicious": 1460,
            "recall": 0.9505208333333334
        },
        "2": {
            "labelled_normal": 185,
            "labelled_malicious": 2410,
            "recall": 0.928709055876686
        },
        "3": {
            "labelled_normal": 146,
            "labelled_malicious": 1467,
            "recall": 0.9094854308741476
        },
        "4": {
            "labelled_normal": 242,
            "labelled_malicious": 3858,
            "recall": 0.9409756097560975
        },
        "5": {
            "labelled_normal": 0,
            "labelled_malicious": 926,
            "recall": 1.0
        },
        "6": {
            "labelled_normal": 40,
            "labelled_malicious": 413,
            "recall": 0.9116997792494481
        },
        "7": {
            "labelled_normal": 1,
            "labelled_malicious": 835,
            "recall": 0.9988038277511961
        }
    }
}