{
    "TP": 11319,
    "TN": 42541,
    "FP": 299,
    "FN": 765,
    "accuracy": 0.9806277765639794,
    "precision": 0.9742640729901877,
    "recall": 0.9366931479642503,
    "attack_types": {
        "0": {
            "labelled_normal": 42541,
            "labelled_malicious": 299,
            "recall": 0.9930205415499533
        },
        "1": {
            "labelled_normal": 67,
            "labelled_malicious": 317,
            "recall": 0.8255208333333334
        },
        "2": {
            "labelled_normal": 97,
            "labelled_malicious": 209,
            "recall": 0.6830065359477124
        },
        "3": {
            "labelled_normal": 2,
            "labelled_malicious": 344,
            "recall": 0.9942196531791907
        },
        "4": {
            "labelled_normal": 5,
            "labelled_malicious": 420,
            "recall": 0.9882352941176471
        },
        "5": {
            "labelled_normal": 0,
            "labelled_malicious": 293,
            "recall": 1.0
        },
        "6": {
            "labelled_normal": 50,
            "labelled_malicious": 330,
            "recall": 0.868421052631579
        },
        "7": {
            "labelled_normal": 1,
            "labelled_malicious": 295,
            "recall": 0.9966216216216216
        },
        "8": {
            "labelled_normal": 8,
            "labelled_malicious": 361,
            "recall": 0.978319783197832
        },
        "9": {
            "labelled_normal": 14,
            "labelled_malicious": 294,
            "recall": 0.9545454545454546
        },
        "10": {
            "labelled_normal": 63,
            "labelled_malicious": 213,
            "recall": 0.7717391304347826
        },
        "11": {
            "labelled_normal": 0,
            "labelled_malicious": 397,
            "recall": 1.0
        },
        "12": {
            "labelled_normal": 2,
            "labelled_malicious": 378,
            "recall": 0.9947368421052631
        },
        "13": {
            "labelled_normal": 29,
            "labelled_malicious": 285,
            "recall": 0.9076433121019108
        },
        "14": {
            "labelled_normal": 50,
            "labelled_malicious": 262,
            "recall": 0.8397435897435898
        },
        "15": {
            "labelled_normal": 53,
            "labelled_malicious": 259,
            "recall": 0.8301282051282052
        },
        "16": {
            "labelled_normal": 0,
            "labelled_malicious": 336,
            "recall": 1.0
        },
        "17": {
            "labelled_normal": 1,
            "labelled_malicious": 282,
            "recall": 0.9964664310954063
        },
        "18": {
            "labelled_normal": 42,
            "labelled_malicious": 386,
            "recall": 0.9018691588785047
        },
        "19": {
            "labelled_normal": 0,
            "labelled_malicious": 340,
            "recall": 1.0
        },
        "20": {
            "labelled_normal": 0,
            "labelled_malicious": 121,
            "recall": 1.0
        },
        "21": {
            "labelled_normal": 0,
            "labelled_malicious": 364,
            "recall": 1.0
        },
        "22": {
            "labelled_normal": 0,
            "labelled_malicious": 293,
            "recall": 1.0
        },
        "23": {
            "labelled_normal": 1,
            "labelled_malicious": 423,
            "recall": 0.9976415094339622
        },
        "24": {
            "labelled_normal": 0,
            "labelled_malicious": 256,
            "recall": 1.0
        },
        "25": {
            "labelled_normal": 21,
            "labelled_malicious": 274,
            "recall": 0.9288135593220339
        },
        "26": {
            "labelled_normal": 2,
            "labelled_malicious": 328,
            "recall": 0.9939393939393939
        },
        "27": {
            "labelled_normal": 43,
            "labelled_malicious": 358,
            "recall": 0.8927680798004988
        },
        "28": {
            "labelled_normal": 30,
            "labelled_malicious": 376,
            "recall": 0.9261083743842364
        },
        "29": {
            "labelled_normal": 4,
            "labelled_malicious": 353,
            "recall": 0.988795518207283
        },
        "30": {
            "labelled_normal": 88,
            "labelled_malicious": 358,
            "recall": 0.8026905829596412
        },
        "31": {
            "labelled_normal": 0,
            "labelled_malicious": 396,
            "recall": 1.0
        },
        "32": {
            "labelled_normal": 0,
            "labelled_malicious": 369,
            "recall": 1.0
        },
        "33": {
            "labelled_normal": 13,
            "labelled_malicious": 293,
            "recall": 0.9575163398692811
        },
        "34": {
            "labelled_normal": 29,
            "labelled_malicious": 375,
            "recall": 0.9282178217821783
        },
        "35": {
            "labelled_normal": 50,
            "labelled_malicious": 381,
            "recall": 0.8839907192575406
        }
    },
    "attack_categories": {
        "0": {
            "labelled_normal": 42541,
            "labelled_malicious": 299,
            "recall": 0.9930205415499533
        },
        "1": {
            "labelled_normal": 92,
            "labelled_malicious": 1476,
            "recall": 0.9413265306122449
        },
        "2": {
            "labelled_normal": 188,
            "labelled_malicious": 2385,
            "recall": 0.9269335406140692
        },
        "3": {
            "labelled_normal": 133,
            "labelled_malicious": 1424,
            "recall": 0.9145793192035967
        },
        "4": {
            "labelled_normal": 309,
            "labelled_malicious": 3851,
            "recall": 0.9257211538461538
        },
        "5": {
            "labelled_normal": 0,
            "labelled_malicious": 997,
            "recall": 1.0
        },
        "6": {
            "labelled_normal": 42,
            "labelled_malicious": 386,
            "recall": 0.9018691588785047
        },
        "7": {
            "labelled_normal": 1,
            "labelled_malicious": 800,
            "recall": 0.9987515605493134
        }
    }
}