{
    "TP": 11251,
    "TN": 42430,
    "FP": 383,
    "FN": 860,
    "accuracy": 0.9773687276964533,
    "precision": 0.9670792504727522,
    "recall": 0.9289901742217819,
    "attack_types": {
        "0": {
            "labelled_normal": 42430,
            "labelled_malicious": 383,
            "recall": 0.9910541190759816
        },
        "1": {
            "labelled_normal": 1,
            "labelled_malicious": 321,
            "recall": 0.9968944099378882
        },
        "2": {
            "labelled_normal": 71,
            "labelled_malicious": 232,
            "recall": 0.7656765676567657
        },
        "3": {
            "labelled_normal": 2,
            "labelled_malicious": 360,
            "recall": 0.994475138121547
        },
        "4": {
            "labelled_normal": 1,
            "labelled_malicious": 351,
            "recall": 0.9971590909090909
        },
        "5": {
            "labelled_normal": 3,
            "labelled_malicious": 289,
            "recall": 0.9897260273972602
        },
        "6": {
            "labelled_normal": 79,
            "labelled_malicious": 327,
            "recall": 0.8054187192118226
        },
        "7": {
            "labelled_normal": 0,
            "labelled_malicious": 291,
            "recall": 1.0
        },
        "8": {
            "labelled_normal": 25,
            "labelled_malicious": 326,
            "recall": 0.9287749287749287
        },
        "9": {
            "labelled_normal": 13,
            "labelled_malicious": 234,
            "recall": 0.9473684210526315
        },
        "10": {
            "labelled_normal": 80,
            "labelled_malicious": 216,
            "recall": 0.7297297297297297
        },
        "11": {
            "labelled_normal": 5,
            "labelled_malicious": 358,
            "recall": 0.9862258953168044
        },
        "12": {
            "labelled_normal": 3,
            "labelled_malicious": 457,
            "recall": 0.9934782608695653
        },
        "13": {
            "labelled_normal": 62,
            "labelled_malicious": 297,
            "recall": 0.8272980501392758
        },
        "14": {
            "labelled_normal": 65,
            "labelled_malicious": 293,
            "recall": 0.8184357541899442
        },
        "15": {
            "labelled_normal": 70,
            "labelled_malicious": 250,
            "recall": 0.78125
        },
        "16": {
            "labelled_normal": 4,
            "labelled_malicious": 356,
            "recall": 0.9888888888888889
        },
        "17": {
            "labelled_normal": 3,
            "labelled_malicious": 304,
            "recall": 0.990228013029316
        },
        "18": {
            "labelled_normal": 38,
            "labelled_malicious": 402,
            "recall": 0.9136363636363637
        },
        "19": {
            "labelled_normal": 0,
            "labelled_malicious": 333,
            "recall": 1.0
        },
        "20": {
            "labelled_normal": 0,
            "labelled_malicious": 133,
            "recall": 1.0
        },
        "21": {
            "labelled_normal": 0,
            "labelled_malicious": 344,
            "recall": 1.0
        },
        "22": {
            "labelled_normal": 0,
            "labelled_malicious": 319,
            "recall": 1.0
        },
        "23": {
            "labelled_normal": 0,
            "labelled_malicious": 457,
            "recall": 1.0
        },
        "24": {
            "labelled_normal": 1,
            "labelled_malicious": 210,
            "recall": 0.995260663507109
        },
        "25": {
            "labelled_normal": 21,
            "labelled_malicious": 286,
            "recall": 0.9315960912052117
        },
        "26": {
            "labelled_normal": 1,
            "labelled_malicious": 342,
            "recall": 0.9970845481049563
        },
        "27": {
            "labelled_normal": 65,
            "labelled_malicious": 381,
            "recall": 0.8542600896860987
        },
        "28": {
            "labelled_normal": 27,
            "labelled_malicious": 309,
            "recall": 0.9196428571428571
        },
        "29": {
            "labelled_normal": 4,
            "labelled_malicious": 389,
            "recall": 0.989821882951654
        },
        "30": {
            "labelled_normal": 87,
            "labelled_malicious": 306,
            "recall": 0.7786259541984732
        },
        "31": {
            "labelled_normal": 0,
            "labelled_malicious": 405,
            "recall": 1.0
        },
        "32": {
            "labelled_normal": 0,
            "labelled_malicious": 368,
            "recall": 1.0
        },
        "33": {
            "labelled_normal": 23,
            "labelled_malicious": 294,
            "recall": 0.9274447949526814
        },
        "34": {
            "labelled_normal": 37,
            "labelled_malicious": 343,
            "recall": 0.9026315789473685
        },
        "35": {
            "labelled_normal": 69,
            "labelled_malicious": 368,
            "recall": 0.8421052631578947
        }
    },
    "attack_categories": {
        "0": {
            "labelled_normal": 42430,
            "labelled_malicious": 383,
            "recall": 0.9910541190759816
        },
        "1": {
            "labelled_normal": 91,
            "labelled_malicious": 1468,
            "recall": 0.9416292495189224
        },
        "2": {
            "labelled_normal": 243,
            "labelled_malicious": 2323,
            "recall": 0.9053000779423227
        },
        "3": {
            "labelled_normal": 204,
            "labelled_malicious": 1500,
            "recall": 0.8802816901408451
        },
        "4": {
            "labelled_normal": 283,
            "labelled_malicious": 3762,
            "recall": 0.9300370828182942
        },
        "5": {
            "labelled_normal": 0,
            "labelled_malicious": 996,
            "recall": 1.0
        },
        "6": {
            "labelled_normal": 38,
            "labelled_malicious": 402,
            "recall": 0.9136363636363637
        },
        "7": {
            "labelled_normal": 1,
            "labelled_malicious": 800,
            "recall": 0.9987515605493134
        }
    }
}