{
    "TP": 9710,
    "TN": 42701,
    "FP": 327,
    "FN": 2186,
    "accuracy": 0.9542458670162406,
    "precision": 0.9674205439872472,
    "recall": 0.8162407531943511,
    "attack_types": {
        "0": {
            "labelled_normal": 42701,
            "labelled_malicious": 327,
            "recall": 0.9924002974807102
        },
        "1": {
            "labelled_normal": 6,
            "labelled_malicious": 384,
            "recall": 0.9846153846153847
        },
        "2": {
            "labelled_normal": 64,
            "labelled_malicious": 212,
            "recall": 0.7681159420289855
        },
        "3": {
            "labelled_normal": 3,
            "labelled_malicious": 357,
            "recall": 0.9916666666666667
        },
        "4": {
            "labelled_normal": 2,
            "labelled_malicious": 366,
            "recall": 0.9945652173913043
        },
        "5": {
            "labelled_normal": 6,
            "labelled_malicious": 272,
            "recall": 0.9784172661870504
        },
        "6": {
            "labelled_normal": 64,
            "labelled_malicious": 360,
            "recall": 0.8490566037735849
        },
        "7": {
            "labelled_normal": 1,
            "labelled_malicious": 326,
            "recall": 0.9969418960244648
        },
        "8": {
            "labelled_normal": 15,
            "labelled_malicious": 345,
            "recall": 0.9583333333333334
        },
        "9": {
            "labelled_normal": 11,
            "labelled_malicious": 268,
            "recall": 0.9605734767025089
        },
        "10": {
            "labelled_normal": 107,
            "labelled_malicious": 210,
            "recall": 0.6624605678233438
        },
        "11": {
            "labelled_normal": 3,
            "labelled_malicious": 346,
            "recall": 0.9914040114613181
        },
        "12": {
            "labelled_normal": 2,
            "labelled_malicious": 381,
            "recall": 0.9947780678851175
        },
        "13": {
            "labelled_normal": 301,
            "labelled_malicious": 23,
            "recall": 0.07098765432098765
        },
        "14": {
            "labelled_normal": 306,
            "labelled_malicious": 15,
            "recall": 0.04672897196261682
        },
        "15": {
            "labelled_normal": 271,
            "labelled_malicious": 23,
            "recall": 0.0782312925170068
        },
        "16": {
            "labelled_normal": 288,
            "labelled_malicious": 5,
            "recall": 0.017064846416382253
        },
        "17": {
            "labelled_normal": 275,
            "labelled_malicious": 3,
            "recall": 0.01079136690647482
        },
        "18": {
            "labelled_normal": 63,
            "labelled_malicious": 345,
            "recall": 0.8455882352941176
        },
        "19": {
            "labelled_normal": 0,
            "labelled_malicious": 310,
            "recall": 1.0
        },
        "20": {
            "labelled_normal": 0,
            "labelled_malicious": 141,
            "recall": 1.0
        },
        "21": {
            "labelled_normal": 0,
            "labelled_malicious": 319,
            "recall": 1.0
        },
        "22": {
            "labelled_normal": 0,
            "labelled_malicious": 317,
            "recall": 1.0
        },
        "23": {
            "labelled_normal": 0,
            "labelled_malicious": 383,
            "recall": 1.0
        },
        "24": {
            "labelled_normal": 1,
            "labelled_malicious": 213,
            "recall": 0.9953271028037384
        },
        "25": {
            "labelled_normal": 15,
            "labelled_malicious": 282,
            "recall": 0.9494949494949495
        },
        "26": {
            "labelled_normal": 4,
            "labelled_malicious": 362,
            "recall": 0.9890710382513661
        },
        "27": {
            "labelled_normal": 88,
            "labelled_malicious": 331,
            "recall": 0.7899761336515513
        },
        "28": {
            "labelled_normal": 27,
            "labelled_malicious": 343,
            "recall": 0.927027027027027
        },
        "29": {
            "labelled_normal": 3,
            "labelled_malicious": 363,
            "recall": 0.9918032786885246
        },
        "30": {
            "labelled_normal": 106,
            "labelled_malicious": 305,
            "recall": 0.7420924574209246
        },
        "31": {
            "labelled_normal": 0,
            "labelled_malicious": 358,
            "recall": 1.0
        },
        "32": {
            "labelled_normal": 1,
            "labelled_malicious": 415,
            "recall": 0.9975961538461539
        },
        "33": {
            "labelled_normal": 22,
            "labelled_malicious": 331,
            "recall": 0.9376770538243626
        },
        "34": {
            "labelled_normal": 45,
            "labelled_malicious": 362,
            "recall": 0.8894348894348895
        },
        "35": {
            "labelled_normal": 86,
            "labelled_malicious": 334,
            "recall": 0.7952380952380952
        }
    },
    "attack_categories": {
        "0": {
            "labelled_normal": 42701,
            "labelled_malicious": 327,
            "recall": 0.9924002974807102
        },
        "1": {
            "labelled_normal": 110,
            "labelled_malicious": 1441,
            "recall": 0.9290780141843972
        },
        "2": {
            "labelled_normal": 287,
            "labelled_malicious": 2345,
            "recall": 0.8909574468085106
        },
        "3": {
            "labelled_normal": 1441,
            "labelled_malicious": 69,
            "recall": 0.0456953642384106
        },
        "4": {
            "labelled_normal": 284,
            "labelled_malicious": 3827,
            "recall": 0.9309170518122112
        },
        "5": {
            "labelled_normal": 0,
            "labelled_malicious": 946,
            "recall": 1.0
        },
        "6": {
            "labelled_normal": 63,
            "labelled_malicious": 345,
            "recall": 0.8455882352941176
        },
        "7": {
            "labelled_normal": 1,
            "labelled_malicious": 737,
            "recall": 0.9986449864498645
        }
    }
}