{
    "TP": 10815,
    "TN": 42436,
    "FP": 377,
    "FN": 1296,
    "accuracy": 0.9695397276236254,
    "precision": 0.9663152251608291,
    "recall": 0.8929898439435224,
    "attack_types": {
        "0": {
            "labelled_normal": 42436,
            "labelled_malicious": 377,
            "recall": 0.9911942634246608
        },
        "1": {
            "labelled_normal": 8,
            "labelled_malicious": 314,
            "recall": 0.9751552795031055
        },
        "2": {
            "labelled_normal": 74,
            "labelled_malicious": 229,
            "recall": 0.7557755775577558
        },
        "3": {
            "labelled_normal": 2,
            "labelled_malicious": 360,
            "recall": 0.994475138121547
        },
        "4": {
            "labelled_normal": 2,
            "labelled_malicious": 350,
            "recall": 0.9943181818181818
        },
        "5": {
            "labelled_normal": 0,
            "labelled_malicious": 292,
            "recall": 1.0
        },
        "6": {
            "labelled_normal": 90,
            "labelled_malicious": 316,
            "recall": 0.7783251231527094
        },
        "7": {
            "labelled_normal": 0,
            "labelled_malicious": 291,
            "recall": 1.0
        },
        "8": {
            "labelled_normal": 8,
            "labelled_malicious": 343,
            "recall": 0.9772079772079773
        },
        "9": {
            "labelled_normal": 6,
            "labelled_malicious": 241,
            "recall": 0.9757085020242915
        },
        "10": {
            "labelled_normal": 94,
            "labelled_malicious": 202,
            "recall": 0.6824324324324325
        },
        "11": {
            "labelled_normal": 2,
            "labelled_malicious": 361,
            "recall": 0.9944903581267218
        },
        "12": {
            "labelled_normal": 379,
            "labelled_malicious": 81,
            "recall": 0.17608695652173914
        },
        "13": {
            "labelled_normal": 52,
            "labelled_malicious": 307,
            "recall": 0.8551532033426184
        },
        "14": {
            "labelled_normal": 62,
            "labelled_malicious": 296,
            "recall": 0.8268156424581006
        },
        "15": {
            "labelled_normal": 58,
            "labelled_malicious": 262,
            "recall": 0.81875
        },
        "16": {
            "labelled_normal": 8,
            "labelled_malicious": 352,
            "recall": 0.9777777777777777
        },
        "17": {
            "labelled_normal": 2,
            "labelled_malicious": 305,
            "recall": 0.993485342019544
        },
        "18": {
            "labelled_normal": 36,
            "labelled_malicious": 404,
            "recall": 0.9181818181818182
        },
        "19": {
            "labelled_normal": 0,
            "labelled_malicious": 333,
            "recall": 1.0
        },
        "20": {
            "labelled_normal": 0,
            "labelled_malicious": 133,
            "recall": 1.0
        },
        "21": {
            "labelled_normal": 0,
            "labelled_malicious": 344,
            "recall": 1.0
        },
        "22": {
            "labelled_normal": 0,
            "labelled_malicious": 319,
            "recall": 1.0
        },
        "23": {
            "labelled_normal": 0,
            "labelled_malicious": 457,
            "recall": 1.0
        },
        "24": {
            "labelled_normal": 1,
            "labelled_malicious": 210,
            "recall": 0.995260663507109
        },
        "25": {
            "labelled_normal": 19,
            "labelled_malicious": 288,
            "recall": 0.9381107491856677
        },
        "26": {
            "labelled_normal": 2,
            "labelled_malicious": 341,
            "recall": 0.9941690962099126
        },
        "27": {
            "labelled_normal": 82,
            "labelled_malicious": 364,
            "recall": 0.8161434977578476
        },
        "28": {
            "labelled_normal": 25,
            "labelled_malicious": 311,
            "recall": 0.9255952380952381
        },
        "29": {
            "labelled_normal": 4,
            "labelled_malicious": 389,
            "recall": 0.989821882951654
        },
        "30": {
            "labelled_normal": 112,
            "labelled_malicious": 281,
            "recall": 0.7150127226463104
        },
        "31": {
            "labelled_normal": 0,
            "labelled_malicious": 405,
            "recall": 1.0
        },
        "32": {
            "labelled_normal": 0,
            "labelled_malicious": 368,
            "recall": 1.0
        },
        "33": {
            "labelled_normal": 25,
            "labelled_malicious": 292,
            "recall": 0.9211356466876972
        },
        "34": {
            "labelled_normal": 43,
            "labelled_malicious": 337,
            "recall": 0.8868421052631579
        },
        "35": {
            "labelled_normal": 100,
            "labelled_malicious": 337,
            "recall": 0.7711670480549199
        }
    },
    "attack_categories": {
        "0": {
            "labelled_normal": 42436,
            "labelled_malicious": 377,
            "recall": 0.9911942634246608
        },
        "1": {
            "labelled_normal": 116,
            "labelled_malicious": 1443,
            "recall": 0.9255933290570879
        },
        "2": {
            "labelled_normal": 296,
            "labelled_malicious": 2270,
            "recall": 0.8846453624318005
        },
        "3": {
            "labelled_normal": 182,
            "labelled_malicious": 1522,
            "recall": 0.8931924882629108
        },
        "4": {
            "labelled_normal": 665,
            "labelled_malicious": 3380,
            "recall": 0.8355995055624228
        },
        "5": {
            "labelled_normal": 0,
            "labelled_malicious": 996,
            "recall": 1.0
        },
        "6": {
            "labelled_normal": 36,
            "labelled_malicious": 404,
            "recall": 0.9181818181818182
        },
        "7": {
            "labelled_normal": 1,
            "labelled_malicious": 800,
            "recall": 0.9987515605493134
        }
    }
}