{
    "TP": 11047,
    "TN": 42572,
    "FP": 458,
    "FN": 851,
    "accuracy": 0.976168802796388,
    "precision": 0.9601912212081704,
    "recall": 0.9284753740124391,
    "attack_types": {
        "0": {
            "labelled_normal": 42572,
            "labelled_malicious": 458,
            "recall": 0.9893562630722752
        },
        "1": {
            "labelled_normal": 5,
            "labelled_malicious": 313,
            "recall": 0.9842767295597484
        },
        "2": {
            "labelled_normal": 61,
            "labelled_malicious": 223,
            "recall": 0.7852112676056338
        },
        "3": {
            "labelled_normal": 0,
            "labelled_malicious": 337,
            "recall": 1.0
        },
        "4": {
            "labelled_normal": 2,
            "labelled_malicious": 372,
            "recall": 0.9946524064171123
        },
        "5": {
            "labelled_normal": 3,
            "labelled_malicious": 276,
            "recall": 0.989247311827957
        },
        "6": {
            "labelled_normal": 72,
            "labelled_malicious": 326,
            "recall": 0.8190954773869347
        },
        "7": {
            "labelled_normal": 4,
            "labelled_malicious": 289,
            "recall": 0.9863481228668942
        },
        "8": {
            "labelled_normal": 10,
            "labelled_malicious": 358,
            "recall": 0.9728260869565217
        },
        "9": {
            "labelled_normal": 18,
            "labelled_malicious": 244,
            "recall": 0.9312977099236641
        },
        "10": {
            "labelled_normal": 71,
            "labelled_malicious": 228,
            "recall": 0.7625418060200669
        },
        "11": {
            "labelled_normal": 5,
            "labelled_malicious": 383,
            "recall": 0.9871134020618557
        },
        "12": {
            "labelled_normal": 0,
            "labelled_malicious": 396,
            "recall": 1.0
        },
        "13": {
            "labelled_normal": 52,
            "labelled_malicious": 226,
            "recall": 0.8129496402877698
        },
        "14": {
            "labelled_normal": 70,
            "labelled_malicious": 274,
            "recall": 0.7965116279069767
        },
        "15": {
            "labelled_normal": 55,
            "labelled_malicious": 240,
            "recall": 0.8135593220338984
        },
        "16": {
            "labelled_normal": 0,
            "labelled_malicious": 328,
            "recall": 1.0
        },
        "17": {
            "labelled_normal": 1,
            "labelled_malicious": 270,
            "recall": 0.996309963099631
        },
        "18": {
            "labelled_normal": 47,
            "labelled_malicious": 400,
            "recall": 0.8948545861297539
        },
        "19": {
            "labelled_normal": 0,
            "labelled_malicious": 335,
            "recall": 1.0
        },
        "20": {
            "labelled_normal": 1,
            "labelled_malicious": 125,
            "recall": 0.9920634920634921
        },
        "21": {
            "labelled_normal": 0,
            "labelled_malicious": 359,
            "recall": 1.0
        },
        "22": {
            "labelled_normal": 0,
            "labelled_malicious": 339,
            "recall": 1.0
        },
        "23": {
            "labelled_normal": 0,
            "labelled_malicious": 331,
            "recall": 1.0
        },
        "24": {
            "labelled_normal": 0,
            "labelled_malicious": 241,
            "recall": 1.0
        },
        "25": {
            "labelled_normal": 20,
            "labelled_malicious": 281,
            "recall": 0.9335548172757475
        },
        "26": {
            "labelled_normal": 6,
            "labelled_malicious": 367,
            "recall": 0.9839142091152815
        },
        "27": {
            "labelled_normal": 57,
            "labelled_malicious": 348,
            "recall": 0.8592592592592593
        },
        "28": {
            "labelled_normal": 27,
            "labelled_malicious": 355,
            "recall": 0.9293193717277487
        },
        "29": {
            "labelled_normal": 6,
            "labelled_malicious": 369,
            "recall": 0.984
        },
        "30": {
            "labelled_normal": 116,
            "labelled_malicious": 323,
            "recall": 0.7357630979498861
        },
        "31": {
            "labelled_normal": 1,
            "labelled_malicious": 392,
            "recall": 0.9974554707379135
        },
        "32": {
            "labelled_normal": 0,
            "labelled_malicious": 332,
            "recall": 1.0
        },
        "33": {
            "labelled_normal": 20,
            "labelled_malicious": 300,
            "recall": 0.9375
        },
        "34": {
            "labelled_normal": 25,
            "labelled_malicious": 380,
            "recall": 0.9382716049382716
        },
        "35": {
            "labelled_normal": 96,
            "labelled_malicious": 387,
            "recall": 0.8012422360248447
        }
    },
    "attack_categories": {
        "0": {
            "labelled_normal": 42572,
            "labelled_malicious": 458,
            "recall": 0.9893562630722752
        },
        "1": {
            "labelled_normal": 123,
            "labelled_malicious": 1416,
            "recall": 0.9200779727095516
        },
        "2": {
            "labelled_normal": 251,
            "labelled_malicious": 2418,
            "recall": 0.9059572873735482
        },
        "3": {
            "labelled_normal": 178,
            "labelled_malicious": 1338,
            "recall": 0.8825857519788918
        },
        "4": {
            "labelled_normal": 251,
            "labelled_malicious": 3745,
            "recall": 0.9371871871871872
        },
        "5": {
            "labelled_normal": 0,
            "labelled_malicious": 1033,
            "recall": 1.0
        },
        "6": {
            "labelled_normal": 47,
            "labelled_malicious": 400,
            "recall": 0.8948545861297539
        },
        "7": {
            "labelled_normal": 1,
            "labelled_malicious": 697,
            "recall": 0.998567335243553
        }
    }
}