{
    "TP": 11325,
    "TN": 42548,
    "FP": 292,
    "FN": 759,
    "accuracy": 0.9808644672638555,
    "precision": 0.9748644228286132,
    "recall": 0.9371896722939425,
    "attack_types": {
        "0": {
            "labelled_normal": 42548,
            "labelled_malicious": 292,
            "recall": 0.9931839402427638
        },
        "1": {
            "labelled_normal": 2,
            "labelled_malicious": 382,
            "recall": 0.9947916666666666
        },
        "2": {
            "labelled_normal": 94,
            "labelled_malicious": 212,
            "recall": 0.6928104575163399
        },
        "3": {
            "labelled_normal": 2,
            "labelled_malicious": 344,
            "recall": 0.9942196531791907
        },
        "4": {
            "labelled_normal": 5,
            "labelled_malicious": 420,
            "recall": 0.9882352941176471
        },
        "5": {
            "labelled_normal": 0,
            "labelled_malicious": 293,
            "recall": 1.0
        },
        "6": {
            "labelled_normal": 52,
            "labelled_malicious": 328,
            "recall": 0.8631578947368421
        },
        "7": {
            "labelled_normal": 1,
            "labelled_malicious": 295,
            "recall": 0.9966216216216216
        },
        "8": {
            "labelled_normal": 8,
            "labelled_malicious": 361,
            "recall": 0.978319783197832
        },
        "9": {
            "labelled_normal": 13,
            "labelled_malicious": 295,
            "recall": 0.9577922077922078
        },
        "10": {
            "labelled_normal": 75,
            "labelled_malicious": 201,
            "recall": 0.7282608695652174
        },
        "11": {
            "labelled_normal": 0,
            "labelled_malicious": 397,
            "recall": 1.0
        },
        "12": {
            "labelled_normal": 1,
            "labelled_malicious": 379,
            "recall": 0.9973684210526316
        },
        "13": {
            "labelled_normal": 36,
            "labelled_malicious": 278,
            "recall": 0.8853503184713376
        },
        "14": {
            "labelled_normal": 44,
            "labelled_malicious": 268,
            "recall": 0.8589743589743589
        },
        "15": {
            "labelled_normal": 55,
            "labelled_malicious": 257,
            "recall": 0.8237179487179487
        },
        "16": {
            "labelled_normal": 0,
            "labelled_malicious": 336,
            "recall": 1.0
        },
        "17": {
            "labelled_normal": 1,
            "labelled_malicious": 282,
            "recall": 0.9964664310954063
        },
        "18": {
            "labelled_normal": 33,
            "labelled_malicious": 395,
            "recall": 0.9228971962616822
        },
        "19": {
            "labelled_normal": 0,
            "labelled_malicious": 340,
            "recall": 1.0
        },
        "20": {
            "labelled_normal": 0,
            "labelled_malicious": 121,
            "recall": 1.0
        },
        "21": {
            "labelled_normal": 0,
            "labelled_malicious": 364,
            "recall": 1.0
        },
        "22": {
            "labelled_normal": 0,
            "labelled_malicious": 293,
            "recall": 1.0
        },
        "23": {
            "labelled_normal": 0,
            "labelled_malicious": 424,
            "recall": 1.0
        },
        "24": {
            "labelled_normal": 0,
            "labelled_malicious": 256,
            "recall": 1.0
        },
        "25": {
            "labelled_normal": 25,
            "labelled_malicious": 270,
            "recall": 0.9152542372881356
        },
        "26": {
            "labelled_normal": 4,
            "labelled_malicious": 326,
            "recall": 0.9878787878787879
        },
        "27": {
            "labelled_normal": 45,
            "labelled_malicious": 356,
            "recall": 0.8877805486284289
        },
        "28": {
            "labelled_normal": 30,
            "labelled_malicious": 376,
            "recall": 0.9261083743842364
        },
        "29": {
            "labelled_normal": 4,
            "labelled_malicious": 353,
            "recall": 0.988795518207283
        },
        "30": {
            "labelled_normal": 108,
            "labelled_malicious": 338,
            "recall": 0.757847533632287
        },
        "31": {
            "labelled_normal": 0,
            "labelled_malicious": 396,
            "recall": 1.0
        },
        "32": {
            "labelled_normal": 0,
            "labelled_malicious": 369,
            "recall": 1.0
        },
        "33": {
            "labelled_normal": 19,
            "labelled_malicious": 287,
            "recall": 0.9379084967320261
        },
        "34": {
            "labelled_normal": 28,
            "labelled_malicious": 376,
            "recall": 0.9306930693069307
        },
        "35": {
            "labelled_normal": 74,
            "labelled_malicious": 357,
            "recall": 0.8283062645011601
        }
    },
    "attack_categories": {
        "0": {
            "labelled_normal": 42548,
            "labelled_malicious": 292,
            "recall": 0.9931839402427638
        },
        "1": {
            "labelled_normal": 112,
            "labelled_malicious": 1456,
            "recall": 0.9285714285714286
        },
        "2": {
            "labelled_normal": 225,
            "labelled_malicious": 2348,
            "recall": 0.9125534395647105
        },
        "3": {
            "labelled_normal": 136,
            "labelled_malicious": 1421,
            "recall": 0.9126525369299936
        },
        "4": {
            "labelled_normal": 253,
            "labelled_malicious": 3907,
            "recall": 0.9391826923076924
        },
        "5": {
            "labelled_normal": 0,
            "labelled_malicious": 997,
            "recall": 1.0
        },
        "6": {
            "labelled_normal": 33,
            "labelled_malicious": 395,
            "recall": 0.9228971962616822
        },
        "7": {
            "labelled_normal": 0,
            "labelled_malicious": 801,
            "recall": 1.0
        }
    }
}