{
    "TP": 10950,
    "TN": 42536,
    "FP": 329,
    "FN": 1109,
    "accuracy": 0.9738183671983104,
    "precision": 0.970830747406685,
    "recall": 0.9080354921635293,
    "attack_types": {
        "0": {
            "labelled_normal": 42536,
            "labelled_malicious": 329,
            "recall": 0.9923247404642482
        },
        "1": {
            "labelled_normal": 7,
            "labelled_malicious": 371,
            "recall": 0.9814814814814815
        },
        "2": {
            "labelled_normal": 98,
            "labelled_malicious": 193,
            "recall": 0.6632302405498282
        },
        "3": {
            "labelled_normal": 4,
            "labelled_malicious": 291,
            "recall": 0.9864406779661017
        },
        "4": {
            "labelled_normal": 1,
            "labelled_malicious": 412,
            "recall": 0.9975786924939467
        },
        "5": {
            "labelled_normal": 5,
            "labelled_malicious": 269,
            "recall": 0.9817518248175182
        },
        "6": {
            "labelled_normal": 78,
            "labelled_malicious": 340,
            "recall": 0.8133971291866029
        },
        "7": {
            "labelled_normal": 0,
            "labelled_malicious": 305,
            "recall": 1.0
        },
        "8": {
            "labelled_normal": 15,
            "labelled_malicious": 335,
            "recall": 0.9571428571428572
        },
        "9": {
            "labelled_normal": 7,
            "labelled_malicious": 293,
            "recall": 0.9766666666666667
        },
        "10": {
            "labelled_normal": 98,
            "labelled_malicious": 188,
            "recall": 0.6573426573426573
        },
        "11": {
            "labelled_normal": 2,
            "labelled_malicious": 335,
            "recall": 0.9940652818991098
        },
        "12": {
            "labelled_normal": 1,
            "labelled_malicious": 452,
            "recall": 0.9977924944812362
        },
        "13": {
            "labelled_normal": 47,
            "labelled_malicious": 272,
            "recall": 0.8526645768025078
        },
        "14": {
            "labelled_normal": 57,
            "labelled_malicious": 284,
            "recall": 0.8328445747800587
        },
        "15": {
            "labelled_normal": 63,
            "labelled_malicious": 274,
            "recall": 0.8130563798219584
        },
        "16": {
            "labelled_normal": 2,
            "labelled_malicious": 339,
            "recall": 0.9941348973607038
        },
        "17": {
            "labelled_normal": 3,
            "labelled_malicious": 272,
            "recall": 0.9890909090909091
        },
        "18": {
            "labelled_normal": 36,
            "labelled_malicious": 417,
            "recall": 0.9205298013245033
        },
        "19": {
            "labelled_normal": 0,
            "labelled_malicious": 316,
            "recall": 1.0
        },
        "20": {
            "labelled_normal": 0,
            "labelled_malicious": 145,
            "recall": 1.0
        },
        "21": {
            "labelled_normal": 0,
            "labelled_malicious": 336,
            "recall": 1.0
        },
        "22": {
            "labelled_normal": 0,
            "labelled_malicious": 274,
            "recall": 1.0
        },
        "23": {
            "labelled_normal": 0,
            "labelled_malicious": 453,
            "recall": 1.0
        },
        "24": {
            "labelled_normal": 1,
            "labelled_malicious": 237,
            "recall": 0.9957983193277311
        },
        "25": {
            "labelled_normal": 11,
            "labelled_malicious": 261,
            "recall": 0.9595588235294118
        },
        "26": {
            "labelled_normal": 3,
            "labelled_malicious": 393,
            "recall": 0.9924242424242424
        },
        "27": {
            "labelled_normal": 70,
            "labelled_malicious": 338,
            "recall": 0.8284313725490197
        },
        "28": {
            "labelled_normal": 20,
            "labelled_malicious": 344,
            "recall": 0.945054945054945
        },
        "29": {
            "labelled_normal": 1,
            "labelled_malicious": 364,
            "recall": 0.9972602739726028
        },
        "30": {
            "labelled_normal": 90,
            "labelled_malicious": 341,
            "recall": 0.7911832946635731
        },
        "31": {
            "labelled_normal": 0,
            "labelled_malicious": 354,
            "recall": 1.0
        },
        "32": {
            "labelled_normal": 0,
            "labelled_malicious": 386,
            "recall": 1.0
        },
        "33": {
            "labelled_normal": 15,
            "labelled_malicious": 293,
            "recall": 0.9512987012987013
        },
        "34": {
            "labelled_normal": 35,
            "labelled_malicious": 379,
            "recall": 0.9154589371980676
        },
        "35": {
            "labelled_normal": 339,
            "labelled_malicious": 94,
            "recall": 0.21709006928406466
        }
    },
    "attack_categories": {
        "0": {
            "labelled_normal": 42536,
            "labelled_malicious": 329,
            "recall": 0.9923247404642482
        },
        "1": {
            "labelled_normal": 91,
            "labelled_malicious": 1445,
            "recall": 0.9407552083333334
        },
        "2": {
            "labelled_normal": 493,
            "labelled_malicious": 2102,
            "recall": 0.810019267822736
        },
        "3": {
            "labelled_normal": 172,
            "labelled_malicious": 1441,
            "recall": 0.8933663980161191
        },
        "4": {
            "labelled_normal": 316,
            "labelled_malicious": 3784,
            "recall": 0.9229268292682927
        },
        "5": {
            "labelled_normal": 0,
            "labelled_malicious": 926,
            "recall": 1.0
        },
        "6": {
            "labelled_normal": 36,
            "labelled_malicious": 417,
            "recall": 0.9205298013245033
        },
        "7": {
            "labelled_normal": 1,
            "labelled_malicious": 835,
            "recall": 0.9988038277511961
        }
    }
}