{
    "TP": 11322,
    "TN": 42594,
    "FP": 271,
    "FN": 737,
    "accuracy": 0.9816473672711383,
    "precision": 0.9766238247218149,
    "recall": 0.9388838212123725,
    "attack_types": {
        "0": {
            "labelled_normal": 42594,
            "labelled_malicious": 271,
            "recall": 0.9936778257319492
        },
        "1": {
            "labelled_normal": 2,
            "labelled_malicious": 376,
            "recall": 0.9947089947089947
        },
        "2": {
            "labelled_normal": 76,
            "labelled_malicious": 215,
            "recall": 0.738831615120275
        },
        "3": {
            "labelled_normal": 2,
            "labelled_malicious": 293,
            "recall": 0.9932203389830508
        },
        "4": {
            "labelled_normal": 1,
            "labelled_malicious": 412,
            "recall": 0.9975786924939467
        },
        "5": {
            "labelled_normal": 2,
            "labelled_malicious": 272,
            "recall": 0.9927007299270073
        },
        "6": {
            "labelled_normal": 67,
            "labelled_malicious": 351,
            "recall": 0.8397129186602871
        },
        "7": {
            "labelled_normal": 0,
            "labelled_malicious": 305,
            "recall": 1.0
        },
        "8": {
            "labelled_normal": 11,
            "labelled_malicious": 339,
            "recall": 0.9685714285714285
        },
        "9": {
            "labelled_normal": 8,
            "labelled_malicious": 292,
            "recall": 0.9733333333333334
        },
        "10": {
            "labelled_normal": 69,
            "labelled_malicious": 217,
            "recall": 0.7587412587412588
        },
        "11": {
            "labelled_normal": 2,
            "labelled_malicious": 335,
            "recall": 0.9940652818991098
        },
        "12": {
            "labelled_normal": 3,
            "labelled_malicious": 450,
            "recall": 0.9933774834437086
        },
        "13": {
            "labelled_normal": 55,
            "labelled_malicious": 264,
            "recall": 0.8275862068965517
        },
        "14": {
            "labelled_normal": 40,
            "labelled_malicious": 301,
            "recall": 0.8826979472140762
        },
        "15": {
            "labelled_normal": 60,
            "labelled_malicious": 277,
            "recall": 0.8219584569732937
        },
        "16": {
            "labelled_normal": 4,
            "labelled_malicious": 337,
            "recall": 0.9882697947214076
        },
        "17": {
            "labelled_normal": 3,
            "labelled_malicious": 272,
            "recall": 0.9890909090909091
        },
        "18": {
            "labelled_normal": 31,
            "labelled_malicious": 422,
            "recall": 0.9315673289183223
        },
        "19": {
            "labelled_normal": 0,
            "labelled_malicious": 316,
            "recall": 1.0
        },
        "20": {
            "labelled_normal": 0,
            "labelled_malicious": 145,
            "recall": 1.0
        },
        "21": {
            "labelled_normal": 0,
            "labelled_malicious": 336,
            "recall": 1.0
        },
        "22": {
            "labelled_normal": 0,
            "labelled_malicious": 274,
            "recall": 1.0
        },
        "23": {
            "labelled_normal": 68,
            "labelled_malicious": 385,
            "recall": 0.8498896247240618
        },
        "24": {
            "labelled_normal": 0,
            "labelled_malicious": 238,
            "recall": 1.0
        },
        "25": {
            "labelled_normal": 10,
            "labelled_malicious": 262,
            "recall": 0.9632352941176471
        },
        "26": {
            "labelled_normal": 2,
            "labelled_malicious": 394,
            "recall": 0.9949494949494949
        },
        "27": {
            "labelled_normal": 43,
            "labelled_malicious": 365,
            "recall": 0.8946078431372549
        },
        "28": {
            "labelled_normal": 19,
            "labelled_malicious": 345,
            "recall": 0.9478021978021978
        },
        "29": {
            "labelled_normal": 1,
            "labelled_malicious": 364,
            "recall": 0.9972602739726028
        },
        "30": {
            "labelled_normal": 73,
            "labelled_malicious": 358,
            "recall": 0.8306264501160093
        },
        "31": {
            "labelled_normal": 1,
            "labelled_malicious": 353,
            "recall": 0.9971751412429378
        },
        "32": {
            "labelled_normal": 0,
            "labelled_malicious": 386,
            "recall": 1.0
        },
        "33": {
            "labelled_normal": 12,
            "labelled_malicious": 296,
            "recall": 0.961038961038961
        },
        "34": {
            "labelled_normal": 20,
            "labelled_malicious": 394,
            "recall": 0.9516908212560387
        },
        "35": {
            "labelled_normal": 52,
            "labelled_malicious": 381,
            "recall": 0.8799076212471132
        }
    },
    "attack_categories": {
        "0": {
            "labelled_normal": 42594,
            "labelled_malicious": 271,
            "recall": 0.9936778257319492
        },
        "1": {
            "labelled_normal": 75,
            "labelled_malicious": 1461,
            "recall": 0.951171875
        },
        "2": {
            "labelled_normal": 158,
            "labelled_malicious": 2437,
            "recall": 0.9391136801541425
        },
        "3": {
            "labelled_normal": 162,
            "labelled_malicious": 1451,
            "recall": 0.8995660260384377
        },
        "4": {
            "labelled_normal": 243,
            "labelled_malicious": 3857,
            "recall": 0.9407317073170731
        },
        "5": {
            "labelled_normal": 0,
            "labelled_malicious": 926,
            "recall": 1.0
        },
        "6": {
            "labelled_normal": 31,
            "labelled_malicious": 422,
            "recall": 0.9315673289183223
        },
        "7": {
            "labelled_normal": 68,
            "labelled_malicious": 768,
            "recall": 0.9186602870813397
        }
    }
}