{
    "TP": 11323,
    "TN": 42575,
    "FP": 265,
    "FN": 761,
    "accuracy": 0.9813196416866944,
    "precision": 0.977131515360718,
    "recall": 0.937024164184045,
    "attack_types": {
        "0": {
            "labelled_normal": 42575,
            "labelled_malicious": 265,
            "recall": 0.9938141923436041
        },
        "1": {
            "labelled_normal": 6,
            "labelled_malicious": 378,
            "recall": 0.984375
        },
        "2": {
            "labelled_normal": 95,
            "labelled_malicious": 211,
            "recall": 0.6895424836601307
        },
        "3": {
            "labelled_normal": 4,
            "labelled_malicious": 342,
            "recall": 0.9884393063583815
        },
        "4": {
            "labelled_normal": 5,
            "labelled_malicious": 420,
            "recall": 0.9882352941176471
        },
        "5": {
            "labelled_normal": 3,
            "labelled_malicious": 290,
            "recall": 0.9897610921501706
        },
        "6": {
            "labelled_normal": 57,
            "labelled_malicious": 323,
            "recall": 0.85
        },
        "7": {
            "labelled_normal": 1,
            "labelled_malicious": 295,
            "recall": 0.9966216216216216
        },
        "8": {
            "labelled_normal": 6,
            "labelled_malicious": 363,
            "recall": 0.983739837398374
        },
        "9": {
            "labelled_normal": 10,
            "labelled_malicious": 298,
            "recall": 0.9675324675324676
        },
        "10": {
            "labelled_normal": 79,
            "labelled_malicious": 197,
            "recall": 0.7137681159420289
        },
        "11": {
            "labelled_normal": 0,
            "labelled_malicious": 397,
            "recall": 1.0
        },
        "12": {
            "labelled_normal": 3,
            "labelled_malicious": 377,
            "recall": 0.9921052631578947
        },
        "13": {
            "labelled_normal": 35,
            "labelled_malicious": 279,
            "recall": 0.8885350318471338
        },
        "14": {
            "labelled_normal": 44,
            "labelled_malicious": 268,
            "recall": 0.8589743589743589
        },
        "15": {
            "labelled_normal": 64,
            "labelled_malicious": 248,
            "recall": 0.7948717948717948
        },
        "16": {
            "labelled_normal": 0,
            "labelled_malicious": 336,
            "recall": 1.0
        },
        "17": {
            "labelled_normal": 1,
            "labelled_malicious": 282,
            "recall": 0.9964664310954063
        },
        "18": {
            "labelled_normal": 37,
            "labelled_malicious": 391,
            "recall": 0.9135514018691588
        },
        "19": {
            "labelled_normal": 0,
            "labelled_malicious": 340,
            "recall": 1.0
        },
        "20": {
            "labelled_normal": 0,
            "labelled_malicious": 121,
            "recall": 1.0
        },
        "21": {
            "labelled_normal": 0,
            "labelled_malicious": 364,
            "recall": 1.0
        },
        "22": {
            "labelled_normal": 0,
            "labelled_malicious": 293,
            "recall": 1.0
        },
        "23": {
            "labelled_normal": 1,
            "labelled_malicious": 423,
            "recall": 0.9976415094339622
        },
        "24": {
            "labelled_normal": 0,
            "labelled_malicious": 256,
            "recall": 1.0
        },
        "25": {
            "labelled_normal": 22,
            "labelled_malicious": 273,
            "recall": 0.9254237288135593
        },
        "26": {
            "labelled_normal": 3,
            "labelled_malicious": 327,
            "recall": 0.990909090909091
        },
        "27": {
            "labelled_normal": 54,
            "labelled_malicious": 347,
            "recall": 0.8653366583541147
        },
        "28": {
            "labelled_normal": 28,
            "labelled_malicious": 378,
            "recall": 0.9310344827586207
        },
        "29": {
            "labelled_normal": 3,
            "labelled_malicious": 354,
            "recall": 0.9915966386554622
        },
        "30": {
            "labelled_normal": 107,
            "labelled_malicious": 339,
            "recall": 0.7600896860986547
        },
        "31": {
            "labelled_normal": 0,
            "labelled_malicious": 396,
            "recall": 1.0
        },
        "32": {
            "labelled_normal": 0,
            "labelled_malicious": 369,
            "recall": 1.0
        },
        "33": {
            "labelled_normal": 13,
            "labelled_malicious": 293,
            "recall": 0.9575163398692811
        },
        "34": {
            "labelled_normal": 25,
            "labelled_malicious": 379,
            "recall": 0.9381188118811881
        },
        "35": {
            "labelled_normal": 55,
            "labelled_malicious": 376,
            "recall": 0.8723897911832946
        }
    },
    "attack_categories": {
        "0": {
            "labelled_normal": 42575,
            "labelled_malicious": 265,
            "recall": 0.9938141923436041
        },
        "1": {
            "labelled_normal": 110,
            "labelled_malicious": 1458,
            "recall": 0.9298469387755102
        },
        "2": {
            "labelled_normal": 200,
            "labelled_malicious": 2373,
            "recall": 0.9222697240575204
        },
        "3": {
            "labelled_normal": 144,
            "labelled_malicious": 1413,
            "recall": 0.9075144508670521
        },
        "4": {
            "labelled_normal": 269,
            "labelled_malicious": 3891,
            "recall": 0.9353365384615384
        },
        "5": {
            "labelled_normal": 0,
            "labelled_malicious": 997,
            "recall": 1.0
        },
        "6": {
            "labelled_normal": 37,
            "labelled_malicious": 391,
            "recall": 0.9135514018691588
        },
        "7": {
            "labelled_normal": 1,
            "labelled_malicious": 800,
            "recall": 0.9987515605493134
        }
    }
}