{
    "TP": 11323,
    "TN": 42532,
    "FP": 308,
    "FN": 761,
    "accuracy": 0.9805367416794115,
    "precision": 0.9735190439343134,
    "recall": 0.937024164184045,
    "attack_types": {
        "0": {
            "labelled_normal": 42532,
            "labelled_malicious": 308,
            "recall": 0.9928104575163399
        },
        "1": {
            "labelled_normal": 7,
            "labelled_malicious": 377,
            "recall": 0.9817708333333334
        },
        "2": {
            "labelled_normal": 94,
            "labelled_malicious": 212,
            "recall": 0.6928104575163399
        },
        "3": {
            "labelled_normal": 1,
            "labelled_malicious": 345,
            "recall": 0.9971098265895953
        },
        "4": {
            "labelled_normal": 5,
            "labelled_malicious": 420,
            "recall": 0.9882352941176471
        },
        "5": {
            "labelled_normal": 0,
            "labelled_malicious": 293,
            "recall": 1.0
        },
        "6": {
            "labelled_normal": 55,
            "labelled_malicious": 325,
            "recall": 0.8552631578947368
        },
        "7": {
            "labelled_normal": 1,
            "labelled_malicious": 295,
            "recall": 0.9966216216216216
        },
        "8": {
            "labelled_normal": 7,
            "labelled_malicious": 362,
            "recall": 0.981029810298103
        },
        "9": {
            "labelled_normal": 18,
            "labelled_malicious": 290,
            "recall": 0.9415584415584416
        },
        "10": {
            "labelled_normal": 66,
            "labelled_malicious": 210,
            "recall": 0.7608695652173914
        },
        "11": {
            "labelled_normal": 0,
            "labelled_malicious": 397,
            "recall": 1.0
        },
        "12": {
            "labelled_normal": 1,
            "labelled_malicious": 379,
            "recall": 0.9973684210526316
        },
        "13": {
            "labelled_normal": 62,
            "labelled_malicious": 252,
            "recall": 0.802547770700637
        },
        "14": {
            "labelled_normal": 49,
            "labelled_malicious": 263,
            "recall": 0.842948717948718
        },
        "15": {
            "labelled_normal": 50,
            "labelled_malicious": 262,
            "recall": 0.8397435897435898
        },
        "16": {
            "labelled_normal": 0,
            "labelled_malicious": 336,
            "recall": 1.0
        },
        "17": {
            "labelled_normal": 2,
            "labelled_malicious": 281,
            "recall": 0.9929328621908127
        },
        "18": {
            "labelled_normal": 35,
            "labelled_malicious": 393,
            "recall": 0.9182242990654206
        },
        "19": {
            "labelled_normal": 0,
            "labelled_malicious": 340,
            "recall": 1.0
        },
        "20": {
            "labelled_normal": 0,
            "labelled_malicious": 121,
            "recall": 1.0
        },
        "21": {
            "labelled_normal": 0,
            "labelled_malicious": 364,
            "recall": 1.0
        },
        "22": {
            "labelled_normal": 0,
            "labelled_malicious": 293,
            "recall": 1.0
        },
        "23": {
            "labelled_normal": 0,
            "labelled_malicious": 424,
            "recall": 1.0
        },
        "24": {
            "labelled_normal": 0,
            "labelled_malicious": 256,
            "recall": 1.0
        },
        "25": {
            "labelled_normal": 21,
            "labelled_malicious": 274,
            "recall": 0.9288135593220339
        },
        "26": {
            "labelled_normal": 3,
            "labelled_malicious": 327,
            "recall": 0.990909090909091
        },
        "27": {
            "labelled_normal": 44,
            "labelled_malicious": 357,
            "recall": 0.8902743142144638
        },
        "28": {
            "labelled_normal": 30,
            "labelled_malicious": 376,
            "recall": 0.9261083743842364
        },
        "29": {
            "labelled_normal": 4,
            "labelled_malicious": 353,
            "recall": 0.988795518207283
        },
        "30": {
            "labelled_normal": 100,
            "labelled_malicious": 346,
            "recall": 0.7757847533632287
        },
        "31": {
            "labelled_normal": 0,
            "labelled_malicious": 396,
            "recall": 1.0
        },
        "32": {
            "labelled_normal": 0,
            "labelled_malicious": 369,
            "recall": 1.0
        },
        "33": {
            "labelled_normal": 21,
            "labelled_malicious": 285,
            "recall": 0.9313725490196079
        },
        "34": {
            "labelled_normal": 27,
            "labelled_malicious": 377,
            "recall": 0.9331683168316832
        },
        "35": {
            "labelled_normal": 58,
            "labelled_malicious": 373,
            "recall": 0.8654292343387471
        }
    },
    "attack_categories": {
        "0": {
            "labelled_normal": 42532,
            "labelled_malicious": 308,
            "recall": 0.9928104575163399
        },
        "1": {
            "labelled_normal": 104,
            "labelled_malicious": 1464,
            "recall": 0.9336734693877551
        },
        "2": {
            "labelled_normal": 204,
            "labelled_malicious": 2369,
            "recall": 0.9207151185386708
        },
        "3": {
            "labelled_normal": 163,
            "labelled_malicious": 1394,
            "recall": 0.8953114964675658
        },
        "4": {
            "labelled_normal": 255,
            "labelled_malicious": 3905,
            "recall": 0.9387019230769231
        },
        "5": {
            "labelled_normal": 0,
            "labelled_malicious": 997,
            "recall": 1.0
        },
        "6": {
            "labelled_normal": 35,
            "labelled_malicious": 393,
            "recall": 0.9182242990654206
        },
        "7": {
            "labelled_normal": 0,
            "labelled_malicious": 801,
            "recall": 1.0
        }
    }
}