{
    "TP": 11248,
    "TN": 42590,
    "FP": 250,
    "FN": 836,
    "accuracy": 0.9802272230718811,
    "precision": 0.9782570881892503,
    "recall": 0.9308176100628931,
    "attack_types": {
        "0": {
            "labelled_normal": 42590,
            "labelled_malicious": 250,
            "recall": 0.9941643323996265
        },
        "1": {
            "labelled_normal": 3,
            "labelled_malicious": 381,
            "recall": 0.9921875
        },
        "2": {
            "labelled_normal": 93,
            "labelled_malicious": 213,
            "recall": 0.696078431372549
        },
        "3": {
            "labelled_normal": 2,
            "labelled_malicious": 344,
            "recall": 0.9942196531791907
        },
        "4": {
            "labelled_normal": 5,
            "labelled_malicious": 420,
            "recall": 0.9882352941176471
        },
        "5": {
            "labelled_normal": 88,
            "labelled_malicious": 205,
            "recall": 0.6996587030716723
        },
        "6": {
            "labelled_normal": 61,
            "labelled_malicious": 319,
            "recall": 0.8394736842105263
        },
        "7": {
            "labelled_normal": 2,
            "labelled_malicious": 294,
            "recall": 0.9932432432432432
        },
        "8": {
            "labelled_normal": 11,
            "labelled_malicious": 358,
            "recall": 0.9701897018970189
        },
        "9": {
            "labelled_normal": 10,
            "labelled_malicious": 298,
            "recall": 0.9675324675324676
        },
        "10": {
            "labelled_normal": 63,
            "labelled_malicious": 213,
            "recall": 0.7717391304347826
        },
        "11": {
            "labelled_normal": 0,
            "labelled_malicious": 397,
            "recall": 1.0
        },
        "12": {
            "labelled_normal": 2,
            "labelled_malicious": 378,
            "recall": 0.9947368421052631
        },
        "13": {
            "labelled_normal": 50,
            "labelled_malicious": 264,
            "recall": 0.8407643312101911
        },
        "14": {
            "labelled_normal": 52,
            "labelled_malicious": 260,
            "recall": 0.8333333333333334
        },
        "15": {
            "labelled_normal": 60,
            "labelled_malicious": 252,
            "recall": 0.8076923076923077
        },
        "16": {
            "labelled_normal": 0,
            "labelled_malicious": 336,
            "recall": 1.0
        },
        "17": {
            "labelled_normal": 1,
            "labelled_malicious": 282,
            "recall": 0.9964664310954063
        },
        "18": {
            "labelled_normal": 36,
            "labelled_malicious": 392,
            "recall": 0.9158878504672897
        },
        "19": {
            "labelled_normal": 0,
            "labelled_malicious": 340,
            "recall": 1.0
        },
        "20": {
            "labelled_normal": 1,
            "labelled_malicious": 120,
            "recall": 0.9917355371900827
        },
        "21": {
            "labelled_normal": 0,
            "labelled_malicious": 364,
            "recall": 1.0
        },
        "22": {
            "labelled_normal": 0,
            "labelled_malicious": 293,
            "recall": 1.0
        },
        "23": {
            "labelled_normal": 0,
            "labelled_malicious": 424,
            "recall": 1.0
        },
        "24": {
            "labelled_normal": 0,
            "labelled_malicious": 256,
            "recall": 1.0
        },
        "25": {
            "labelled_normal": 20,
            "labelled_malicious": 275,
            "recall": 0.9322033898305084
        },
        "26": {
            "labelled_normal": 2,
            "labelled_malicious": 328,
            "recall": 0.9939393939393939
        },
        "27": {
            "labelled_normal": 47,
            "labelled_malicious": 354,
            "recall": 0.8827930174563591
        },
        "28": {
            "labelled_normal": 27,
            "labelled_malicious": 379,
            "recall": 0.9334975369458128
        },
        "29": {
            "labelled_normal": 4,
            "labelled_malicious": 353,
            "recall": 0.988795518207283
        },
        "30": {
            "labelled_normal": 101,
            "labelled_malicious": 345,
            "recall": 0.773542600896861
        },
        "31": {
            "labelled_normal": 0,
            "labelled_malicious": 396,
            "recall": 1.0
        },
        "32": {
            "labelled_normal": 0,
            "labelled_malicious": 369,
            "recall": 1.0
        },
        "33": {
            "labelled_normal": 12,
            "labelled_malicious": 294,
            "recall": 0.9607843137254902
        },
        "34": {
            "labelled_normal": 29,
            "labelled_malicious": 375,
            "recall": 0.9282178217821783
        },
        "35": {
            "labelled_normal": 54,
            "labelled_malicious": 377,
            "recall": 0.8747099767981439
        }
    },
    "attack_categories": {
        "0": {
            "labelled_normal": 42590,
            "labelled_malicious": 250,
            "recall": 0.9941643323996265
        },
        "1": {
            "labelled_normal": 105,
            "labelled_malicious": 1463,
            "recall": 0.9330357142857143
        },
        "2": {
            "labelled_normal": 191,
            "labelled_malicious": 2382,
            "recall": 0.925767586474932
        },
        "3": {
            "labelled_normal": 163,
            "labelled_malicious": 1394,
            "recall": 0.8953114964675658
        },
        "4": {
            "labelled_normal": 340,
            "labelled_malicious": 3820,
            "recall": 0.9182692307692307
        },
        "5": {
            "labelled_normal": 0,
            "labelled_malicious": 997,
            "recall": 1.0
        },
        "6": {
            "labelled_normal": 36,
            "labelled_malicious": 392,
            "recall": 0.9158878504672897
        },
        "7": {
            "labelled_normal": 1,
            "labelled_malicious": 800,
            "recall": 0.9987515605493134
        }
    }
}