{
    "TP": 10875,
    "TN": 42702,
    "FP": 326,
    "FN": 1021,
    "accuracy": 0.9754752020974438,
    "precision": 0.9708954557628783,
    "recall": 0.914172831203766,
    "attack_types": {
        "0": {
            "labelled_normal": 42702,
            "labelled_malicious": 326,
            "recall": 0.9924235381611973
        },
        "1": {
            "labelled_normal": 0,
            "labelled_malicious": 390,
            "recall": 1.0
        },
        "2": {
            "labelled_normal": 65,
            "labelled_malicious": 211,
            "recall": 0.7644927536231884
        },
        "3": {
            "labelled_normal": 1,
            "labelled_malicious": 359,
            "recall": 0.9972222222222222
        },
        "4": {
            "labelled_normal": 2,
            "labelled_malicious": 366,
            "recall": 0.9945652173913043
        },
        "5": {
            "labelled_normal": 3,
            "labelled_malicious": 275,
            "recall": 0.9892086330935251
        },
        "6": {
            "labelled_normal": 55,
            "labelled_malicious": 369,
            "recall": 0.8702830188679245
        },
        "7": {
            "labelled_normal": 1,
            "labelled_malicious": 326,
            "recall": 0.9969418960244648
        },
        "8": {
            "labelled_normal": 13,
            "labelled_malicious": 347,
            "recall": 0.9638888888888889
        },
        "9": {
            "labelled_normal": 4,
            "labelled_malicious": 275,
            "recall": 0.985663082437276
        },
        "10": {
            "labelled_normal": 82,
            "labelled_malicious": 235,
            "recall": 0.7413249211356467
        },
        "11": {
            "labelled_normal": 1,
            "labelled_malicious": 348,
            "recall": 0.997134670487106
        },
        "12": {
            "labelled_normal": 1,
            "labelled_malicious": 382,
            "recall": 0.9973890339425587
        },
        "13": {
            "labelled_normal": 43,
            "labelled_malicious": 281,
            "recall": 0.8672839506172839
        },
        "14": {
            "labelled_normal": 40,
            "labelled_malicious": 281,
            "recall": 0.8753894080996885
        },
        "15": {
            "labelled_normal": 36,
            "labelled_malicious": 258,
            "recall": 0.8775510204081632
        },
        "16": {
            "labelled_normal": 1,
            "labelled_malicious": 292,
            "recall": 0.9965870307167235
        },
        "17": {
            "labelled_normal": 1,
            "labelled_malicious": 277,
            "recall": 0.9964028776978417
        },
        "18": {
            "labelled_normal": 60,
            "labelled_malicious": 348,
            "recall": 0.8529411764705882
        },
        "19": {
            "labelled_normal": 0,
            "labelled_malicious": 310,
            "recall": 1.0
        },
        "20": {
            "labelled_normal": 3,
            "labelled_malicious": 138,
            "recall": 0.9787234042553191
        },
        "21": {
            "labelled_normal": 0,
            "labelled_malicious": 319,
            "recall": 1.0
        },
        "22": {
            "labelled_normal": 0,
            "labelled_malicious": 317,
            "recall": 1.0
        },
        "23": {
            "labelled_normal": 228,
            "labelled_malicious": 155,
            "recall": 0.4046997389033943
        },
        "24": {
            "labelled_normal": 97,
            "labelled_malicious": 117,
            "recall": 0.5467289719626168
        },
        "25": {
            "labelled_normal": 11,
            "labelled_malicious": 286,
            "recall": 0.9629629629629629
        },
        "26": {
            "labelled_normal": 3,
            "labelled_malicious": 363,
            "recall": 0.9918032786885246
        },
        "27": {
            "labelled_normal": 50,
            "labelled_malicious": 369,
            "recall": 0.8806682577565632
        },
        "28": {
            "labelled_normal": 20,
            "labelled_malicious": 350,
            "recall": 0.9459459459459459
        },
        "29": {
            "labelled_normal": 1,
            "labelled_malicious": 365,
            "recall": 0.9972677595628415
        },
        "30": {
            "labelled_normal": 89,
            "labelled_malicious": 322,
            "recall": 0.7834549878345499
        },
        "31": {
            "labelled_normal": 0,
            "labelled_malicious": 358,
            "recall": 1.0
        },
        "32": {
            "labelled_normal": 0,
            "labelled_malicious": 416,
            "recall": 1.0
        },
        "33": {
            "labelled_normal": 15,
            "labelled_malicious": 338,
            "recall": 0.9575070821529745
        },
        "34": {
            "labelled_normal": 26,
            "labelled_malicious": 381,
            "recall": 0.9361179361179361
        },
        "35": {
            "labelled_normal": 69,
            "labelled_malicious": 351,
            "recall": 0.8357142857142857
        }
    },
    "attack_categories": {
        "0": {
            "labelled_normal": 42702,
            "labelled_malicious": 326,
            "recall": 0.9924235381611973
        },
        "1": {
            "labelled_normal": 90,
            "labelled_malicious": 1461,
            "recall": 0.941972920696325
        },
        "2": {
            "labelled_normal": 194,
            "labelled_malicious": 2438,
            "recall": 0.9262917933130699
        },
        "3": {
            "labelled_normal": 121,
            "labelled_malicious": 1389,
            "recall": 0.9198675496688742
        },
        "4": {
            "labelled_normal": 228,
            "labelled_malicious": 3883,
            "recall": 0.9445390415957188
        },
        "5": {
            "labelled_normal": 0,
            "labelled_malicious": 946,
            "recall": 1.0
        },
        "6": {
            "labelled_normal": 60,
            "labelled_malicious": 348,
            "recall": 0.8529411764705882
        },
        "7": {
            "labelled_normal": 328,
            "labelled_malicious": 410,
            "recall": 0.5555555555555556
        }
    }
}