{
    "TP": 11064,
    "TN": 42585,
    "FP": 228,
    "FN": 1047,
    "accuracy": 0.9767861044352196,
    "precision": 0.9798087141339001,
    "recall": 0.9135496655932623,
    "attack_types": {
        "0": {
            "labelled_normal": 42585,
            "labelled_malicious": 228,
            "recall": 0.9946745147501928
        },
        "1": {
            "labelled_normal": 1,
            "labelled_malicious": 321,
            "recall": 0.9968944099378882
        },
        "2": {
            "labelled_normal": 59,
            "labelled_malicious": 244,
            "recall": 0.8052805280528053
        },
        "3": {
            "labelled_normal": 2,
            "labelled_malicious": 360,
            "recall": 0.994475138121547
        },
        "4": {
            "labelled_normal": 3,
            "labelled_malicious": 349,
            "recall": 0.9914772727272727
        },
        "5": {
            "labelled_normal": 0,
            "labelled_malicious": 292,
            "recall": 1.0
        },
        "6": {
            "labelled_normal": 89,
            "labelled_malicious": 317,
            "recall": 0.7807881773399015
        },
        "7": {
            "labelled_normal": 0,
            "labelled_malicious": 291,
            "recall": 1.0
        },
        "8": {
            "labelled_normal": 11,
            "labelled_malicious": 340,
            "recall": 0.9686609686609686
        },
        "9": {
            "labelled_normal": 14,
            "labelled_malicious": 233,
            "recall": 0.9433198380566802
        },
        "10": {
            "labelled_normal": 81,
            "labelled_malicious": 215,
            "recall": 0.7263513513513513
        },
        "11": {
            "labelled_normal": 5,
            "labelled_malicious": 358,
            "recall": 0.9862258953168044
        },
        "12": {
            "labelled_normal": 4,
            "labelled_malicious": 456,
            "recall": 0.991304347826087
        },
        "13": {
            "labelled_normal": 50,
            "labelled_malicious": 309,
            "recall": 0.8607242339832869
        },
        "14": {
            "labelled_normal": 59,
            "labelled_malicious": 299,
            "recall": 0.835195530726257
        },
        "15": {
            "labelled_normal": 58,
            "labelled_malicious": 262,
            "recall": 0.81875
        },
        "16": {
            "labelled_normal": 8,
            "labelled_malicious": 352,
            "recall": 0.9777777777777777
        },
        "17": {
            "labelled_normal": 0,
            "labelled_malicious": 307,
            "recall": 1.0
        },
        "18": {
            "labelled_normal": 37,
            "labelled_malicious": 403,
            "recall": 0.9159090909090909
        },
        "19": {
            "labelled_normal": 0,
            "labelled_malicious": 333,
            "recall": 1.0
        },
        "20": {
            "labelled_normal": 0,
            "labelled_malicious": 133,
            "recall": 1.0
        },
        "21": {
            "labelled_normal": 0,
            "labelled_malicious": 344,
            "recall": 1.0
        },
        "22": {
            "labelled_normal": 0,
            "labelled_malicious": 319,
            "recall": 1.0
        },
        "23": {
            "labelled_normal": 0,
            "labelled_malicious": 457,
            "recall": 1.0
        },
        "24": {
            "labelled_normal": 1,
            "labelled_malicious": 210,
            "recall": 0.995260663507109
        },
        "25": {
            "labelled_normal": 24,
            "labelled_malicious": 283,
            "recall": 0.9218241042345277
        },
        "26": {
            "labelled_normal": 1,
            "labelled_malicious": 342,
            "recall": 0.9970845481049563
        },
        "27": {
            "labelled_normal": 48,
            "labelled_malicious": 398,
            "recall": 0.8923766816143498
        },
        "28": {
            "labelled_normal": 25,
            "labelled_malicious": 311,
            "recall": 0.9255952380952381
        },
        "29": {
            "labelled_normal": 4,
            "labelled_malicious": 389,
            "recall": 0.989821882951654
        },
        "30": {
            "labelled_normal": 87,
            "labelled_malicious": 306,
            "recall": 0.7786259541984732
        },
        "31": {
            "labelled_normal": 0,
            "labelled_malicious": 405,
            "recall": 1.0
        },
        "32": {
            "labelled_normal": 0,
            "labelled_malicious": 368,
            "recall": 1.0
        },
        "33": {
            "labelled_normal": 13,
            "labelled_malicious": 304,
            "recall": 0.9589905362776026
        },
        "34": {
            "labelled_normal": 20,
            "labelled_malicious": 360,
            "recall": 0.9473684210526315
        },
        "35": {
            "labelled_normal": 343,
            "labelled_malicious": 94,
            "recall": 0.2151029748283753
        }
    },
    "attack_categories": {
        "0": {
            "labelled_normal": 42585,
            "labelled_malicious": 228,
            "recall": 0.9946745147501928
        },
        "1": {
            "labelled_normal": 91,
            "labelled_malicious": 1468,
            "recall": 0.9416292495189224
        },
        "2": {
            "labelled_normal": 474,
            "labelled_malicious": 2092,
            "recall": 0.8152766952455183
        },
        "3": {
            "labelled_normal": 175,
            "labelled_malicious": 1529,
            "recall": 0.8973004694835681
        },
        "4": {
            "labelled_normal": 269,
            "labelled_malicious": 3776,
            "recall": 0.9334981458590853
        },
        "5": {
            "labelled_normal": 0,
            "labelled_malicious": 996,
            "recall": 1.0
        },
        "6": {
            "labelled_normal": 37,
            "labelled_malicious": 403,
            "recall": 0.9159090909090909
        },
        "7": {
            "labelled_normal": 1,
            "labelled_malicious": 800,
            "recall": 0.9987515605493134
        }
    }
}