{
    "TP": 10828,
    "TN": 42717,
    "FP": 311,
    "FN": 1068,
    "accuracy": 0.97489257883621,
    "precision": 0.9720800790017057,
    "recall": 0.910221923335575,
    "attack_types": {
        "0": {
            "labelled_normal": 42717,
            "labelled_malicious": 311,
            "recall": 0.9927721483685042
        },
        "1": {
            "labelled_normal": 1,
            "labelled_malicious": 389,
            "recall": 0.9974358974358974
        },
        "2": {
            "labelled_normal": 73,
            "labelled_malicious": 203,
            "recall": 0.7355072463768116
        },
        "3": {
            "labelled_normal": 1,
            "labelled_malicious": 359,
            "recall": 0.9972222222222222
        },
        "4": {
            "labelled_normal": 3,
            "labelled_malicious": 365,
            "recall": 0.9918478260869565
        },
        "5": {
            "labelled_normal": 6,
            "labelled_malicious": 272,
            "recall": 0.9784172661870504
        },
        "6": {
            "labelled_normal": 71,
            "labelled_malicious": 353,
            "recall": 0.8325471698113207
        },
        "7": {
            "labelled_normal": 1,
            "labelled_malicious": 326,
            "recall": 0.9969418960244648
        },
        "8": {
            "labelled_normal": 10,
            "labelled_malicious": 350,
            "recall": 0.9722222222222222
        },
        "9": {
            "labelled_normal": 6,
            "labelled_malicious": 273,
            "recall": 0.978494623655914
        },
        "10": {
            "labelled_normal": 283,
            "labelled_malicious": 34,
            "recall": 0.10725552050473186
        },
        "11": {
            "labelled_normal": 4,
            "labelled_malicious": 345,
            "recall": 0.9885386819484241
        },
        "12": {
            "labelled_normal": 2,
            "labelled_malicious": 381,
            "recall": 0.9947780678851175
        },
        "13": {
            "labelled_normal": 56,
            "labelled_malicious": 268,
            "recall": 0.8271604938271605
        },
        "14": {
            "labelled_normal": 52,
            "labelled_malicious": 269,
            "recall": 0.838006230529595
        },
        "15": {
            "labelled_normal": 46,
            "labelled_malicious": 248,
            "recall": 0.8435374149659864
        },
        "16": {
            "labelled_normal": 2,
            "labelled_malicious": 291,
            "recall": 0.9931740614334471
        },
        "17": {
            "labelled_normal": 1,
            "labelled_malicious": 277,
            "recall": 0.9964028776978417
        },
        "18": {
            "labelled_normal": 63,
            "labelled_malicious": 345,
            "recall": 0.8455882352941176
        },
        "19": {
            "labelled_normal": 0,
            "labelled_malicious": 310,
            "recall": 1.0
        },
        "20": {
            "labelled_normal": 0,
            "labelled_malicious": 141,
            "recall": 1.0
        },
        "21": {
            "labelled_normal": 0,
            "labelled_malicious": 319,
            "recall": 1.0
        },
        "22": {
            "labelled_normal": 0,
            "labelled_malicious": 317,
            "recall": 1.0
        },
        "23": {
            "labelled_normal": 0,
            "labelled_malicious": 383,
            "recall": 1.0
        },
        "24": {
            "labelled_normal": 2,
            "labelled_malicious": 212,
            "recall": 0.9906542056074766
        },
        "25": {
            "labelled_normal": 17,
            "labelled_malicious": 280,
            "recall": 0.9427609427609428
        },
        "26": {
            "labelled_normal": 4,
            "labelled_malicious": 362,
            "recall": 0.9890710382513661
        },
        "27": {
            "labelled_normal": 91,
            "labelled_malicious": 328,
            "recall": 0.7828162291169452
        },
        "28": {
            "labelled_normal": 22,
            "labelled_malicious": 348,
            "recall": 0.9405405405405406
        },
        "29": {
            "labelled_normal": 1,
            "labelled_malicious": 365,
            "recall": 0.9972677595628415
        },
        "30": {
            "labelled_normal": 108,
            "labelled_malicious": 303,
            "recall": 0.7372262773722628
        },
        "31": {
            "labelled_normal": 0,
            "labelled_malicious": 358,
            "recall": 1.0
        },
        "32": {
            "labelled_normal": 0,
            "labelled_malicious": 416,
            "recall": 1.0
        },
        "33": {
            "labelled_normal": 25,
            "labelled_malicious": 328,
            "recall": 0.9291784702549575
        },
        "34": {
            "labelled_normal": 37,
            "labelled_malicious": 370,
            "recall": 0.9090909090909091
        },
        "35": {
            "labelled_normal": 80,
            "labelled_malicious": 340,
            "recall": 0.8095238095238095
        }
    },
    "attack_categories": {
        "0": {
            "labelled_normal": 42717,
            "labelled_malicious": 311,
            "recall": 0.9927721483685042
        },
        "1": {
            "labelled_normal": 109,
            "labelled_malicious": 1442,
            "recall": 0.9297227595099935
        },
        "2": {
            "labelled_normal": 276,
            "labelled_malicious": 2356,
            "recall": 0.8951367781155015
        },
        "3": {
            "labelled_normal": 157,
            "labelled_malicious": 1353,
            "recall": 0.8960264900662251
        },
        "4": {
            "labelled_normal": 461,
            "labelled_malicious": 3650,
            "recall": 0.8878618341036244
        },
        "5": {
            "labelled_normal": 0,
            "labelled_malicious": 946,
            "recall": 1.0
        },
        "6": {
            "labelled_normal": 63,
            "labelled_malicious": 345,
            "recall": 0.8455882352941176
        },
        "7": {
            "labelled_normal": 2,
            "labelled_malicious": 736,
            "recall": 0.997289972899729
        }
    }
}