{
    "TP": 10975,
    "TN": 42740,
    "FP": 290,
    "FN": 923,
    "accuracy": 0.9779165452956597,
    "precision": 0.9742565468264536,
    "recall": 0.9224239367961001,
    "attack_types": {
        "0": {
            "labelled_normal": 42740,
            "labelled_malicious": 290,
            "recall": 0.9932605159191262
        },
        "1": {
            "labelled_normal": 4,
            "labelled_malicious": 314,
            "recall": 0.9874213836477987
        },
        "2": {
            "labelled_normal": 48,
            "labelled_malicious": 236,
            "recall": 0.8309859154929577
        },
        "3": {
            "labelled_normal": 0,
            "labelled_malicious": 337,
            "recall": 1.0
        },
        "4": {
            "labelled_normal": 3,
            "labelled_malicious": 371,
            "recall": 0.9919786096256684
        },
        "5": {
            "labelled_normal": 1,
            "labelled_malicious": 278,
            "recall": 0.996415770609319
        },
        "6": {
            "labelled_normal": 66,
            "labelled_malicious": 332,
            "recall": 0.8341708542713567
        },
        "7": {
            "labelled_normal": 2,
            "labelled_malicious": 291,
            "recall": 0.9931740614334471
        },
        "8": {
            "labelled_normal": 10,
            "labelled_malicious": 358,
            "recall": 0.9728260869565217
        },
        "9": {
            "labelled_normal": 231,
            "labelled_malicious": 31,
            "recall": 0.1183206106870229
        },
        "10": {
            "labelled_normal": 72,
            "labelled_malicious": 227,
            "recall": 0.7591973244147158
        },
        "11": {
            "labelled_normal": 3,
            "labelled_malicious": 385,
            "recall": 0.9922680412371134
        },
        "12": {
            "labelled_normal": 0,
            "labelled_malicious": 396,
            "recall": 1.0
        },
        "13": {
            "labelled_normal": 35,
            "labelled_malicious": 243,
            "recall": 0.8741007194244604
        },
        "14": {
            "labelled_normal": 62,
            "labelled_malicious": 282,
            "recall": 0.8197674418604651
        },
        "15": {
            "labelled_normal": 45,
            "labelled_malicious": 250,
            "recall": 0.847457627118644
        },
        "16": {
            "labelled_normal": 2,
            "labelled_malicious": 326,
            "recall": 0.9939024390243902
        },
        "17": {
            "labelled_normal": 1,
            "labelled_malicious": 270,
            "recall": 0.996309963099631
        },
        "18": {
            "labelled_normal": 39,
            "labelled_malicious": 408,
            "recall": 0.912751677852349
        },
        "19": {
            "labelled_normal": 0,
            "labelled_malicious": 335,
            "recall": 1.0
        },
        "20": {
            "labelled_normal": 0,
            "labelled_malicious": 126,
            "recall": 1.0
        },
        "21": {
            "labelled_normal": 0,
            "labelled_malicious": 359,
            "recall": 1.0
        },
        "22": {
            "labelled_normal": 0,
            "labelled_malicious": 339,
            "recall": 1.0
        },
        "23": {
            "labelled_normal": 0,
            "labelled_malicious": 331,
            "recall": 1.0
        },
        "24": {
            "labelled_normal": 0,
            "labelled_malicious": 241,
            "recall": 1.0
        },
        "25": {
            "labelled_normal": 19,
            "labelled_malicious": 282,
            "recall": 0.9368770764119602
        },
        "26": {
            "labelled_normal": 5,
            "labelled_malicious": 368,
            "recall": 0.9865951742627346
        },
        "27": {
            "labelled_normal": 48,
            "labelled_malicious": 357,
            "recall": 0.8814814814814815
        },
        "28": {
            "labelled_normal": 25,
            "labelled_malicious": 357,
            "recall": 0.9345549738219895
        },
        "29": {
            "labelled_normal": 7,
            "labelled_malicious": 368,
            "recall": 0.9813333333333333
        },
        "30": {
            "labelled_normal": 85,
            "labelled_malicious": 354,
            "recall": 0.806378132118451
        },
        "31": {
            "labelled_normal": 0,
            "labelled_malicious": 393,
            "recall": 1.0
        },
        "32": {
            "labelled_normal": 0,
            "labelled_malicious": 332,
            "recall": 1.0
        },
        "33": {
            "labelled_normal": 13,
            "labelled_malicious": 307,
            "recall": 0.959375
        },
        "34": {
            "labelled_normal": 30,
            "labelled_malicious": 375,
            "recall": 0.9259259259259259
        },
        "35": {
            "labelled_normal": 67,
            "labelled_malicious": 416,
            "recall": 0.8612836438923396
        }
    },
    "attack_categories": {
        "0": {
            "labelled_normal": 42740,
            "labelled_malicious": 290,
            "recall": 0.9932605159191262
        },
        "1": {
            "labelled_normal": 92,
            "labelled_malicious": 1447,
            "recall": 0.940220922677063
        },
        "2": {
            "labelled_normal": 207,
            "labelled_malicious": 2462,
            "recall": 0.9224428624953166
        },
        "3": {
            "labelled_normal": 145,
            "labelled_malicious": 1371,
            "recall": 0.9043535620052771
        },
        "4": {
            "labelled_normal": 440,
            "labelled_malicious": 3556,
            "recall": 0.8898898898898899
        },
        "5": {
            "labelled_normal": 0,
            "labelled_malicious": 1033,
            "recall": 1.0
        },
        "6": {
            "labelled_normal": 39,
            "labelled_malicious": 408,
            "recall": 0.912751677852349
        },
        "7": {
            "labelled_normal": 0,
            "labelled_malicious": 698,
            "recall": 1.0
        }
    }
}