{
    "TP": 11198,
    "TN": 42692,
    "FP": 336,
    "FN": 698,
    "accuracy": 0.9811739858713859,
    "precision": 0.970868735911219,
    "recall": 0.941324815063887,
    "attack_types": {
        "0": {
            "labelled_normal": 42692,
            "labelled_malicious": 336,
            "recall": 0.9921911313563261
        },
        "1": {
            "labelled_normal": 3,
            "labelled_malicious": 387,
            "recall": 0.9923076923076923
        },
        "2": {
            "labelled_normal": 55,
            "labelled_malicious": 221,
            "recall": 0.8007246376811594
        },
        "3": {
            "labelled_normal": 2,
            "labelled_malicious": 358,
            "recall": 0.9944444444444445
        },
        "4": {
            "labelled_normal": 3,
            "labelled_malicious": 365,
            "recall": 0.9918478260869565
        },
        "5": {
            "labelled_normal": 2,
            "labelled_malicious": 276,
            "recall": 0.9928057553956835
        },
        "6": {
            "labelled_normal": 62,
            "labelled_malicious": 362,
            "recall": 0.8537735849056604
        },
        "7": {
            "labelled_normal": 1,
            "labelled_malicious": 326,
            "recall": 0.9969418960244648
        },
        "8": {
            "labelled_normal": 10,
            "labelled_malicious": 350,
            "recall": 0.9722222222222222
        },
        "9": {
            "labelled_normal": 2,
            "labelled_malicious": 277,
            "recall": 0.992831541218638
        },
        "10": {
            "labelled_normal": 82,
            "labelled_malicious": 235,
            "recall": 0.7413249211356467
        },
        "11": {
            "labelled_normal": 3,
            "labelled_malicious": 346,
            "recall": 0.9914040114613181
        },
        "12": {
            "labelled_normal": 2,
            "labelled_malicious": 381,
            "recall": 0.9947780678851175
        },
        "13": {
            "labelled_normal": 47,
            "labelled_malicious": 277,
            "recall": 0.8549382716049383
        },
        "14": {
            "labelled_normal": 43,
            "labelled_malicious": 278,
            "recall": 0.8660436137071651
        },
        "15": {
            "labelled_normal": 43,
            "labelled_malicious": 251,
            "recall": 0.8537414965986394
        },
        "16": {
            "labelled_normal": 0,
            "labelled_malicious": 293,
            "recall": 1.0
        },
        "17": {
            "labelled_normal": 1,
            "labelled_malicious": 277,
            "recall": 0.9964028776978417
        },
        "18": {
            "labelled_normal": 51,
            "labelled_malicious": 357,
            "recall": 0.875
        },
        "19": {
            "labelled_normal": 1,
            "labelled_malicious": 309,
            "recall": 0.9967741935483871
        },
        "20": {
            "labelled_normal": 0,
            "labelled_malicious": 141,
            "recall": 1.0
        },
        "21": {
            "labelled_normal": 0,
            "labelled_malicious": 319,
            "recall": 1.0
        },
        "22": {
            "labelled_normal": 0,
            "labelled_malicious": 317,
            "recall": 1.0
        },
        "23": {
            "labelled_normal": 0,
            "labelled_malicious": 383,
            "recall": 1.0
        },
        "24": {
            "labelled_normal": 1,
            "labelled_malicious": 213,
            "recall": 0.9953271028037384
        },
        "25": {
            "labelled_normal": 13,
            "labelled_malicious": 284,
            "recall": 0.9562289562289562
        },
        "26": {
            "labelled_normal": 3,
            "labelled_malicious": 363,
            "recall": 0.9918032786885246
        },
        "27": {
            "labelled_normal": 56,
            "labelled_malicious": 363,
            "recall": 0.8663484486873508
        },
        "28": {
            "labelled_normal": 25,
            "labelled_malicious": 345,
            "recall": 0.9324324324324325
        },
        "29": {
            "labelled_normal": 2,
            "labelled_malicious": 364,
            "recall": 0.994535519125683
        },
        "30": {
            "labelled_normal": 78,
            "labelled_malicious": 333,
            "recall": 0.8102189781021898
        },
        "31": {
            "labelled_normal": 0,
            "labelled_malicious": 358,
            "recall": 1.0
        },
        "32": {
            "labelled_normal": 0,
            "labelled_malicious": 416,
            "recall": 1.0
        },
        "33": {
            "labelled_normal": 22,
            "labelled_malicious": 331,
            "recall": 0.9376770538243626
        },
        "34": {
            "labelled_normal": 23,
            "labelled_malicious": 384,
            "recall": 0.9434889434889435
        },
        "35": {
            "labelled_normal": 62,
            "labelled_malicious": 358,
            "recall": 0.8523809523809524
        }
    },
    "attack_categories": {
        "0": {
            "labelled_normal": 42692,
            "labelled_malicious": 336,
            "recall": 0.9921911313563261
        },
        "1": {
            "labelled_normal": 80,
            "labelled_malicious": 1471,
            "recall": 0.9484203739522888
        },
        "2": {
            "labelled_normal": 204,
            "labelled_malicious": 2428,
            "recall": 0.9224924012158054
        },
        "3": {
            "labelled_normal": 134,
            "labelled_malicious": 1376,
            "recall": 0.9112582781456954
        },
        "4": {
            "labelled_normal": 227,
            "labelled_malicious": 3884,
            "recall": 0.9447822914132814
        },
        "5": {
            "labelled_normal": 1,
            "labelled_malicious": 945,
            "recall": 0.9989429175475687
        },
        "6": {
            "labelled_normal": 51,
            "labelled_malicious": 357,
            "recall": 0.875
        },
        "7": {
            "labelled_normal": 1,
            "labelled_malicious": 737,
            "recall": 0.9986449864498645
        }
    }
}