{
    "TP": 11245,
    "TN": 42581,
    "FP": 284,
    "FN": 814,
    "accuracy": 0.9800087393489185,
    "precision": 0.9753664671697458,
    "recall": 0.9324985488017249,
    "attack_types": {
        "0": {
            "labelled_normal": 42581,
            "labelled_malicious": 284,
            "recall": 0.9933745479995334
        },
        "1": {
            "labelled_normal": 105,
            "labelled_malicious": 273,
            "recall": 0.7222222222222222
        },
        "2": {
            "labelled_normal": 69,
            "labelled_malicious": 222,
            "recall": 0.7628865979381443
        },
        "3": {
            "labelled_normal": 2,
            "labelled_malicious": 293,
            "recall": 0.9932203389830508
        },
        "4": {
            "labelled_normal": 1,
            "labelled_malicious": 412,
            "recall": 0.9975786924939467
        },
        "5": {
            "labelled_normal": 3,
            "labelled_malicious": 271,
            "recall": 0.9890510948905109
        },
        "6": {
            "labelled_normal": 74,
            "labelled_malicious": 344,
            "recall": 0.8229665071770335
        },
        "7": {
            "labelled_normal": 0,
            "labelled_malicious": 305,
            "recall": 1.0
        },
        "8": {
            "labelled_normal": 13,
            "labelled_malicious": 337,
            "recall": 0.9628571428571429
        },
        "9": {
            "labelled_normal": 7,
            "labelled_malicious": 293,
            "recall": 0.9766666666666667
        },
        "10": {
            "labelled_normal": 71,
            "labelled_malicious": 215,
            "recall": 0.7517482517482518
        },
        "11": {
            "labelled_normal": 2,
            "labelled_malicious": 335,
            "recall": 0.9940652818991098
        },
        "12": {
            "labelled_normal": 3,
            "labelled_malicious": 450,
            "recall": 0.9933774834437086
        },
        "13": {
            "labelled_normal": 43,
            "labelled_malicious": 276,
            "recall": 0.8652037617554859
        },
        "14": {
            "labelled_normal": 41,
            "labelled_malicious": 300,
            "recall": 0.8797653958944281
        },
        "15": {
            "labelled_normal": 62,
            "labelled_malicious": 275,
            "recall": 0.8160237388724035
        },
        "16": {
            "labelled_normal": 4,
            "labelled_malicious": 337,
            "recall": 0.9882697947214076
        },
        "17": {
            "labelled_normal": 2,
            "labelled_malicious": 273,
            "recall": 0.9927272727272727
        },
        "18": {
            "labelled_normal": 33,
            "labelled_malicious": 420,
            "recall": 0.9271523178807947
        },
        "19": {
            "labelled_normal": 0,
            "labelled_malicious": 316,
            "recall": 1.0
        },
        "20": {
            "labelled_normal": 0,
            "labelled_malicious": 145,
            "recall": 1.0
        },
        "21": {
            "labelled_normal": 0,
            "labelled_malicious": 336,
            "recall": 1.0
        },
        "22": {
            "labelled_normal": 0,
            "labelled_malicious": 274,
            "recall": 1.0
        },
        "23": {
            "labelled_normal": 0,
            "labelled_malicious": 453,
            "recall": 1.0
        },
        "24": {
            "labelled_normal": 0,
            "labelled_malicious": 238,
            "recall": 1.0
        },
        "25": {
            "labelled_normal": 10,
            "labelled_malicious": 262,
            "recall": 0.9632352941176471
        },
        "26": {
            "labelled_normal": 4,
            "labelled_malicious": 392,
            "recall": 0.98989898989899
        },
        "27": {
            "labelled_normal": 45,
            "labelled_malicious": 363,
            "recall": 0.8897058823529411
        },
        "28": {
            "labelled_normal": 21,
            "labelled_malicious": 343,
            "recall": 0.9423076923076923
        },
        "29": {
            "labelled_normal": 1,
            "labelled_malicious": 364,
            "recall": 0.9972602739726028
        },
        "30": {
            "labelled_normal": 82,
            "labelled_malicious": 349,
            "recall": 0.8097447795823666
        },
        "31": {
            "labelled_normal": 0,
            "labelled_malicious": 354,
            "recall": 1.0
        },
        "32": {
            "labelled_normal": 0,
            "labelled_malicious": 386,
            "recall": 1.0
        },
        "33": {
            "labelled_normal": 17,
            "labelled_malicious": 291,
            "recall": 0.9448051948051948
        },
        "34": {
            "labelled_normal": 36,
            "labelled_malicious": 378,
            "recall": 0.9130434782608695
        },
        "35": {
            "labelled_normal": 63,
            "labelled_malicious": 370,
            "recall": 0.8545034642032333
        }
    },
    "attack_categories": {
        "0": {
            "labelled_normal": 42581,
            "labelled_malicious": 284,
            "recall": 0.9933745479995334
        },
        "1": {
            "labelled_normal": 83,
            "labelled_malicious": 1453,
            "recall": 0.9459635416666666
        },
        "2": {
            "labelled_normal": 196,
            "labelled_malicious": 2399,
            "recall": 0.9244701348747592
        },
        "3": {
            "labelled_normal": 152,
            "labelled_malicious": 1461,
            "recall": 0.9057656540607564
        },
        "4": {
            "labelled_normal": 350,
            "labelled_malicious": 3750,
            "recall": 0.9146341463414634
        },
        "5": {
            "labelled_normal": 0,
            "labelled_malicious": 926,
            "recall": 1.0
        },
        "6": {
            "labelled_normal": 33,
            "labelled_malicious": 420,
            "recall": 0.9271523178807947
        },
        "7": {
            "labelled_normal": 0,
            "labelled_malicious": 836,
            "recall": 1.0
        }
    }
}