{
    "TP": 11340,
    "TN": 42550,
    "FP": 263,
    "FN": 771,
    "accuracy": 0.9811739858713859,
    "precision": 0.9773334482461432,
    "recall": 0.9363388654941789,
    "attack_types": {
        "0": {
            "labelled_normal": 42550,
            "labelled_malicious": 263,
            "recall": 0.9938570060495644
        },
        "1": {
            "labelled_normal": 2,
            "labelled_malicious": 320,
            "recall": 0.9937888198757764
        },
        "2": {
            "labelled_normal": 126,
            "labelled_malicious": 177,
            "recall": 0.5841584158415841
        },
        "3": {
            "labelled_normal": 2,
            "labelled_malicious": 360,
            "recall": 0.994475138121547
        },
        "4": {
            "labelled_normal": 1,
            "labelled_malicious": 351,
            "recall": 0.9971590909090909
        },
        "5": {
            "labelled_normal": 1,
            "labelled_malicious": 291,
            "recall": 0.9965753424657534
        },
        "6": {
            "labelled_normal": 87,
            "labelled_malicious": 319,
            "recall": 0.7857142857142857
        },
        "7": {
            "labelled_normal": 0,
            "labelled_malicious": 291,
            "recall": 1.0
        },
        "8": {
            "labelled_normal": 6,
            "labelled_malicious": 345,
            "recall": 0.9829059829059829
        },
        "9": {
            "labelled_normal": 6,
            "labelled_malicious": 241,
            "recall": 0.9757085020242915
        },
        "10": {
            "labelled_normal": 67,
            "labelled_malicious": 229,
            "recall": 0.7736486486486487
        },
        "11": {
            "labelled_normal": 3,
            "labelled_malicious": 360,
            "recall": 0.9917355371900827
        },
        "12": {
            "labelled_normal": 4,
            "labelled_malicious": 456,
            "recall": 0.991304347826087
        },
        "13": {
            "labelled_normal": 39,
            "labelled_malicious": 320,
            "recall": 0.8913649025069638
        },
        "14": {
            "labelled_normal": 56,
            "labelled_malicious": 302,
            "recall": 0.8435754189944135
        },
        "15": {
            "labelled_normal": 59,
            "labelled_malicious": 261,
            "recall": 0.815625
        },
        "16": {
            "labelled_normal": 2,
            "labelled_malicious": 358,
            "recall": 0.9944444444444445
        },
        "17": {
            "labelled_normal": 3,
            "labelled_malicious": 304,
            "recall": 0.990228013029316
        },
        "18": {
            "labelled_normal": 39,
            "labelled_malicious": 401,
            "recall": 0.9113636363636364
        },
        "19": {
            "labelled_normal": 0,
            "labelled_malicious": 333,
            "recall": 1.0
        },
        "20": {
            "labelled_normal": 0,
            "labelled_malicious": 133,
            "recall": 1.0
        },
        "21": {
            "labelled_normal": 0,
            "labelled_malicious": 344,
            "recall": 1.0
        },
        "22": {
            "labelled_normal": 0,
            "labelled_malicious": 319,
            "recall": 1.0
        },
        "23": {
            "labelled_normal": 0,
            "labelled_malicious": 457,
            "recall": 1.0
        },
        "24": {
            "labelled_normal": 1,
            "labelled_malicious": 210,
            "recall": 0.995260663507109
        },
        "25": {
            "labelled_normal": 22,
            "labelled_malicious": 285,
            "recall": 0.9283387622149837
        },
        "26": {
            "labelled_normal": 0,
            "labelled_malicious": 343,
            "recall": 1.0
        },
        "27": {
            "labelled_normal": 44,
            "labelled_malicious": 402,
            "recall": 0.9013452914798207
        },
        "28": {
            "labelled_normal": 21,
            "labelled_malicious": 315,
            "recall": 0.9375
        },
        "29": {
            "labelled_normal": 4,
            "labelled_malicious": 389,
            "recall": 0.989821882951654
        },
        "30": {
            "labelled_normal": 87,
            "labelled_malicious": 306,
            "recall": 0.7786259541984732
        },
        "31": {
            "labelled_normal": 0,
            "labelled_malicious": 405,
            "recall": 1.0
        },
        "32": {
            "labelled_normal": 0,
            "labelled_malicious": 368,
            "recall": 1.0
        },
        "33": {
            "labelled_normal": 12,
            "labelled_malicious": 305,
            "recall": 0.9621451104100947
        },
        "34": {
            "labelled_normal": 27,
            "labelled_malicious": 353,
            "recall": 0.9289473684210526
        },
        "35": {
            "labelled_normal": 50,
            "labelled_malicious": 387,
            "recall": 0.88558352402746
        }
    },
    "attack_categories": {
        "0": {
            "labelled_normal": 42550,
            "labelled_malicious": 263,
            "recall": 0.9938570060495644
        },
        "1": {
            "labelled_normal": 91,
            "labelled_malicious": 1468,
            "recall": 0.9416292495189224
        },
        "2": {
            "labelled_normal": 176,
            "labelled_malicious": 2390,
            "recall": 0.93141075604053
        },
        "3": {
            "labelled_normal": 159,
            "labelled_malicious": 1545,
            "recall": 0.9066901408450704
        },
        "4": {
            "labelled_normal": 305,
            "labelled_malicious": 3740,
            "recall": 0.9245982694684796
        },
        "5": {
            "labelled_normal": 0,
            "labelled_malicious": 996,
            "recall": 1.0
        },
        "6": {
            "labelled_normal": 39,
            "labelled_malicious": 401,
            "recall": 0.9113636363636364
        },
        "7": {
            "labelled_normal": 1,
            "labelled_malicious": 800,
            "recall": 0.9987515605493134
        }
    }
}