{
    "TP": 11085,
    "TN": 42752,
    "FP": 278,
    "FN": 813,
    "accuracy": 0.9801376347218177,
    "precision": 0.9755346299392766,
    "recall": 0.9316691880988401,
    "attack_types": {
        "0": {
            "labelled_normal": 42752,
            "labelled_malicious": 278,
            "recall": 0.9935393911224727
        },
        "1": {
            "labelled_normal": 68,
            "labelled_malicious": 250,
            "recall": 0.7861635220125787
        },
        "2": {
            "labelled_normal": 59,
            "labelled_malicious": 225,
            "recall": 0.7922535211267606
        },
        "3": {
            "labelled_normal": 0,
            "labelled_malicious": 337,
            "recall": 1.0
        },
        "4": {
            "labelled_normal": 2,
            "labelled_malicious": 372,
            "recall": 0.9946524064171123
        },
        "5": {
            "labelled_normal": 5,
            "labelled_malicious": 274,
            "recall": 0.982078853046595
        },
        "6": {
            "labelled_normal": 80,
            "labelled_malicious": 318,
            "recall": 0.7989949748743719
        },
        "7": {
            "labelled_normal": 2,
            "labelled_malicious": 291,
            "recall": 0.9931740614334471
        },
        "8": {
            "labelled_normal": 9,
            "labelled_malicious": 359,
            "recall": 0.9755434782608695
        },
        "9": {
            "labelled_normal": 13,
            "labelled_malicious": 249,
            "recall": 0.950381679389313
        },
        "10": {
            "labelled_normal": 76,
            "labelled_malicious": 223,
            "recall": 0.745819397993311
        },
        "11": {
            "labelled_normal": 4,
            "labelled_malicious": 384,
            "recall": 0.9896907216494846
        },
        "12": {
            "labelled_normal": 1,
            "labelled_malicious": 395,
            "recall": 0.9974747474747475
        },
        "13": {
            "labelled_normal": 45,
            "labelled_malicious": 233,
            "recall": 0.8381294964028777
        },
        "14": {
            "labelled_normal": 59,
            "labelled_malicious": 285,
            "recall": 0.8284883720930233
        },
        "15": {
            "labelled_normal": 43,
            "labelled_malicious": 252,
            "recall": 0.8542372881355932
        },
        "16": {
            "labelled_normal": 3,
            "labelled_malicious": 325,
            "recall": 0.9908536585365854
        },
        "17": {
            "labelled_normal": 2,
            "labelled_malicious": 269,
            "recall": 0.992619926199262
        },
        "18": {
            "labelled_normal": 37,
            "labelled_malicious": 410,
            "recall": 0.9172259507829977
        },
        "19": {
            "labelled_normal": 0,
            "labelled_malicious": 335,
            "recall": 1.0
        },
        "20": {
            "labelled_normal": 1,
            "labelled_malicious": 125,
            "recall": 0.9920634920634921
        },
        "21": {
            "labelled_normal": 0,
            "labelled_malicious": 359,
            "recall": 1.0
        },
        "22": {
            "labelled_normal": 0,
            "labelled_malicious": 339,
            "recall": 1.0
        },
        "23": {
            "labelled_normal": 0,
            "labelled_malicious": 331,
            "recall": 1.0
        },
        "24": {
            "labelled_normal": 0,
            "labelled_malicious": 241,
            "recall": 1.0
        },
        "25": {
            "labelled_normal": 18,
            "labelled_malicious": 283,
            "recall": 0.9401993355481728
        },
        "26": {
            "labelled_normal": 6,
            "labelled_malicious": 367,
            "recall": 0.9839142091152815
        },
        "27": {
            "labelled_normal": 50,
            "labelled_malicious": 355,
            "recall": 0.8765432098765432
        },
        "28": {
            "labelled_normal": 28,
            "labelled_malicious": 354,
            "recall": 0.9267015706806283
        },
        "29": {
            "labelled_normal": 6,
            "labelled_malicious": 369,
            "recall": 0.984
        },
        "30": {
            "labelled_normal": 89,
            "labelled_malicious": 350,
            "recall": 0.7972665148063781
        },
        "31": {
            "labelled_normal": 0,
            "labelled_malicious": 393,
            "recall": 1.0
        },
        "32": {
            "labelled_normal": 0,
            "labelled_malicious": 332,
            "recall": 1.0
        },
        "33": {
            "labelled_normal": 14,
            "labelled_malicious": 306,
            "recall": 0.95625
        },
        "34": {
            "labelled_normal": 29,
            "labelled_malicious": 376,
            "recall": 0.928395061728395
        },
        "35": {
            "labelled_normal": 64,
            "labelled_malicious": 419,
            "recall": 0.8674948240165632
        }
    },
    "attack_categories": {
        "0": {
            "labelled_normal": 42752,
            "labelled_malicious": 278,
            "recall": 0.9935393911224727
        },
        "1": {
            "labelled_normal": 95,
            "labelled_malicious": 1444,
            "recall": 0.9382716049382716
        },
        "2": {
            "labelled_normal": 209,
            "labelled_malicious": 2460,
            "recall": 0.9216935181715998
        },
        "3": {
            "labelled_normal": 152,
            "labelled_malicious": 1364,
            "recall": 0.899736147757256
        },
        "4": {
            "labelled_normal": 319,
            "labelled_malicious": 3677,
            "recall": 0.9201701701701702
        },
        "5": {
            "labelled_normal": 0,
            "labelled_malicious": 1033,
            "recall": 1.0
        },
        "6": {
            "labelled_normal": 37,
            "labelled_malicious": 410,
            "recall": 0.9172259507829977
        },
        "7": {
            "labelled_normal": 1,
            "labelled_malicious": 697,
            "recall": 0.998567335243553
        }
    }
}