{
    "TP": 10917,
    "TN": 42596,
    "FP": 434,
    "FN": 981,
    "accuracy": 0.9742390037867754,
    "precision": 0.9617654832173377,
    "recall": 0.9175491679273827,
    "attack_types": {
        "0": {
            "labelled_normal": 42596,
            "labelled_malicious": 434,
            "recall": 0.9899140134789681
        },
        "1": {
            "labelled_normal": 5,
            "labelled_malicious": 313,
            "recall": 0.9842767295597484
        },
        "2": {
            "labelled_normal": 51,
            "labelled_malicious": 233,
            "recall": 0.8204225352112676
        },
        "3": {
            "labelled_normal": 0,
            "labelled_malicious": 337,
            "recall": 1.0
        },
        "4": {
            "labelled_normal": 2,
            "labelled_malicious": 372,
            "recall": 0.9946524064171123
        },
        "5": {
            "labelled_normal": 1,
            "labelled_malicious": 278,
            "recall": 0.996415770609319
        },
        "6": {
            "labelled_normal": 88,
            "labelled_malicious": 310,
            "recall": 0.7788944723618091
        },
        "7": {
            "labelled_normal": 2,
            "labelled_malicious": 291,
            "recall": 0.9931740614334471
        },
        "8": {
            "labelled_normal": 7,
            "labelled_malicious": 361,
            "recall": 0.9809782608695652
        },
        "9": {
            "labelled_normal": 17,
            "labelled_malicious": 245,
            "recall": 0.9351145038167938
        },
        "10": {
            "labelled_normal": 76,
            "labelled_malicious": 223,
            "recall": 0.745819397993311
        },
        "11": {
            "labelled_normal": 2,
            "labelled_malicious": 386,
            "recall": 0.9948453608247423
        },
        "12": {
            "labelled_normal": 0,
            "labelled_malicious": 396,
            "recall": 1.0
        },
        "13": {
            "labelled_normal": 213,
            "labelled_malicious": 65,
            "recall": 0.23381294964028776
        },
        "14": {
            "labelled_normal": 59,
            "labelled_malicious": 285,
            "recall": 0.8284883720930233
        },
        "15": {
            "labelled_normal": 35,
            "labelled_malicious": 260,
            "recall": 0.8813559322033898
        },
        "16": {
            "labelled_normal": 5,
            "labelled_malicious": 323,
            "recall": 0.9847560975609756
        },
        "17": {
            "labelled_normal": 3,
            "labelled_malicious": 268,
            "recall": 0.988929889298893
        },
        "18": {
            "labelled_normal": 35,
            "labelled_malicious": 412,
            "recall": 0.9217002237136466
        },
        "19": {
            "labelled_normal": 0,
            "labelled_malicious": 335,
            "recall": 1.0
        },
        "20": {
            "labelled_normal": 0,
            "labelled_malicious": 126,
            "recall": 1.0
        },
        "21": {
            "labelled_normal": 0,
            "labelled_malicious": 359,
            "recall": 1.0
        },
        "22": {
            "labelled_normal": 0,
            "labelled_malicious": 339,
            "recall": 1.0
        },
        "23": {
            "labelled_normal": 0,
            "labelled_malicious": 331,
            "recall": 1.0
        },
        "24": {
            "labelled_normal": 0,
            "labelled_malicious": 241,
            "recall": 1.0
        },
        "25": {
            "labelled_normal": 21,
            "labelled_malicious": 280,
            "recall": 0.9302325581395349
        },
        "26": {
            "labelled_normal": 5,
            "labelled_malicious": 368,
            "recall": 0.9865951742627346
        },
        "27": {
            "labelled_normal": 58,
            "labelled_malicious": 347,
            "recall": 0.8567901234567902
        },
        "28": {
            "labelled_normal": 24,
            "labelled_malicious": 358,
            "recall": 0.93717277486911
        },
        "29": {
            "labelled_normal": 6,
            "labelled_malicious": 369,
            "recall": 0.984
        },
        "30": {
            "labelled_normal": 113,
            "labelled_malicious": 326,
            "recall": 0.7425968109339408
        },
        "31": {
            "labelled_normal": 0,
            "labelled_malicious": 393,
            "recall": 1.0
        },
        "32": {
            "labelled_normal": 0,
            "labelled_malicious": 332,
            "recall": 1.0
        },
        "33": {
            "labelled_normal": 20,
            "labelled_malicious": 300,
            "recall": 0.9375
        },
        "34": {
            "labelled_normal": 41,
            "labelled_malicious": 364,
            "recall": 0.8987654320987655
        },
        "35": {
            "labelled_normal": 92,
            "labelled_malicious": 391,
            "recall": 0.8095238095238095
        }
    },
    "attack_categories": {
        "0": {
            "labelled_normal": 42596,
            "labelled_malicious": 434,
            "recall": 0.9899140134789681
        },
        "1": {
            "labelled_normal": 119,
            "labelled_malicious": 1420,
            "recall": 0.9226770630279402
        },
        "2": {
            "labelled_normal": 261,
            "labelled_malicious": 2408,
            "recall": 0.9022105657549644
        },
        "3": {
            "labelled_normal": 315,
            "labelled_malicious": 1201,
            "recall": 0.7922163588390502
        },
        "4": {
            "labelled_normal": 251,
            "labelled_malicious": 3745,
            "recall": 0.9371871871871872
        },
        "5": {
            "labelled_normal": 0,
            "labelled_malicious": 1033,
            "recall": 1.0
        },
        "6": {
            "labelled_normal": 35,
            "labelled_malicious": 412,
            "recall": 0.9217002237136466
        },
        "7": {
            "labelled_normal": 0,
            "labelled_malicious": 698,
            "recall": 1.0
        }
    }
}