{
    "TP": 11050,
    "TN": 42718,
    "FP": 312,
    "FN": 848,
    "accuracy": 0.978881444800466,
    "precision": 0.9725400457665904,
    "recall": 0.9287275172297865,
    "attack_types": {
        "0": {
            "labelled_normal": 42718,
            "labelled_malicious": 312,
            "recall": 0.992749244712991
        },
        "1": {
            "labelled_normal": 4,
            "labelled_malicious": 314,
            "recall": 0.9874213836477987
        },
        "2": {
            "labelled_normal": 60,
            "labelled_malicious": 224,
            "recall": 0.7887323943661971
        },
        "3": {
            "labelled_normal": 0,
            "labelled_malicious": 337,
            "recall": 1.0
        },
        "4": {
            "labelled_normal": 3,
            "labelled_malicious": 371,
            "recall": 0.9919786096256684
        },
        "5": {
            "labelled_normal": 3,
            "labelled_malicious": 276,
            "recall": 0.989247311827957
        },
        "6": {
            "labelled_normal": 80,
            "labelled_malicious": 318,
            "recall": 0.7989949748743719
        },
        "7": {
            "labelled_normal": 2,
            "labelled_malicious": 291,
            "recall": 0.9931740614334471
        },
        "8": {
            "labelled_normal": 9,
            "labelled_malicious": 359,
            "recall": 0.9755434782608695
        },
        "9": {
            "labelled_normal": 13,
            "labelled_malicious": 249,
            "recall": 0.950381679389313
        },
        "10": {
            "labelled_normal": 85,
            "labelled_malicious": 214,
            "recall": 0.7157190635451505
        },
        "11": {
            "labelled_normal": 2,
            "labelled_malicious": 386,
            "recall": 0.9948453608247423
        },
        "12": {
            "labelled_normal": 0,
            "labelled_malicious": 396,
            "recall": 1.0
        },
        "13": {
            "labelled_normal": 40,
            "labelled_malicious": 238,
            "recall": 0.8561151079136691
        },
        "14": {
            "labelled_normal": 63,
            "labelled_malicious": 281,
            "recall": 0.8168604651162791
        },
        "15": {
            "labelled_normal": 42,
            "labelled_malicious": 253,
            "recall": 0.8576271186440678
        },
        "16": {
            "labelled_normal": 116,
            "labelled_malicious": 212,
            "recall": 0.6463414634146342
        },
        "17": {
            "labelled_normal": 2,
            "labelled_malicious": 269,
            "recall": 0.992619926199262
        },
        "18": {
            "labelled_normal": 35,
            "labelled_malicious": 412,
            "recall": 0.9217002237136466
        },
        "19": {
            "labelled_normal": 0,
            "labelled_malicious": 335,
            "recall": 1.0
        },
        "20": {
            "labelled_normal": 0,
            "labelled_malicious": 126,
            "recall": 1.0
        },
        "21": {
            "labelled_normal": 0,
            "labelled_malicious": 359,
            "recall": 1.0
        },
        "22": {
            "labelled_normal": 0,
            "labelled_malicious": 339,
            "recall": 1.0
        },
        "23": {
            "labelled_normal": 0,
            "labelled_malicious": 331,
            "recall": 1.0
        },
        "24": {
            "labelled_normal": 0,
            "labelled_malicious": 241,
            "recall": 1.0
        },
        "25": {
            "labelled_normal": 17,
            "labelled_malicious": 284,
            "recall": 0.9435215946843853
        },
        "26": {
            "labelled_normal": 4,
            "labelled_malicious": 369,
            "recall": 0.9892761394101877
        },
        "27": {
            "labelled_normal": 46,
            "labelled_malicious": 359,
            "recall": 0.8864197530864197
        },
        "28": {
            "labelled_normal": 26,
            "labelled_malicious": 356,
            "recall": 0.9319371727748691
        },
        "29": {
            "labelled_normal": 3,
            "labelled_malicious": 372,
            "recall": 0.992
        },
        "30": {
            "labelled_normal": 89,
            "labelled_malicious": 350,
            "recall": 0.7972665148063781
        },
        "31": {
            "labelled_normal": 0,
            "labelled_malicious": 393,
            "recall": 1.0
        },
        "32": {
            "labelled_normal": 0,
            "labelled_malicious": 332,
            "recall": 1.0
        },
        "33": {
            "labelled_normal": 13,
            "labelled_malicious": 307,
            "recall": 0.959375
        },
        "34": {
            "labelled_normal": 23,
            "labelled_malicious": 382,
            "recall": 0.9432098765432099
        },
        "35": {
            "labelled_normal": 68,
            "labelled_malicious": 415,
            "recall": 0.8592132505175983
        }
    },
    "attack_categories": {
        "0": {
            "labelled_normal": 42718,
            "labelled_malicious": 312,
            "recall": 0.992749244712991
        },
        "1": {
            "labelled_normal": 92,
            "labelled_malicious": 1447,
            "recall": 0.940220922677063
        },
        "2": {
            "labelled_normal": 197,
            "labelled_malicious": 2472,
            "recall": 0.9261895841139003
        },
        "3": {
            "labelled_normal": 263,
            "labelled_malicious": 1253,
            "recall": 0.8265171503957783
        },
        "4": {
            "labelled_normal": 261,
            "labelled_malicious": 3735,
            "recall": 0.9346846846846847
        },
        "5": {
            "labelled_normal": 0,
            "labelled_malicious": 1033,
            "recall": 1.0
        },
        "6": {
            "labelled_normal": 35,
            "labelled_malicious": 412,
            "recall": 0.9217002237136466
        },
        "7": {
            "labelled_normal": 0,
            "labelled_malicious": 698,
            "recall": 1.0
        }
    }
}