{
    "TP": 11072,
    "TN": 42619,
    "FP": 246,
    "FN": 987,
    "accuracy": 0.9775507974655888,
    "precision": 0.978264711079696,
    "recall": 0.9181524172816983,
    "attack_types": {
        "0": {
            "labelled_normal": 42619,
            "labelled_malicious": 246,
            "recall": 0.9942610521404409
        },
        "1": {
            "labelled_normal": 6,
            "labelled_malicious": 372,
            "recall": 0.9841269841269841
        },
        "2": {
            "labelled_normal": 69,
            "labelled_malicious": 222,
            "recall": 0.7628865979381443
        },
        "3": {
            "labelled_normal": 1,
            "labelled_malicious": 294,
            "recall": 0.9966101694915255
        },
        "4": {
            "labelled_normal": 1,
            "labelled_malicious": 412,
            "recall": 0.9975786924939467
        },
        "5": {
            "labelled_normal": 3,
            "labelled_malicious": 271,
            "recall": 0.9890510948905109
        },
        "6": {
            "labelled_normal": 64,
            "labelled_malicious": 354,
            "recall": 0.84688995215311
        },
        "7": {
            "labelled_normal": 0,
            "labelled_malicious": 305,
            "recall": 1.0
        },
        "8": {
            "labelled_normal": 12,
            "labelled_malicious": 338,
            "recall": 0.9657142857142857
        },
        "9": {
            "labelled_normal": 12,
            "labelled_malicious": 288,
            "recall": 0.96
        },
        "10": {
            "labelled_normal": 68,
            "labelled_malicious": 218,
            "recall": 0.7622377622377622
        },
        "11": {
            "labelled_normal": 3,
            "labelled_malicious": 334,
            "recall": 0.9910979228486647
        },
        "12": {
            "labelled_normal": 2,
            "labelled_malicious": 451,
            "recall": 0.9955849889624724
        },
        "13": {
            "labelled_normal": 39,
            "labelled_malicious": 280,
            "recall": 0.877742946708464
        },
        "14": {
            "labelled_normal": 49,
            "labelled_malicious": 292,
            "recall": 0.8563049853372434
        },
        "15": {
            "labelled_normal": 48,
            "labelled_malicious": 289,
            "recall": 0.857566765578635
        },
        "16": {
            "labelled_normal": 3,
            "labelled_malicious": 338,
            "recall": 0.9912023460410557
        },
        "17": {
            "labelled_normal": 3,
            "labelled_malicious": 272,
            "recall": 0.9890909090909091
        },
        "18": {
            "labelled_normal": 34,
            "labelled_malicious": 419,
            "recall": 0.9249448123620309
        },
        "19": {
            "labelled_normal": 0,
            "labelled_malicious": 316,
            "recall": 1.0
        },
        "20": {
            "labelled_normal": 0,
            "labelled_malicious": 145,
            "recall": 1.0
        },
        "21": {
            "labelled_normal": 0,
            "labelled_malicious": 336,
            "recall": 1.0
        },
        "22": {
            "labelled_normal": 0,
            "labelled_malicious": 274,
            "recall": 1.0
        },
        "23": {
            "labelled_normal": 0,
            "labelled_malicious": 453,
            "recall": 1.0
        },
        "24": {
            "labelled_normal": 0,
            "labelled_malicious": 238,
            "recall": 1.0
        },
        "25": {
            "labelled_normal": 11,
            "labelled_malicious": 261,
            "recall": 0.9595588235294118
        },
        "26": {
            "labelled_normal": 4,
            "labelled_malicious": 392,
            "recall": 0.98989898989899
        },
        "27": {
            "labelled_normal": 71,
            "labelled_malicious": 337,
            "recall": 0.8259803921568627
        },
        "28": {
            "labelled_normal": 13,
            "labelled_malicious": 351,
            "recall": 0.9642857142857143
        },
        "29": {
            "labelled_normal": 2,
            "labelled_malicious": 363,
            "recall": 0.9945205479452055
        },
        "30": {
            "labelled_normal": 342,
            "labelled_malicious": 89,
            "recall": 0.20649651972157773
        },
        "31": {
            "labelled_normal": 0,
            "labelled_malicious": 354,
            "recall": 1.0
        },
        "32": {
            "labelled_normal": 0,
            "labelled_malicious": 386,
            "recall": 1.0
        },
        "33": {
            "labelled_normal": 17,
            "labelled_malicious": 291,
            "recall": 0.9448051948051948
        },
        "34": {
            "labelled_normal": 37,
            "labelled_malicious": 377,
            "recall": 0.9106280193236715
        },
        "35": {
            "labelled_normal": 73,
            "labelled_malicious": 360,
            "recall": 0.8314087759815243
        }
    },
    "attack_categories": {
        "0": {
            "labelled_normal": 42619,
            "labelled_malicious": 246,
            "recall": 0.9942610521404409
        },
        "1": {
            "labelled_normal": 344,
            "labelled_malicious": 1192,
            "recall": 0.7760416666666666
        },
        "2": {
            "labelled_normal": 226,
            "labelled_malicious": 2369,
            "recall": 0.9129094412331407
        },
        "3": {
            "labelled_normal": 142,
            "labelled_malicious": 1471,
            "recall": 0.911965282083075
        },
        "4": {
            "labelled_normal": 241,
            "labelled_malicious": 3859,
            "recall": 0.9412195121951219
        },
        "5": {
            "labelled_normal": 0,
            "labelled_malicious": 926,
            "recall": 1.0
        },
        "6": {
            "labelled_normal": 34,
            "labelled_malicious": 419,
            "recall": 0.9249448123620309
        },
        "7": {
            "labelled_normal": 0,
            "labelled_malicious": 836,
            "recall": 1.0
        }
    }
}