{
    "TP": 10976,
    "TN": 42743,
    "FP": 287,
    "FN": 922,
    "accuracy": 0.9779893678997961,
    "precision": 0.9745183343691733,
    "recall": 0.922507984535216,
    "attack_types": {
        "0": {
            "labelled_normal": 42743,
            "labelled_malicious": 287,
            "recall": 0.9933302347199628
        },
        "1": {
            "labelled_normal": 4,
            "labelled_malicious": 314,
            "recall": 0.9874213836477987
        },
        "2": {
            "labelled_normal": 54,
            "labelled_malicious": 230,
            "recall": 0.8098591549295775
        },
        "3": {
            "labelled_normal": 0,
            "labelled_malicious": 337,
            "recall": 1.0
        },
        "4": {
            "labelled_normal": 2,
            "labelled_malicious": 372,
            "recall": 0.9946524064171123
        },
        "5": {
            "labelled_normal": 6,
            "labelled_malicious": 273,
            "recall": 0.978494623655914
        },
        "6": {
            "labelled_normal": 76,
            "labelled_malicious": 322,
            "recall": 0.8090452261306532
        },
        "7": {
            "labelled_normal": 3,
            "labelled_malicious": 290,
            "recall": 0.9897610921501706
        },
        "8": {
            "labelled_normal": 8,
            "labelled_malicious": 360,
            "recall": 0.9782608695652174
        },
        "9": {
            "labelled_normal": 12,
            "labelled_malicious": 250,
            "recall": 0.9541984732824428
        },
        "10": {
            "labelled_normal": 83,
            "labelled_malicious": 216,
            "recall": 0.7224080267558528
        },
        "11": {
            "labelled_normal": 5,
            "labelled_malicious": 383,
            "recall": 0.9871134020618557
        },
        "12": {
            "labelled_normal": 1,
            "labelled_malicious": 395,
            "recall": 0.9974747474747475
        },
        "13": {
            "labelled_normal": 52,
            "labelled_malicious": 226,
            "recall": 0.8129496402877698
        },
        "14": {
            "labelled_normal": 63,
            "labelled_malicious": 281,
            "recall": 0.8168604651162791
        },
        "15": {
            "labelled_normal": 45,
            "labelled_malicious": 250,
            "recall": 0.847457627118644
        },
        "16": {
            "labelled_normal": 1,
            "labelled_malicious": 327,
            "recall": 0.9969512195121951
        },
        "17": {
            "labelled_normal": 0,
            "labelled_malicious": 271,
            "recall": 1.0
        },
        "18": {
            "labelled_normal": 36,
            "labelled_malicious": 411,
            "recall": 0.9194630872483222
        },
        "19": {
            "labelled_normal": 0,
            "labelled_malicious": 335,
            "recall": 1.0
        },
        "20": {
            "labelled_normal": 0,
            "labelled_malicious": 126,
            "recall": 1.0
        },
        "21": {
            "labelled_normal": 0,
            "labelled_malicious": 359,
            "recall": 1.0
        },
        "22": {
            "labelled_normal": 0,
            "labelled_malicious": 339,
            "recall": 1.0
        },
        "23": {
            "labelled_normal": 175,
            "labelled_malicious": 156,
            "recall": 0.47129909365558914
        },
        "24": {
            "labelled_normal": 0,
            "labelled_malicious": 241,
            "recall": 1.0
        },
        "25": {
            "labelled_normal": 20,
            "labelled_malicious": 281,
            "recall": 0.9335548172757475
        },
        "26": {
            "labelled_normal": 6,
            "labelled_malicious": 367,
            "recall": 0.9839142091152815
        },
        "27": {
            "labelled_normal": 48,
            "labelled_malicious": 357,
            "recall": 0.8814814814814815
        },
        "28": {
            "labelled_normal": 25,
            "labelled_malicious": 357,
            "recall": 0.9345549738219895
        },
        "29": {
            "labelled_normal": 4,
            "labelled_malicious": 371,
            "recall": 0.9893333333333333
        },
        "30": {
            "labelled_normal": 92,
            "labelled_malicious": 347,
            "recall": 0.7904328018223234
        },
        "31": {
            "labelled_normal": 0,
            "labelled_malicious": 393,
            "recall": 1.0
        },
        "32": {
            "labelled_normal": 0,
            "labelled_malicious": 332,
            "recall": 1.0
        },
        "33": {
            "labelled_normal": 13,
            "labelled_malicious": 307,
            "recall": 0.959375
        },
        "34": {
            "labelled_normal": 20,
            "labelled_malicious": 385,
            "recall": 0.9506172839506173
        },
        "35": {
            "labelled_normal": 68,
            "labelled_malicious": 415,
            "recall": 0.8592132505175983
        }
    },
    "attack_categories": {
        "0": {
            "labelled_normal": 42743,
            "labelled_malicious": 287,
            "recall": 0.9933302347199628
        },
        "1": {
            "labelled_normal": 96,
            "labelled_malicious": 1443,
            "recall": 0.9376218323586745
        },
        "2": {
            "labelled_normal": 200,
            "labelled_malicious": 2469,
            "recall": 0.9250655676283253
        },
        "3": {
            "labelled_normal": 161,
            "labelled_malicious": 1355,
            "recall": 0.8937994722955145
        },
        "4": {
            "labelled_normal": 254,
            "labelled_malicious": 3742,
            "recall": 0.9364364364364365
        },
        "5": {
            "labelled_normal": 0,
            "labelled_malicious": 1033,
            "recall": 1.0
        },
        "6": {
            "labelled_normal": 36,
            "labelled_malicious": 411,
            "recall": 0.9194630872483222
        },
        "7": {
            "labelled_normal": 175,
            "labelled_malicious": 523,
            "recall": 0.7492836676217765
        }
    }
}