{
    "TP": 11114,
    "TN": 42788,
    "FP": 240,
    "FN": 782,
    "accuracy": 0.9813924695943486,
    "precision": 0.9788620750396336,
    "recall": 0.9342636180228648,
    "attack_types": {
        "0": {
            "labelled_normal": 42788,
            "labelled_malicious": 240,
            "recall": 0.99442223668309
        },
        "1": {
            "labelled_normal": 7,
            "labelled_malicious": 383,
            "recall": 0.982051282051282
        },
        "2": {
            "labelled_normal": 63,
            "labelled_malicious": 213,
            "recall": 0.7717391304347826
        },
        "3": {
            "labelled_normal": 2,
            "labelled_malicious": 358,
            "recall": 0.9944444444444445
        },
        "4": {
            "labelled_normal": 2,
            "labelled_malicious": 366,
            "recall": 0.9945652173913043
        },
        "5": {
            "labelled_normal": 6,
            "labelled_malicious": 272,
            "recall": 0.9784172661870504
        },
        "6": {
            "labelled_normal": 57,
            "labelled_malicious": 367,
            "recall": 0.8655660377358491
        },
        "7": {
            "labelled_normal": 1,
            "labelled_malicious": 326,
            "recall": 0.9969418960244648
        },
        "8": {
            "labelled_normal": 10,
            "labelled_malicious": 350,
            "recall": 0.9722222222222222
        },
        "9": {
            "labelled_normal": 7,
            "labelled_malicious": 272,
            "recall": 0.974910394265233
        },
        "10": {
            "labelled_normal": 113,
            "labelled_malicious": 204,
            "recall": 0.6435331230283912
        },
        "11": {
            "labelled_normal": 6,
            "labelled_malicious": 343,
            "recall": 0.9828080229226361
        },
        "12": {
            "labelled_normal": 2,
            "labelled_malicious": 381,
            "recall": 0.9947780678851175
        },
        "13": {
            "labelled_normal": 68,
            "labelled_malicious": 256,
            "recall": 0.7901234567901234
        },
        "14": {
            "labelled_normal": 41,
            "labelled_malicious": 280,
            "recall": 0.8722741433021807
        },
        "15": {
            "labelled_normal": 45,
            "labelled_malicious": 249,
            "recall": 0.8469387755102041
        },
        "16": {
            "labelled_normal": 0,
            "labelled_malicious": 293,
            "recall": 1.0
        },
        "17": {
            "labelled_normal": 1,
            "labelled_malicious": 277,
            "recall": 0.9964028776978417
        },
        "18": {
            "labelled_normal": 65,
            "labelled_malicious": 343,
            "recall": 0.8406862745098039
        },
        "19": {
            "labelled_normal": 0,
            "labelled_malicious": 310,
            "recall": 1.0
        },
        "20": {
            "labelled_normal": 0,
            "labelled_malicious": 141,
            "recall": 1.0
        },
        "21": {
            "labelled_normal": 0,
            "labelled_malicious": 319,
            "recall": 1.0
        },
        "22": {
            "labelled_normal": 0,
            "labelled_malicious": 317,
            "recall": 1.0
        },
        "23": {
            "labelled_normal": 0,
            "labelled_malicious": 383,
            "recall": 1.0
        },
        "24": {
            "labelled_normal": 4,
            "labelled_malicious": 210,
            "recall": 0.9813084112149533
        },
        "25": {
            "labelled_normal": 19,
            "labelled_malicious": 278,
            "recall": 0.936026936026936
        },
        "26": {
            "labelled_normal": 3,
            "labelled_malicious": 363,
            "recall": 0.9918032786885246
        },
        "27": {
            "labelled_normal": 55,
            "labelled_malicious": 364,
            "recall": 0.8687350835322196
        },
        "28": {
            "labelled_normal": 22,
            "labelled_malicious": 348,
            "recall": 0.9405405405405406
        },
        "29": {
            "labelled_normal": 1,
            "labelled_malicious": 365,
            "recall": 0.9972677595628415
        },
        "30": {
            "labelled_normal": 75,
            "labelled_malicious": 336,
            "recall": 0.8175182481751825
        },
        "31": {
            "labelled_normal": 0,
            "labelled_malicious": 358,
            "recall": 1.0
        },
        "32": {
            "labelled_normal": 0,
            "labelled_malicious": 416,
            "recall": 1.0
        },
        "33": {
            "labelled_normal": 15,
            "labelled_malicious": 338,
            "recall": 0.9575070821529745
        },
        "34": {
            "labelled_normal": 24,
            "labelled_malicious": 383,
            "recall": 0.941031941031941
        },
        "35": {
            "labelled_normal": 68,
            "labelled_malicious": 352,
            "recall": 0.8380952380952381
        }
    },
    "attack_categories": {
        "0": {
            "labelled_normal": 42788,
            "labelled_malicious": 240,
            "recall": 0.99442223668309
        },
        "1": {
            "labelled_normal": 76,
            "labelled_malicious": 1475,
            "recall": 0.9509993552546744
        },
        "2": {
            "labelled_normal": 206,
            "labelled_malicious": 2426,
            "recall": 0.9217325227963525
        },
        "3": {
            "labelled_normal": 155,
            "labelled_malicious": 1355,
            "recall": 0.8973509933774835
        },
        "4": {
            "labelled_normal": 276,
            "labelled_malicious": 3835,
            "recall": 0.9328630503527122
        },
        "5": {
            "labelled_normal": 0,
            "labelled_malicious": 946,
            "recall": 1.0
        },
        "6": {
            "labelled_normal": 65,
            "labelled_malicious": 343,
            "recall": 0.8406862745098039
        },
        "7": {
            "labelled_normal": 4,
            "labelled_malicious": 734,
            "recall": 0.994579945799458
        }
    }
}