{
    "TP": 11197,
    "TN": 42421,
    "FP": 419,
    "FN": 887,
    "accuracy": 0.9762216881508994,
    "precision": 0.9639290633608816,
    "recall": 0.9265971532605097,
    "attack_types": {
        "0": {
            "labelled_normal": 42421,
            "labelled_malicious": 419,
            "recall": 0.9902194211017741
        },
        "1": {
            "labelled_normal": 7,
            "labelled_malicious": 377,
            "recall": 0.9817708333333334
        },
        "2": {
            "labelled_normal": 80,
            "labelled_malicious": 226,
            "recall": 0.738562091503268
        },
        "3": {
            "labelled_normal": 2,
            "labelled_malicious": 344,
            "recall": 0.9942196531791907
        },
        "4": {
            "labelled_normal": 5,
            "labelled_malicious": 420,
            "recall": 0.9882352941176471
        },
        "5": {
            "labelled_normal": 0,
            "labelled_malicious": 293,
            "recall": 1.0
        },
        "6": {
            "labelled_normal": 56,
            "labelled_malicious": 324,
            "recall": 0.8526315789473684
        },
        "7": {
            "labelled_normal": 1,
            "labelled_malicious": 295,
            "recall": 0.9966216216216216
        },
        "8": {
            "labelled_normal": 5,
            "labelled_malicious": 364,
            "recall": 0.986449864498645
        },
        "9": {
            "labelled_normal": 9,
            "labelled_malicious": 299,
            "recall": 0.9707792207792207
        },
        "10": {
            "labelled_normal": 57,
            "labelled_malicious": 219,
            "recall": 0.7934782608695652
        },
        "11": {
            "labelled_normal": 0,
            "labelled_malicious": 397,
            "recall": 1.0
        },
        "12": {
            "labelled_normal": 1,
            "labelled_malicious": 379,
            "recall": 0.9973684210526316
        },
        "13": {
            "labelled_normal": 39,
            "labelled_malicious": 275,
            "recall": 0.8757961783439491
        },
        "14": {
            "labelled_normal": 51,
            "labelled_malicious": 261,
            "recall": 0.8365384615384616
        },
        "15": {
            "labelled_normal": 68,
            "labelled_malicious": 244,
            "recall": 0.782051282051282
        },
        "16": {
            "labelled_normal": 0,
            "labelled_malicious": 336,
            "recall": 1.0
        },
        "17": {
            "labelled_normal": 67,
            "labelled_malicious": 216,
            "recall": 0.7632508833922261
        },
        "18": {
            "labelled_normal": 36,
            "labelled_malicious": 392,
            "recall": 0.9158878504672897
        },
        "19": {
            "labelled_normal": 0,
            "labelled_malicious": 340,
            "recall": 1.0
        },
        "20": {
            "labelled_normal": 0,
            "labelled_malicious": 121,
            "recall": 1.0
        },
        "21": {
            "labelled_normal": 0,
            "labelled_malicious": 364,
            "recall": 1.0
        },
        "22": {
            "labelled_normal": 0,
            "labelled_malicious": 293,
            "recall": 1.0
        },
        "23": {
            "labelled_normal": 0,
            "labelled_malicious": 424,
            "recall": 1.0
        },
        "24": {
            "labelled_normal": 1,
            "labelled_malicious": 255,
            "recall": 0.99609375
        },
        "25": {
            "labelled_normal": 24,
            "labelled_malicious": 271,
            "recall": 0.9186440677966101
        },
        "26": {
            "labelled_normal": 5,
            "labelled_malicious": 325,
            "recall": 0.9848484848484849
        },
        "27": {
            "labelled_normal": 64,
            "labelled_malicious": 337,
            "recall": 0.8403990024937655
        },
        "28": {
            "labelled_normal": 32,
            "labelled_malicious": 374,
            "recall": 0.9211822660098522
        },
        "29": {
            "labelled_normal": 5,
            "labelled_malicious": 352,
            "recall": 0.9859943977591037
        },
        "30": {
            "labelled_normal": 127,
            "labelled_malicious": 319,
            "recall": 0.7152466367713004
        },
        "31": {
            "labelled_normal": 0,
            "labelled_malicious": 396,
            "recall": 1.0
        },
        "32": {
            "labelled_normal": 0,
            "labelled_malicious": 369,
            "recall": 1.0
        },
        "33": {
            "labelled_normal": 32,
            "labelled_malicious": 274,
            "recall": 0.8954248366013072
        },
        "34": {
            "labelled_normal": 37,
            "labelled_malicious": 367,
            "recall": 0.9084158415841584
        },
        "35": {
            "labelled_normal": 76,
            "labelled_malicious": 355,
            "recall": 0.8236658932714617
        }
    },
    "attack_categories": {
        "0": {
            "labelled_normal": 42421,
            "labelled_malicious": 419,
            "recall": 0.9902194211017741
        },
        "1": {
            "labelled_normal": 132,
            "labelled_malicious": 1436,
            "recall": 0.9158163265306123
        },
        "2": {
            "labelled_normal": 270,
            "labelled_malicious": 2303,
            "recall": 0.8950641274776525
        },
        "3": {
            "labelled_normal": 225,
            "labelled_malicious": 1332,
            "recall": 0.8554913294797688
        },
        "4": {
            "labelled_normal": 223,
            "labelled_malicious": 3937,
            "recall": 0.9463942307692308
        },
        "5": {
            "labelled_normal": 0,
            "labelled_malicious": 997,
            "recall": 1.0
        },
        "6": {
            "labelled_normal": 36,
            "labelled_malicious": 392,
            "recall": 0.9158878504672897
        },
        "7": {
            "labelled_normal": 1,
            "labelled_malicious": 800,
            "recall": 0.9987515605493134
        }
    }
}