{
    "TP": 10986,
    "TN": 42795,
    "FP": 233,
    "FN": 910,
    "accuracy": 0.9791894253878086,
    "precision": 0.9792316605758089,
    "recall": 0.9235036987222596,
    "attack_types": {
        "0": {
            "labelled_normal": 42795,
            "labelled_malicious": 233,
            "recall": 0.9945849214464999
        },
        "1": {
            "labelled_normal": 3,
            "labelled_malicious": 387,
            "recall": 0.9923076923076923
        },
        "2": {
            "labelled_normal": 61,
            "labelled_malicious": 215,
            "recall": 0.7789855072463768
        },
        "3": {
            "labelled_normal": 2,
            "labelled_malicious": 358,
            "recall": 0.9944444444444445
        },
        "4": {
            "labelled_normal": 4,
            "labelled_malicious": 364,
            "recall": 0.9891304347826086
        },
        "5": {
            "labelled_normal": 3,
            "labelled_malicious": 275,
            "recall": 0.9892086330935251
        },
        "6": {
            "labelled_normal": 55,
            "labelled_malicious": 369,
            "recall": 0.8702830188679245
        },
        "7": {
            "labelled_normal": 1,
            "labelled_malicious": 326,
            "recall": 0.9969418960244648
        },
        "8": {
            "labelled_normal": 9,
            "labelled_malicious": 351,
            "recall": 0.975
        },
        "9": {
            "labelled_normal": 6,
            "labelled_malicious": 273,
            "recall": 0.978494623655914
        },
        "10": {
            "labelled_normal": 89,
            "labelled_malicious": 228,
            "recall": 0.7192429022082019
        },
        "11": {
            "labelled_normal": 3,
            "labelled_malicious": 346,
            "recall": 0.9914040114613181
        },
        "12": {
            "labelled_normal": 4,
            "labelled_malicious": 379,
            "recall": 0.9895561357702349
        },
        "13": {
            "labelled_normal": 258,
            "labelled_malicious": 66,
            "recall": 0.2037037037037037
        },
        "14": {
            "labelled_normal": 37,
            "labelled_malicious": 284,
            "recall": 0.8847352024922118
        },
        "15": {
            "labelled_normal": 36,
            "labelled_malicious": 258,
            "recall": 0.8775510204081632
        },
        "16": {
            "labelled_normal": 1,
            "labelled_malicious": 292,
            "recall": 0.9965870307167235
        },
        "17": {
            "labelled_normal": 1,
            "labelled_malicious": 277,
            "recall": 0.9964028776978417
        },
        "18": {
            "labelled_normal": 54,
            "labelled_malicious": 354,
            "recall": 0.8676470588235294
        },
        "19": {
            "labelled_normal": 0,
            "labelled_malicious": 310,
            "recall": 1.0
        },
        "20": {
            "labelled_normal": 0,
            "labelled_malicious": 141,
            "recall": 1.0
        },
        "21": {
            "labelled_normal": 0,
            "labelled_malicious": 319,
            "recall": 1.0
        },
        "22": {
            "labelled_normal": 0,
            "labelled_malicious": 317,
            "recall": 1.0
        },
        "23": {
            "labelled_normal": 0,
            "labelled_malicious": 383,
            "recall": 1.0
        },
        "24": {
            "labelled_normal": 1,
            "labelled_malicious": 213,
            "recall": 0.9953271028037384
        },
        "25": {
            "labelled_normal": 12,
            "labelled_malicious": 285,
            "recall": 0.9595959595959596
        },
        "26": {
            "labelled_normal": 3,
            "labelled_malicious": 363,
            "recall": 0.9918032786885246
        },
        "27": {
            "labelled_normal": 56,
            "labelled_malicious": 363,
            "recall": 0.8663484486873508
        },
        "28": {
            "labelled_normal": 26,
            "labelled_malicious": 344,
            "recall": 0.9297297297297298
        },
        "29": {
            "labelled_normal": 1,
            "labelled_malicious": 365,
            "recall": 0.9972677595628415
        },
        "30": {
            "labelled_normal": 86,
            "labelled_malicious": 325,
            "recall": 0.7907542579075426
        },
        "31": {
            "labelled_normal": 0,
            "labelled_malicious": 358,
            "recall": 1.0
        },
        "32": {
            "labelled_normal": 0,
            "labelled_malicious": 416,
            "recall": 1.0
        },
        "33": {
            "labelled_normal": 17,
            "labelled_malicious": 336,
            "recall": 0.9518413597733711
        },
        "34": {
            "labelled_normal": 26,
            "labelled_malicious": 381,
            "recall": 0.9361179361179361
        },
        "35": {
            "labelled_normal": 55,
            "labelled_malicious": 365,
            "recall": 0.8690476190476191
        }
    },
    "attack_categories": {
        "0": {
            "labelled_normal": 42795,
            "labelled_malicious": 233,
            "recall": 0.9945849214464999
        },
        "1": {
            "labelled_normal": 87,
            "labelled_malicious": 1464,
            "recall": 0.9439071566731141
        },
        "2": {
            "labelled_normal": 195,
            "labelled_malicious": 2437,
            "recall": 0.9259118541033434
        },
        "3": {
            "labelled_normal": 333,
            "labelled_malicious": 1177,
            "recall": 0.7794701986754967
        },
        "4": {
            "labelled_normal": 240,
            "labelled_malicious": 3871,
            "recall": 0.9416200437849671
        },
        "5": {
            "labelled_normal": 0,
            "labelled_malicious": 946,
            "recall": 1.0
        },
        "6": {
            "labelled_normal": 54,
            "labelled_malicious": 354,
            "recall": 0.8676470588235294
        },
        "7": {
            "labelled_normal": 1,
            "labelled_malicious": 737,
            "recall": 0.9986449864498645
        }
    }
}