{
    "TP": 11308,
    "TN": 42547,
    "FP": 293,
    "FN": 776,
    "accuracy": 0.9805367416794115,
    "precision": 0.9747435565899492,
    "recall": 0.9357828533598146,
    "attack_types": {
        "0": {
            "labelled_normal": 42547,
            "labelled_malicious": 293,
            "recall": 0.9931605975723623
        },
        "1": {
            "labelled_normal": 6,
            "labelled_malicious": 378,
            "recall": 0.984375
        },
        "2": {
            "labelled_normal": 85,
            "labelled_malicious": 221,
            "recall": 0.7222222222222222
        },
        "3": {
            "labelled_normal": 2,
            "labelled_malicious": 344,
            "recall": 0.9942196531791907
        },
        "4": {
            "labelled_normal": 5,
            "labelled_malicious": 420,
            "recall": 0.9882352941176471
        },
        "5": {
            "labelled_normal": 0,
            "labelled_malicious": 293,
            "recall": 1.0
        },
        "6": {
            "labelled_normal": 50,
            "labelled_malicious": 330,
            "recall": 0.868421052631579
        },
        "7": {
            "labelled_normal": 0,
            "labelled_malicious": 296,
            "recall": 1.0
        },
        "8": {
            "labelled_normal": 9,
            "labelled_malicious": 360,
            "recall": 0.975609756097561
        },
        "9": {
            "labelled_normal": 14,
            "labelled_malicious": 294,
            "recall": 0.9545454545454546
        },
        "10": {
            "labelled_normal": 50,
            "labelled_malicious": 226,
            "recall": 0.8188405797101449
        },
        "11": {
            "labelled_normal": 0,
            "labelled_malicious": 397,
            "recall": 1.0
        },
        "12": {
            "labelled_normal": 1,
            "labelled_malicious": 379,
            "recall": 0.9973684210526316
        },
        "13": {
            "labelled_normal": 35,
            "labelled_malicious": 279,
            "recall": 0.8885350318471338
        },
        "14": {
            "labelled_normal": 40,
            "labelled_malicious": 272,
            "recall": 0.8717948717948718
        },
        "15": {
            "labelled_normal": 56,
            "labelled_malicious": 256,
            "recall": 0.8205128205128205
        },
        "16": {
            "labelled_normal": 1,
            "labelled_malicious": 335,
            "recall": 0.9970238095238095
        },
        "17": {
            "labelled_normal": 1,
            "labelled_malicious": 282,
            "recall": 0.9964664310954063
        },
        "18": {
            "labelled_normal": 35,
            "labelled_malicious": 393,
            "recall": 0.9182242990654206
        },
        "19": {
            "labelled_normal": 0,
            "labelled_malicious": 340,
            "recall": 1.0
        },
        "20": {
            "labelled_normal": 0,
            "labelled_malicious": 121,
            "recall": 1.0
        },
        "21": {
            "labelled_normal": 0,
            "labelled_malicious": 364,
            "recall": 1.0
        },
        "22": {
            "labelled_normal": 0,
            "labelled_malicious": 293,
            "recall": 1.0
        },
        "23": {
            "labelled_normal": 0,
            "labelled_malicious": 424,
            "recall": 1.0
        },
        "24": {
            "labelled_normal": 89,
            "labelled_malicious": 167,
            "recall": 0.65234375
        },
        "25": {
            "labelled_normal": 18,
            "labelled_malicious": 277,
            "recall": 0.9389830508474576
        },
        "26": {
            "labelled_normal": 3,
            "labelled_malicious": 327,
            "recall": 0.990909090909091
        },
        "27": {
            "labelled_normal": 50,
            "labelled_malicious": 351,
            "recall": 0.8753117206982544
        },
        "28": {
            "labelled_normal": 29,
            "labelled_malicious": 377,
            "recall": 0.9285714285714286
        },
        "29": {
            "labelled_normal": 3,
            "labelled_malicious": 354,
            "recall": 0.9915966386554622
        },
        "30": {
            "labelled_normal": 98,
            "labelled_malicious": 348,
            "recall": 0.7802690582959642
        },
        "31": {
            "labelled_normal": 0,
            "labelled_malicious": 396,
            "recall": 1.0
        },
        "32": {
            "labelled_normal": 0,
            "labelled_malicious": 369,
            "recall": 1.0
        },
        "33": {
            "labelled_normal": 14,
            "labelled_malicious": 292,
            "recall": 0.954248366013072
        },
        "34": {
            "labelled_normal": 30,
            "labelled_malicious": 374,
            "recall": 0.9257425742574258
        },
        "35": {
            "labelled_normal": 52,
            "labelled_malicious": 379,
            "recall": 0.8793503480278422
        }
    },
    "attack_categories": {
        "0": {
            "labelled_normal": 42547,
            "labelled_malicious": 293,
            "recall": 0.9931605975723623
        },
        "1": {
            "labelled_normal": 101,
            "labelled_malicious": 1467,
            "recall": 0.9355867346938775
        },
        "2": {
            "labelled_normal": 196,
            "labelled_malicious": 2377,
            "recall": 0.92382432957637
        },
        "3": {
            "labelled_normal": 133,
            "labelled_malicious": 1424,
            "recall": 0.9145793192035967
        },
        "4": {
            "labelled_normal": 222,
            "labelled_malicious": 3938,
            "recall": 0.9466346153846154
        },
        "5": {
            "labelled_normal": 0,
            "labelled_malicious": 997,
            "recall": 1.0
        },
        "6": {
            "labelled_normal": 35,
            "labelled_malicious": 393,
            "recall": 0.9182242990654206
        },
        "7": {
            "labelled_normal": 89,
            "labelled_malicious": 712,
            "recall": 0.8888888888888888
        }
    }
}