{
    "TP": 11205,
    "TN": 42522,
    "FP": 343,
    "FN": 854,
    "accuracy": 0.9782062486344767,
    "precision": 0.9702978870800139,
    "recall": 0.929181524172817,
    "attack_types": {
        "0": {
            "labelled_normal": 42522,
            "labelled_malicious": 343,
            "recall": 0.9919981336754928
        },
        "1": {
            "labelled_normal": 13,
            "labelled_malicious": 365,
            "recall": 0.9656084656084656
        },
        "2": {
            "labelled_normal": 79,
            "labelled_malicious": 212,
            "recall": 0.7285223367697594
        },
        "3": {
            "labelled_normal": 1,
            "labelled_malicious": 294,
            "recall": 0.9966101694915255
        },
        "4": {
            "labelled_normal": 2,
            "labelled_malicious": 411,
            "recall": 0.9951573849878934
        },
        "5": {
            "labelled_normal": 4,
            "labelled_malicious": 270,
            "recall": 0.9854014598540146
        },
        "6": {
            "labelled_normal": 76,
            "labelled_malicious": 342,
            "recall": 0.8181818181818182
        },
        "7": {
            "labelled_normal": 0,
            "labelled_malicious": 305,
            "recall": 1.0
        },
        "8": {
            "labelled_normal": 8,
            "labelled_malicious": 342,
            "recall": 0.9771428571428571
        },
        "9": {
            "labelled_normal": 12,
            "labelled_malicious": 288,
            "recall": 0.96
        },
        "10": {
            "labelled_normal": 94,
            "labelled_malicious": 192,
            "recall": 0.6713286713286714
        },
        "11": {
            "labelled_normal": 3,
            "labelled_malicious": 334,
            "recall": 0.9910979228486647
        },
        "12": {
            "labelled_normal": 4,
            "labelled_malicious": 449,
            "recall": 0.9911699779249448
        },
        "13": {
            "labelled_normal": 46,
            "labelled_malicious": 273,
            "recall": 0.8557993730407524
        },
        "14": {
            "labelled_normal": 66,
            "labelled_malicious": 275,
            "recall": 0.8064516129032258
        },
        "15": {
            "labelled_normal": 73,
            "labelled_malicious": 264,
            "recall": 0.7833827893175074
        },
        "16": {
            "labelled_normal": 5,
            "labelled_malicious": 336,
            "recall": 0.9853372434017595
        },
        "17": {
            "labelled_normal": 3,
            "labelled_malicious": 272,
            "recall": 0.9890909090909091
        },
        "18": {
            "labelled_normal": 46,
            "labelled_malicious": 407,
            "recall": 0.8984547461368654
        },
        "19": {
            "labelled_normal": 0,
            "labelled_malicious": 316,
            "recall": 1.0
        },
        "20": {
            "labelled_normal": 0,
            "labelled_malicious": 145,
            "recall": 1.0
        },
        "21": {
            "labelled_normal": 0,
            "labelled_malicious": 336,
            "recall": 1.0
        },
        "22": {
            "labelled_normal": 0,
            "labelled_malicious": 274,
            "recall": 1.0
        },
        "23": {
            "labelled_normal": 0,
            "labelled_malicious": 453,
            "recall": 1.0
        },
        "24": {
            "labelled_normal": 0,
            "labelled_malicious": 238,
            "recall": 1.0
        },
        "25": {
            "labelled_normal": 9,
            "labelled_malicious": 263,
            "recall": 0.9669117647058824
        },
        "26": {
            "labelled_normal": 3,
            "labelled_malicious": 393,
            "recall": 0.9924242424242424
        },
        "27": {
            "labelled_normal": 56,
            "labelled_malicious": 352,
            "recall": 0.8627450980392157
        },
        "28": {
            "labelled_normal": 22,
            "labelled_malicious": 342,
            "recall": 0.9395604395604396
        },
        "29": {
            "labelled_normal": 1,
            "labelled_malicious": 364,
            "recall": 0.9972602739726028
        },
        "30": {
            "labelled_normal": 94,
            "labelled_malicious": 337,
            "recall": 0.7819025522041764
        },
        "31": {
            "labelled_normal": 0,
            "labelled_malicious": 354,
            "recall": 1.0
        },
        "32": {
            "labelled_normal": 0,
            "labelled_malicious": 386,
            "recall": 1.0
        },
        "33": {
            "labelled_normal": 15,
            "labelled_malicious": 293,
            "recall": 0.9512987012987013
        },
        "34": {
            "labelled_normal": 43,
            "labelled_malicious": 371,
            "recall": 0.8961352657004831
        },
        "35": {
            "labelled_normal": 76,
            "labelled_malicious": 357,
            "recall": 0.8244803695150116
        }
    },
    "attack_categories": {
        "0": {
            "labelled_normal": 42522,
            "labelled_malicious": 343,
            "recall": 0.9919981336754928
        },
        "1": {
            "labelled_normal": 95,
            "labelled_malicious": 1441,
            "recall": 0.9381510416666666
        },
        "2": {
            "labelled_normal": 224,
            "labelled_malicious": 2371,
            "recall": 0.9136801541425819
        },
        "3": {
            "labelled_normal": 193,
            "labelled_malicious": 1420,
            "recall": 0.8803471791692499
        },
        "4": {
            "labelled_normal": 296,
            "labelled_malicious": 3804,
            "recall": 0.9278048780487805
        },
        "5": {
            "labelled_normal": 0,
            "labelled_malicious": 926,
            "recall": 1.0
        },
        "6": {
            "labelled_normal": 46,
            "labelled_malicious": 407,
            "recall": 0.8984547461368654
        },
        "7": {
            "labelled_normal": 0,
            "labelled_malicious": 836,
            "recall": 1.0
        }
    }
}