{
    "TP": 8138,
    "TN": 42464,
    "FP": 401,
    "FN": 3921,
    "accuracy": 0.9213094457796227,
    "precision": 0.9530389975406957,
    "recall": 0.6748486607513061,
    "attack_types": {
        "0": {
            "labelled_normal": 42464,
            "labelled_malicious": 401,
            "recall": 0.9906450484077919
        },
        "1": {
            "labelled_normal": 332,
            "labelled_malicious": 46,
            "recall": 0.12169312169312169
        },
        "2": {
            "labelled_normal": 263,
            "labelled_malicious": 28,
            "recall": 0.09621993127147767
        },
        "3": {
            "labelled_normal": 138,
            "labelled_malicious": 157,
            "recall": 0.5322033898305085
        },
        "4": {
            "labelled_normal": 233,
            "labelled_malicious": 180,
            "recall": 0.4358353510895884
        },
        "5": {
            "labelled_normal": 246,
            "labelled_malicious": 28,
            "recall": 0.10218978102189781
        },
        "6": {
            "labelled_normal": 361,
            "labelled_malicious": 57,
            "recall": 0.13636363636363635
        },
        "7": {
            "labelled_normal": 281,
            "labelled_malicious": 24,
            "recall": 0.07868852459016394
        },
        "8": {
            "labelled_normal": 273,
            "labelled_malicious": 77,
            "recall": 0.22
        },
        "9": {
            "labelled_normal": 287,
            "labelled_malicious": 13,
            "recall": 0.043333333333333335
        },
        "10": {
            "labelled_normal": 276,
            "labelled_malicious": 10,
            "recall": 0.03496503496503497
        },
        "11": {
            "labelled_normal": 284,
            "labelled_malicious": 53,
            "recall": 0.1572700296735905
        },
        "12": {
            "labelled_normal": 367,
            "labelled_malicious": 86,
            "recall": 0.18984547461368653
        },
        "13": {
            "labelled_normal": 46,
            "labelled_malicious": 273,
            "recall": 0.8557993730407524
        },
        "14": {
            "labelled_normal": 33,
            "labelled_malicious": 308,
            "recall": 0.9032258064516129
        },
        "15": {
            "labelled_normal": 57,
            "labelled_malicious": 280,
            "recall": 0.8308605341246291
        },
        "16": {
            "labelled_normal": 1,
            "labelled_malicious": 340,
            "recall": 0.9970674486803519
        },
        "17": {
            "labelled_normal": 4,
            "labelled_malicious": 271,
            "recall": 0.9854545454545455
        },
        "18": {
            "labelled_normal": 36,
            "labelled_malicious": 417,
            "recall": 0.9205298013245033
        },
        "19": {
            "labelled_normal": 0,
            "labelled_malicious": 316,
            "recall": 1.0
        },
        "20": {
            "labelled_normal": 0,
            "labelled_malicious": 145,
            "recall": 1.0
        },
        "21": {
            "labelled_normal": 0,
            "labelled_malicious": 336,
            "recall": 1.0
        },
        "22": {
            "labelled_normal": 0,
            "labelled_malicious": 274,
            "recall": 1.0
        },
        "23": {
            "labelled_normal": 0,
            "labelled_malicious": 453,
            "recall": 1.0
        },
        "24": {
            "labelled_normal": 0,
            "labelled_malicious": 238,
            "recall": 1.0
        },
        "25": {
            "labelled_normal": 11,
            "labelled_malicious": 261,
            "recall": 0.9595588235294118
        },
        "26": {
            "labelled_normal": 3,
            "labelled_malicious": 393,
            "recall": 0.9924242424242424
        },
        "27": {
            "labelled_normal": 68,
            "labelled_malicious": 340,
            "recall": 0.8333333333333334
        },
        "28": {
            "labelled_normal": 19,
            "labelled_malicious": 345,
            "recall": 0.9478021978021978
        },
        "29": {
            "labelled_normal": 1,
            "labelled_malicious": 364,
            "recall": 0.9972602739726028
        },
        "30": {
            "labelled_normal": 112,
            "labelled_malicious": 319,
            "recall": 0.740139211136891
        },
        "31": {
            "labelled_normal": 0,
            "labelled_malicious": 354,
            "recall": 1.0
        },
        "32": {
            "labelled_normal": 0,
            "labelled_malicious": 386,
            "recall": 1.0
        },
        "33": {
            "labelled_normal": 32,
            "labelled_malicious": 276,
            "recall": 0.8961038961038961
        },
        "34": {
            "labelled_normal": 45,
            "labelled_malicious": 369,
            "recall": 0.8913043478260869
        },
        "35": {
            "labelled_normal": 112,
            "labelled_malicious": 321,
            "recall": 0.7413394919168591
        }
    },
    "attack_categories": {
        "0": {
            "labelled_normal": 42464,
            "labelled_malicious": 401,
            "recall": 0.9906450484077919
        },
        "1": {
            "labelled_normal": 113,
            "labelled_malicious": 1423,
            "recall": 0.9264322916666666
        },
        "2": {
            "labelled_normal": 290,
            "labelled_malicious": 2305,
            "recall": 0.8882466281310212
        },
        "3": {
            "labelled_normal": 141,
            "labelled_malicious": 1472,
            "recall": 0.9125852448853069
        },
        "4": {
            "labelled_normal": 3341,
            "labelled_malicious": 759,
            "recall": 0.1851219512195122
        },
        "5": {
            "labelled_normal": 0,
            "labelled_malicious": 926,
            "recall": 1.0
        },
        "6": {
            "labelled_normal": 36,
            "labelled_malicious": 417,
            "recall": 0.9205298013245033
        },
        "7": {
            "labelled_normal": 0,
            "labelled_malicious": 836,
            "recall": 1.0
        }
    }
}