{
    "TP": 10936,
    "TN": 42715,
    "FP": 313,
    "FN": 960,
    "accuracy": 0.9768225183890467,
    "precision": 0.9721753044715086,
    "recall": 0.9193006052454606,
    "attack_types": {
        "0": {
            "labelled_normal": 42715,
            "labelled_malicious": 313,
            "recall": 0.99272566700753
        },
        "1": {
            "labelled_normal": 10,
            "labelled_malicious": 380,
            "recall": 0.9743589743589743
        },
        "2": {
            "labelled_normal": 67,
            "labelled_malicious": 209,
            "recall": 0.7572463768115942
        },
        "3": {
            "labelled_normal": 2,
            "labelled_malicious": 358,
            "recall": 0.9944444444444445
        },
        "4": {
            "labelled_normal": 3,
            "labelled_malicious": 365,
            "recall": 0.9918478260869565
        },
        "5": {
            "labelled_normal": 7,
            "labelled_malicious": 271,
            "recall": 0.9748201438848921
        },
        "6": {
            "labelled_normal": 71,
            "labelled_malicious": 353,
            "recall": 0.8325471698113207
        },
        "7": {
            "labelled_normal": 1,
            "labelled_malicious": 326,
            "recall": 0.9969418960244648
        },
        "8": {
            "labelled_normal": 14,
            "labelled_malicious": 346,
            "recall": 0.9611111111111111
        },
        "9": {
            "labelled_normal": 20,
            "labelled_malicious": 259,
            "recall": 0.9283154121863799
        },
        "10": {
            "labelled_normal": 104,
            "labelled_malicious": 213,
            "recall": 0.6719242902208202
        },
        "11": {
            "labelled_normal": 6,
            "labelled_malicious": 343,
            "recall": 0.9828080229226361
        },
        "12": {
            "labelled_normal": 3,
            "labelled_malicious": 380,
            "recall": 0.9921671018276762
        },
        "13": {
            "labelled_normal": 72,
            "labelled_malicious": 252,
            "recall": 0.7777777777777778
        },
        "14": {
            "labelled_normal": 66,
            "labelled_malicious": 255,
            "recall": 0.794392523364486
        },
        "15": {
            "labelled_normal": 59,
            "labelled_malicious": 235,
            "recall": 0.7993197278911565
        },
        "16": {
            "labelled_normal": 8,
            "labelled_malicious": 285,
            "recall": 0.9726962457337884
        },
        "17": {
            "labelled_normal": 3,
            "labelled_malicious": 275,
            "recall": 0.9892086330935251
        },
        "18": {
            "labelled_normal": 61,
            "labelled_malicious": 347,
            "recall": 0.8504901960784313
        },
        "19": {
            "labelled_normal": 0,
            "labelled_malicious": 310,
            "recall": 1.0
        },
        "20": {
            "labelled_normal": 0,
            "labelled_malicious": 141,
            "recall": 1.0
        },
        "21": {
            "labelled_normal": 0,
            "labelled_malicious": 319,
            "recall": 1.0
        },
        "22": {
            "labelled_normal": 0,
            "labelled_malicious": 317,
            "recall": 1.0
        },
        "23": {
            "labelled_normal": 0,
            "labelled_malicious": 383,
            "recall": 1.0
        },
        "24": {
            "labelled_normal": 0,
            "labelled_malicious": 214,
            "recall": 1.0
        },
        "25": {
            "labelled_normal": 14,
            "labelled_malicious": 283,
            "recall": 0.9528619528619529
        },
        "26": {
            "labelled_normal": 2,
            "labelled_malicious": 364,
            "recall": 0.994535519125683
        },
        "27": {
            "labelled_normal": 78,
            "labelled_malicious": 341,
            "recall": 0.8138424821002387
        },
        "28": {
            "labelled_normal": 30,
            "labelled_malicious": 340,
            "recall": 0.918918918918919
        },
        "29": {
            "labelled_normal": 2,
            "labelled_malicious": 364,
            "recall": 0.994535519125683
        },
        "30": {
            "labelled_normal": 116,
            "labelled_malicious": 295,
            "recall": 0.7177615571776156
        },
        "31": {
            "labelled_normal": 0,
            "labelled_malicious": 358,
            "recall": 1.0
        },
        "32": {
            "labelled_normal": 0,
            "labelled_malicious": 416,
            "recall": 1.0
        },
        "33": {
            "labelled_normal": 18,
            "labelled_malicious": 335,
            "recall": 0.9490084985835694
        },
        "34": {
            "labelled_normal": 44,
            "labelled_malicious": 363,
            "recall": 0.8918918918918919
        },
        "35": {
            "labelled_normal": 79,
            "labelled_malicious": 341,
            "recall": 0.8119047619047619
        }
    },
    "attack_categories": {
        "0": {
            "labelled_normal": 42715,
            "labelled_malicious": 313,
            "recall": 0.99272566700753
        },
        "1": {
            "labelled_normal": 118,
            "labelled_malicious": 1433,
            "recall": 0.9239200515796261
        },
        "2": {
            "labelled_normal": 265,
            "labelled_malicious": 2367,
            "recall": 0.8993161094224924
        },
        "3": {
            "labelled_normal": 208,
            "labelled_malicious": 1302,
            "recall": 0.8622516556291391
        },
        "4": {
            "labelled_normal": 308,
            "labelled_malicious": 3803,
            "recall": 0.9250790561907078
        },
        "5": {
            "labelled_normal": 0,
            "labelled_malicious": 946,
            "recall": 1.0
        },
        "6": {
            "labelled_normal": 61,
            "labelled_malicious": 347,
            "recall": 0.8504901960784313
        },
        "7": {
            "labelled_normal": 0,
            "labelled_malicious": 738,
            "recall": 1.0
        }
    }
}