{
    "TP": 11351,
    "TN": 42539,
    "FP": 301,
    "FN": 733,
    "accuracy": 0.9811739858713859,
    "precision": 0.9741675248884312,
    "recall": 0.9393412777226084,
    "attack_types": {
        "0": {
            "labelled_normal": 42539,
            "labelled_malicious": 301,
            "recall": 0.9929738562091504
        },
        "1": {
            "labelled_normal": 5,
            "labelled_malicious": 379,
            "recall": 0.9869791666666666
        },
        "2": {
            "labelled_normal": 92,
            "labelled_malicious": 214,
            "recall": 0.6993464052287581
        },
        "3": {
            "labelled_normal": 2,
            "labelled_malicious": 344,
            "recall": 0.9942196531791907
        },
        "4": {
            "labelled_normal": 4,
            "labelled_malicious": 421,
            "recall": 0.9905882352941177
        },
        "5": {
            "labelled_normal": 1,
            "labelled_malicious": 292,
            "recall": 0.9965870307167235
        },
        "6": {
            "labelled_normal": 57,
            "labelled_malicious": 323,
            "recall": 0.85
        },
        "7": {
            "labelled_normal": 1,
            "labelled_malicious": 295,
            "recall": 0.9966216216216216
        },
        "8": {
            "labelled_normal": 9,
            "labelled_malicious": 360,
            "recall": 0.975609756097561
        },
        "9": {
            "labelled_normal": 9,
            "labelled_malicious": 299,
            "recall": 0.9707792207792207
        },
        "10": {
            "labelled_normal": 77,
            "labelled_malicious": 199,
            "recall": 0.7210144927536232
        },
        "11": {
            "labelled_normal": 0,
            "labelled_malicious": 397,
            "recall": 1.0
        },
        "12": {
            "labelled_normal": 1,
            "labelled_malicious": 379,
            "recall": 0.9973684210526316
        },
        "13": {
            "labelled_normal": 33,
            "labelled_malicious": 281,
            "recall": 0.8949044585987261
        },
        "14": {
            "labelled_normal": 54,
            "labelled_malicious": 258,
            "recall": 0.8269230769230769
        },
        "15": {
            "labelled_normal": 53,
            "labelled_malicious": 259,
            "recall": 0.8301282051282052
        },
        "16": {
            "labelled_normal": 0,
            "labelled_malicious": 336,
            "recall": 1.0
        },
        "17": {
            "labelled_normal": 1,
            "labelled_malicious": 282,
            "recall": 0.9964664310954063
        },
        "18": {
            "labelled_normal": 41,
            "labelled_malicious": 387,
            "recall": 0.9042056074766355
        },
        "19": {
            "labelled_normal": 0,
            "labelled_malicious": 340,
            "recall": 1.0
        },
        "20": {
            "labelled_normal": 0,
            "labelled_malicious": 121,
            "recall": 1.0
        },
        "21": {
            "labelled_normal": 0,
            "labelled_malicious": 364,
            "recall": 1.0
        },
        "22": {
            "labelled_normal": 0,
            "labelled_malicious": 293,
            "recall": 1.0
        },
        "23": {
            "labelled_normal": 0,
            "labelled_malicious": 424,
            "recall": 1.0
        },
        "24": {
            "labelled_normal": 2,
            "labelled_malicious": 254,
            "recall": 0.9921875
        },
        "25": {
            "labelled_normal": 18,
            "labelled_malicious": 277,
            "recall": 0.9389830508474576
        },
        "26": {
            "labelled_normal": 4,
            "labelled_malicious": 326,
            "recall": 0.9878787878787879
        },
        "27": {
            "labelled_normal": 50,
            "labelled_malicious": 351,
            "recall": 0.8753117206982544
        },
        "28": {
            "labelled_normal": 23,
            "labelled_malicious": 383,
            "recall": 0.9433497536945813
        },
        "29": {
            "labelled_normal": 3,
            "labelled_malicious": 354,
            "recall": 0.9915966386554622
        },
        "30": {
            "labelled_normal": 102,
            "labelled_malicious": 344,
            "recall": 0.7713004484304933
        },
        "31": {
            "labelled_normal": 0,
            "labelled_malicious": 396,
            "recall": 1.0
        },
        "32": {
            "labelled_normal": 0,
            "labelled_malicious": 369,
            "recall": 1.0
        },
        "33": {
            "labelled_normal": 21,
            "labelled_malicious": 285,
            "recall": 0.9313725490196079
        },
        "34": {
            "labelled_normal": 28,
            "labelled_malicious": 376,
            "recall": 0.9306930693069307
        },
        "35": {
            "labelled_normal": 42,
            "labelled_malicious": 389,
            "recall": 0.9025522041763341
        }
    },
    "attack_categories": {
        "0": {
            "labelled_normal": 42539,
            "labelled_malicious": 301,
            "recall": 0.9929738562091504
        },
        "1": {
            "labelled_normal": 105,
            "labelled_malicious": 1463,
            "recall": 0.9330357142857143
        },
        "2": {
            "labelled_normal": 186,
            "labelled_malicious": 2387,
            "recall": 0.927710843373494
        },
        "3": {
            "labelled_normal": 141,
            "labelled_malicious": 1416,
            "recall": 0.9094412331406551
        },
        "4": {
            "labelled_normal": 258,
            "labelled_malicious": 3902,
            "recall": 0.9379807692307692
        },
        "5": {
            "labelled_normal": 0,
            "labelled_malicious": 997,
            "recall": 1.0
        },
        "6": {
            "labelled_normal": 41,
            "labelled_malicious": 387,
            "recall": 0.9042056074766355
        },
        "7": {
            "labelled_normal": 2,
            "labelled_malicious": 799,
            "recall": 0.9975031210986267
        }
    }
}