{
    "TP": 11394,
    "TN": 42545,
    "FP": 268,
    "FN": 717,
    "accuracy": 0.98206612774015,
    "precision": 0.9770193791802435,
    "recall": 0.940797621996532,
    "attack_types": {
        "0": {
            "labelled_normal": 42545,
            "labelled_malicious": 268,
            "recall": 0.9937402190923318
        },
        "1": {
            "labelled_normal": 1,
            "labelled_malicious": 321,
            "recall": 0.9968944099378882
        },
        "2": {
            "labelled_normal": 72,
            "labelled_malicious": 231,
            "recall": 0.7623762376237624
        },
        "3": {
            "labelled_normal": 2,
            "labelled_malicious": 360,
            "recall": 0.994475138121547
        },
        "4": {
            "labelled_normal": 1,
            "labelled_malicious": 351,
            "recall": 0.9971590909090909
        },
        "5": {
            "labelled_normal": 0,
            "labelled_malicious": 292,
            "recall": 1.0
        },
        "6": {
            "labelled_normal": 69,
            "labelled_malicious": 337,
            "recall": 0.8300492610837439
        },
        "7": {
            "labelled_normal": 0,
            "labelled_malicious": 291,
            "recall": 1.0
        },
        "8": {
            "labelled_normal": 8,
            "labelled_malicious": 343,
            "recall": 0.9772079772079773
        },
        "9": {
            "labelled_normal": 7,
            "labelled_malicious": 240,
            "recall": 0.97165991902834
        },
        "10": {
            "labelled_normal": 82,
            "labelled_malicious": 214,
            "recall": 0.722972972972973
        },
        "11": {
            "labelled_normal": 5,
            "labelled_malicious": 358,
            "recall": 0.9862258953168044
        },
        "12": {
            "labelled_normal": 3,
            "labelled_malicious": 457,
            "recall": 0.9934782608695653
        },
        "13": {
            "labelled_normal": 47,
            "labelled_malicious": 312,
            "recall": 0.8690807799442897
        },
        "14": {
            "labelled_normal": 56,
            "labelled_malicious": 302,
            "recall": 0.8435754189944135
        },
        "15": {
            "labelled_normal": 65,
            "labelled_malicious": 255,
            "recall": 0.796875
        },
        "16": {
            "labelled_normal": 2,
            "labelled_malicious": 358,
            "recall": 0.9944444444444445
        },
        "17": {
            "labelled_normal": 0,
            "labelled_malicious": 307,
            "recall": 1.0
        },
        "18": {
            "labelled_normal": 36,
            "labelled_malicious": 404,
            "recall": 0.9181818181818182
        },
        "19": {
            "labelled_normal": 0,
            "labelled_malicious": 333,
            "recall": 1.0
        },
        "20": {
            "labelled_normal": 0,
            "labelled_malicious": 133,
            "recall": 1.0
        },
        "21": {
            "labelled_normal": 0,
            "labelled_malicious": 344,
            "recall": 1.0
        },
        "22": {
            "labelled_normal": 0,
            "labelled_malicious": 319,
            "recall": 1.0
        },
        "23": {
            "labelled_normal": 0,
            "labelled_malicious": 457,
            "recall": 1.0
        },
        "24": {
            "labelled_normal": 0,
            "labelled_malicious": 211,
            "recall": 1.0
        },
        "25": {
            "labelled_normal": 20,
            "labelled_malicious": 287,
            "recall": 0.9348534201954397
        },
        "26": {
            "labelled_normal": 1,
            "labelled_malicious": 342,
            "recall": 0.9970845481049563
        },
        "27": {
            "labelled_normal": 63,
            "labelled_malicious": 383,
            "recall": 0.8587443946188341
        },
        "28": {
            "labelled_normal": 26,
            "labelled_malicious": 310,
            "recall": 0.9226190476190477
        },
        "29": {
            "labelled_normal": 4,
            "labelled_malicious": 389,
            "recall": 0.989821882951654
        },
        "30": {
            "labelled_normal": 76,
            "labelled_malicious": 317,
            "recall": 0.806615776081425
        },
        "31": {
            "labelled_normal": 0,
            "labelled_malicious": 405,
            "recall": 1.0
        },
        "32": {
            "labelled_normal": 0,
            "labelled_malicious": 368,
            "recall": 1.0
        },
        "33": {
            "labelled_normal": 14,
            "labelled_malicious": 303,
            "recall": 0.9558359621451105
        },
        "34": {
            "labelled_normal": 17,
            "labelled_malicious": 363,
            "recall": 0.9552631578947368
        },
        "35": {
            "labelled_normal": 40,
            "labelled_malicious": 397,
            "recall": 0.9084668192219679
        }
    },
    "attack_categories": {
        "0": {
            "labelled_normal": 42545,
            "labelled_malicious": 268,
            "recall": 0.9937402190923318
        },
        "1": {
            "labelled_normal": 80,
            "labelled_malicious": 1479,
            "recall": 0.9486850545221296
        },
        "2": {
            "labelled_normal": 181,
            "labelled_malicious": 2385,
            "recall": 0.9294621979734996
        },
        "3": {
            "labelled_normal": 170,
            "labelled_malicious": 1534,
            "recall": 0.9002347417840375
        },
        "4": {
            "labelled_normal": 250,
            "labelled_malicious": 3795,
            "recall": 0.9381953028430161
        },
        "5": {
            "labelled_normal": 0,
            "labelled_malicious": 996,
            "recall": 1.0
        },
        "6": {
            "labelled_normal": 36,
            "labelled_malicious": 404,
            "recall": 0.9181818181818182
        },
        "7": {
            "labelled_normal": 0,
            "labelled_malicious": 801,
            "recall": 1.0
        }
    }
}