{
    "TP": 11182,
    "TN": 42641,
    "FP": 199,
    "FN": 902,
    "accuracy": 0.9799541184181778,
    "precision": 0.9825147175116422,
    "recall": 0.9253558424362793,
    "attack_types": {
        "0": {
            "labelled_normal": 42641,
            "labelled_malicious": 199,
            "recall": 0.9953548085901027
        },
        "1": {
            "labelled_normal": 4,
            "labelled_malicious": 380,
            "recall": 0.9895833333333334
        },
        "2": {
            "labelled_normal": 81,
            "labelled_malicious": 225,
            "recall": 0.7352941176470589
        },
        "3": {
            "labelled_normal": 3,
            "labelled_malicious": 343,
            "recall": 0.9913294797687862
        },
        "4": {
            "labelled_normal": 5,
            "labelled_malicious": 420,
            "recall": 0.9882352941176471
        },
        "5": {
            "labelled_normal": 0,
            "labelled_malicious": 293,
            "recall": 1.0
        },
        "6": {
            "labelled_normal": 41,
            "labelled_malicious": 339,
            "recall": 0.8921052631578947
        },
        "7": {
            "labelled_normal": 1,
            "labelled_malicious": 295,
            "recall": 0.9966216216216216
        },
        "8": {
            "labelled_normal": 9,
            "labelled_malicious": 360,
            "recall": 0.975609756097561
        },
        "9": {
            "labelled_normal": 13,
            "labelled_malicious": 295,
            "recall": 0.9577922077922078
        },
        "10": {
            "labelled_normal": 69,
            "labelled_malicious": 207,
            "recall": 0.75
        },
        "11": {
            "labelled_normal": 0,
            "labelled_malicious": 397,
            "recall": 1.0
        },
        "12": {
            "labelled_normal": 1,
            "labelled_malicious": 379,
            "recall": 0.9973684210526316
        },
        "13": {
            "labelled_normal": 238,
            "labelled_malicious": 76,
            "recall": 0.24203821656050956
        },
        "14": {
            "labelled_normal": 55,
            "labelled_malicious": 257,
            "recall": 0.8237179487179487
        },
        "15": {
            "labelled_normal": 59,
            "labelled_malicious": 253,
            "recall": 0.8108974358974359
        },
        "16": {
            "labelled_normal": 1,
            "labelled_malicious": 335,
            "recall": 0.9970238095238095
        },
        "17": {
            "labelled_normal": 1,
            "labelled_malicious": 282,
            "recall": 0.9964664310954063
        },
        "18": {
            "labelled_normal": 40,
            "labelled_malicious": 388,
            "recall": 0.9065420560747663
        },
        "19": {
            "labelled_normal": 0,
            "labelled_malicious": 340,
            "recall": 1.0
        },
        "20": {
            "labelled_normal": 0,
            "labelled_malicious": 121,
            "recall": 1.0
        },
        "21": {
            "labelled_normal": 0,
            "labelled_malicious": 364,
            "recall": 1.0
        },
        "22": {
            "labelled_normal": 0,
            "labelled_malicious": 293,
            "recall": 1.0
        },
        "23": {
            "labelled_normal": 0,
            "labelled_malicious": 424,
            "recall": 1.0
        },
        "24": {
            "labelled_normal": 0,
            "labelled_malicious": 256,
            "recall": 1.0
        },
        "25": {
            "labelled_normal": 15,
            "labelled_malicious": 280,
            "recall": 0.9491525423728814
        },
        "26": {
            "labelled_normal": 3,
            "labelled_malicious": 327,
            "recall": 0.990909090909091
        },
        "27": {
            "labelled_normal": 54,
            "labelled_malicious": 347,
            "recall": 0.8653366583541147
        },
        "28": {
            "labelled_normal": 22,
            "labelled_malicious": 384,
            "recall": 0.9458128078817734
        },
        "29": {
            "labelled_normal": 2,
            "labelled_malicious": 355,
            "recall": 0.9943977591036415
        },
        "30": {
            "labelled_normal": 98,
            "labelled_malicious": 348,
            "recall": 0.7802690582959642
        },
        "31": {
            "labelled_normal": 0,
            "labelled_malicious": 396,
            "recall": 1.0
        },
        "32": {
            "labelled_normal": 0,
            "labelled_malicious": 369,
            "recall": 1.0
        },
        "33": {
            "labelled_normal": 14,
            "labelled_malicious": 292,
            "recall": 0.954248366013072
        },
        "34": {
            "labelled_normal": 32,
            "labelled_malicious": 372,
            "recall": 0.9207920792079208
        },
        "35": {
            "labelled_normal": 41,
            "labelled_malicious": 390,
            "recall": 0.9048723897911833
        }
    },
    "attack_categories": {
        "0": {
            "labelled_normal": 42641,
            "labelled_malicious": 199,
            "recall": 0.9953548085901027
        },
        "1": {
            "labelled_normal": 100,
            "labelled_malicious": 1468,
            "recall": 0.9362244897959183
        },
        "2": {
            "labelled_normal": 181,
            "labelled_malicious": 2392,
            "recall": 0.929654100272056
        },
        "3": {
            "labelled_normal": 354,
            "labelled_malicious": 1203,
            "recall": 0.7726396917148363
        },
        "4": {
            "labelled_normal": 227,
            "labelled_malicious": 3933,
            "recall": 0.9454326923076923
        },
        "5": {
            "labelled_normal": 0,
            "labelled_malicious": 997,
            "recall": 1.0
        },
        "6": {
            "labelled_normal": 40,
            "labelled_malicious": 388,
            "recall": 0.9065420560747663
        },
        "7": {
            "labelled_normal": 0,
            "labelled_malicious": 801,
            "recall": 1.0
        }
    }
}