{
    "TP": 10837,
    "TN": 42798,
    "FP": 230,
    "FN": 1059,
    "accuracy": 0.9765312067584299,
    "precision": 0.9792174934489924,
    "recall": 0.9109784801613988,
    "attack_types": {
        "0": {
            "labelled_normal": 42798,
            "labelled_malicious": 230,
            "recall": 0.9946546434879613
        },
        "1": {
            "labelled_normal": 4,
            "labelled_malicious": 386,
            "recall": 0.9897435897435898
        },
        "2": {
            "labelled_normal": 75,
            "labelled_malicious": 201,
            "recall": 0.7282608695652174
        },
        "3": {
            "labelled_normal": 2,
            "labelled_malicious": 358,
            "recall": 0.9944444444444445
        },
        "4": {
            "labelled_normal": 3,
            "labelled_malicious": 365,
            "recall": 0.9918478260869565
        },
        "5": {
            "labelled_normal": 2,
            "labelled_malicious": 276,
            "recall": 0.9928057553956835
        },
        "6": {
            "labelled_normal": 70,
            "labelled_malicious": 354,
            "recall": 0.8349056603773585
        },
        "7": {
            "labelled_normal": 0,
            "labelled_malicious": 327,
            "recall": 1.0
        },
        "8": {
            "labelled_normal": 11,
            "labelled_malicious": 349,
            "recall": 0.9694444444444444
        },
        "9": {
            "labelled_normal": 10,
            "labelled_malicious": 269,
            "recall": 0.96415770609319
        },
        "10": {
            "labelled_normal": 94,
            "labelled_malicious": 223,
            "recall": 0.7034700315457413
        },
        "11": {
            "labelled_normal": 3,
            "labelled_malicious": 346,
            "recall": 0.9914040114613181
        },
        "12": {
            "labelled_normal": 264,
            "labelled_malicious": 119,
            "recall": 0.31070496083550914
        },
        "13": {
            "labelled_normal": 60,
            "labelled_malicious": 264,
            "recall": 0.8148148148148148
        },
        "14": {
            "labelled_normal": 51,
            "labelled_malicious": 270,
            "recall": 0.8411214953271028
        },
        "15": {
            "labelled_normal": 27,
            "labelled_malicious": 267,
            "recall": 0.9081632653061225
        },
        "16": {
            "labelled_normal": 1,
            "labelled_malicious": 292,
            "recall": 0.9965870307167235
        },
        "17": {
            "labelled_normal": 1,
            "labelled_malicious": 277,
            "recall": 0.9964028776978417
        },
        "18": {
            "labelled_normal": 55,
            "labelled_malicious": 353,
            "recall": 0.8651960784313726
        },
        "19": {
            "labelled_normal": 0,
            "labelled_malicious": 310,
            "recall": 1.0
        },
        "20": {
            "labelled_normal": 0,
            "labelled_malicious": 141,
            "recall": 1.0
        },
        "21": {
            "labelled_normal": 0,
            "labelled_malicious": 319,
            "recall": 1.0
        },
        "22": {
            "labelled_normal": 0,
            "labelled_malicious": 317,
            "recall": 1.0
        },
        "23": {
            "labelled_normal": 0,
            "labelled_malicious": 383,
            "recall": 1.0
        },
        "24": {
            "labelled_normal": 1,
            "labelled_malicious": 213,
            "recall": 0.9953271028037384
        },
        "25": {
            "labelled_normal": 15,
            "labelled_malicious": 282,
            "recall": 0.9494949494949495
        },
        "26": {
            "labelled_normal": 5,
            "labelled_malicious": 361,
            "recall": 0.9863387978142076
        },
        "27": {
            "labelled_normal": 81,
            "labelled_malicious": 338,
            "recall": 0.8066825775656324
        },
        "28": {
            "labelled_normal": 27,
            "labelled_malicious": 343,
            "recall": 0.927027027027027
        },
        "29": {
            "labelled_normal": 1,
            "labelled_malicious": 365,
            "recall": 0.9972677595628415
        },
        "30": {
            "labelled_normal": 85,
            "labelled_malicious": 326,
            "recall": 0.7931873479318735
        },
        "31": {
            "labelled_normal": 0,
            "labelled_malicious": 358,
            "recall": 1.0
        },
        "32": {
            "labelled_normal": 0,
            "labelled_malicious": 416,
            "recall": 1.0
        },
        "33": {
            "labelled_normal": 15,
            "labelled_malicious": 338,
            "recall": 0.9575070821529745
        },
        "34": {
            "labelled_normal": 27,
            "labelled_malicious": 380,
            "recall": 0.9336609336609336
        },
        "35": {
            "labelled_normal": 69,
            "labelled_malicious": 351,
            "recall": 0.8357142857142857
        }
    },
    "attack_categories": {
        "0": {
            "labelled_normal": 42798,
            "labelled_malicious": 230,
            "recall": 0.9946546434879613
        },
        "1": {
            "labelled_normal": 86,
            "labelled_malicious": 1465,
            "recall": 0.9445519019987105
        },
        "2": {
            "labelled_normal": 239,
            "labelled_malicious": 2393,
            "recall": 0.90919452887538
        },
        "3": {
            "labelled_normal": 140,
            "labelled_malicious": 1370,
            "recall": 0.9072847682119205
        },
        "4": {
            "labelled_normal": 538,
            "labelled_malicious": 3573,
            "recall": 0.8691315981513014
        },
        "5": {
            "labelled_normal": 0,
            "labelled_malicious": 946,
            "recall": 1.0
        },
        "6": {
            "labelled_normal": 55,
            "labelled_malicious": 353,
            "recall": 0.8651960784313726
        },
        "7": {
            "labelled_normal": 1,
            "labelled_malicious": 737,
            "recall": 0.9986449864498645
        }
    }
}