{
    "TP": 11200,
    "TN": 42757,
    "FP": 271,
    "FN": 696,
    "accuracy": 0.982393853324594,
    "precision": 0.9763752070438497,
    "recall": 0.9414929388029589,
    "attack_types": {
        "0": {
            "labelled_normal": 42757,
            "labelled_malicious": 271,
            "recall": 0.9937017755879892
        },
        "1": {
            "labelled_normal": 1,
            "labelled_malicious": 389,
            "recall": 0.9974358974358974
        },
        "2": {
            "labelled_normal": 60,
            "labelled_malicious": 216,
            "recall": 0.782608695652174
        },
        "3": {
            "labelled_normal": 2,
            "labelled_malicious": 358,
            "recall": 0.9944444444444445
        },
        "4": {
            "labelled_normal": 2,
            "labelled_malicious": 366,
            "recall": 0.9945652173913043
        },
        "5": {
            "labelled_normal": 2,
            "labelled_malicious": 276,
            "recall": 0.9928057553956835
        },
        "6": {
            "labelled_normal": 65,
            "labelled_malicious": 359,
            "recall": 0.8466981132075472
        },
        "7": {
            "labelled_normal": 0,
            "labelled_malicious": 327,
            "recall": 1.0
        },
        "8": {
            "labelled_normal": 10,
            "labelled_malicious": 350,
            "recall": 0.9722222222222222
        },
        "9": {
            "labelled_normal": 2,
            "labelled_malicious": 277,
            "recall": 0.992831541218638
        },
        "10": {
            "labelled_normal": 82,
            "labelled_malicious": 235,
            "recall": 0.7413249211356467
        },
        "11": {
            "labelled_normal": 1,
            "labelled_malicious": 348,
            "recall": 0.997134670487106
        },
        "12": {
            "labelled_normal": 3,
            "labelled_malicious": 380,
            "recall": 0.9921671018276762
        },
        "13": {
            "labelled_normal": 47,
            "labelled_malicious": 277,
            "recall": 0.8549382716049383
        },
        "14": {
            "labelled_normal": 45,
            "labelled_malicious": 276,
            "recall": 0.8598130841121495
        },
        "15": {
            "labelled_normal": 35,
            "labelled_malicious": 259,
            "recall": 0.8809523809523809
        },
        "16": {
            "labelled_normal": 1,
            "labelled_malicious": 292,
            "recall": 0.9965870307167235
        },
        "17": {
            "labelled_normal": 1,
            "labelled_malicious": 277,
            "recall": 0.9964028776978417
        },
        "18": {
            "labelled_normal": 52,
            "labelled_malicious": 356,
            "recall": 0.8725490196078431
        },
        "19": {
            "labelled_normal": 0,
            "labelled_malicious": 310,
            "recall": 1.0
        },
        "20": {
            "labelled_normal": 0,
            "labelled_malicious": 141,
            "recall": 1.0
        },
        "21": {
            "labelled_normal": 0,
            "labelled_malicious": 319,
            "recall": 1.0
        },
        "22": {
            "labelled_normal": 0,
            "labelled_malicious": 317,
            "recall": 1.0
        },
        "23": {
            "labelled_normal": 0,
            "labelled_malicious": 383,
            "recall": 1.0
        },
        "24": {
            "labelled_normal": 0,
            "labelled_malicious": 214,
            "recall": 1.0
        },
        "25": {
            "labelled_normal": 15,
            "labelled_malicious": 282,
            "recall": 0.9494949494949495
        },
        "26": {
            "labelled_normal": 3,
            "labelled_malicious": 363,
            "recall": 0.9918032786885246
        },
        "27": {
            "labelled_normal": 48,
            "labelled_malicious": 371,
            "recall": 0.8854415274463007
        },
        "28": {
            "labelled_normal": 20,
            "labelled_malicious": 350,
            "recall": 0.9459459459459459
        },
        "29": {
            "labelled_normal": 1,
            "labelled_malicious": 365,
            "recall": 0.9972677595628415
        },
        "30": {
            "labelled_normal": 89,
            "labelled_malicious": 322,
            "recall": 0.7834549878345499
        },
        "31": {
            "labelled_normal": 0,
            "labelled_malicious": 358,
            "recall": 1.0
        },
        "32": {
            "labelled_normal": 0,
            "labelled_malicious": 416,
            "recall": 1.0
        },
        "33": {
            "labelled_normal": 15,
            "labelled_malicious": 338,
            "recall": 0.9575070821529745
        },
        "34": {
            "labelled_normal": 27,
            "labelled_malicious": 380,
            "recall": 0.9336609336609336
        },
        "35": {
            "labelled_normal": 67,
            "labelled_malicious": 353,
            "recall": 0.8404761904761905
        }
    },
    "attack_categories": {
        "0": {
            "labelled_normal": 42757,
            "labelled_malicious": 271,
            "recall": 0.9937017755879892
        },
        "1": {
            "labelled_normal": 90,
            "labelled_malicious": 1461,
            "recall": 0.941972920696325
        },
        "2": {
            "labelled_normal": 195,
            "labelled_malicious": 2437,
            "recall": 0.9259118541033434
        },
        "3": {
            "labelled_normal": 129,
            "labelled_malicious": 1381,
            "recall": 0.9145695364238411
        },
        "4": {
            "labelled_normal": 230,
            "labelled_malicious": 3881,
            "recall": 0.9440525419605935
        },
        "5": {
            "labelled_normal": 0,
            "labelled_malicious": 946,
            "recall": 1.0
        },
        "6": {
            "labelled_normal": 52,
            "labelled_malicious": 356,
            "recall": 0.8725490196078431
        },
        "7": {
            "labelled_normal": 0,
            "labelled_malicious": 738,
            "recall": 1.0
        }
    }
}