{
    "TP": 11194,
    "TN": 42772,
    "FP": 256,
    "FN": 702,
    "accuracy": 0.982557716116816,
    "precision": 0.9776419213973799,
    "recall": 0.9409885675857431,
    "attack_types": {
        "0": {
            "labelled_normal": 42772,
            "labelled_malicious": 256,
            "recall": 0.994050385795296
        },
        "1": {
            "labelled_normal": 5,
            "labelled_malicious": 385,
            "recall": 0.9871794871794872
        },
        "2": {
            "labelled_normal": 59,
            "labelled_malicious": 217,
            "recall": 0.7862318840579711
        },
        "3": {
            "labelled_normal": 2,
            "labelled_malicious": 358,
            "recall": 0.9944444444444445
        },
        "4": {
            "labelled_normal": 2,
            "labelled_malicious": 366,
            "recall": 0.9945652173913043
        },
        "5": {
            "labelled_normal": 2,
            "labelled_malicious": 276,
            "recall": 0.9928057553956835
        },
        "6": {
            "labelled_normal": 65,
            "labelled_malicious": 359,
            "recall": 0.8466981132075472
        },
        "7": {
            "labelled_normal": 1,
            "labelled_malicious": 326,
            "recall": 0.9969418960244648
        },
        "8": {
            "labelled_normal": 13,
            "labelled_malicious": 347,
            "recall": 0.9638888888888889
        },
        "9": {
            "labelled_normal": 6,
            "labelled_malicious": 273,
            "recall": 0.978494623655914
        },
        "10": {
            "labelled_normal": 83,
            "labelled_malicious": 234,
            "recall": 0.7381703470031545
        },
        "11": {
            "labelled_normal": 1,
            "labelled_malicious": 348,
            "recall": 0.997134670487106
        },
        "12": {
            "labelled_normal": 2,
            "labelled_malicious": 381,
            "recall": 0.9947780678851175
        },
        "13": {
            "labelled_normal": 56,
            "labelled_malicious": 268,
            "recall": 0.8271604938271605
        },
        "14": {
            "labelled_normal": 43,
            "labelled_malicious": 278,
            "recall": 0.8660436137071651
        },
        "15": {
            "labelled_normal": 43,
            "labelled_malicious": 251,
            "recall": 0.8537414965986394
        },
        "16": {
            "labelled_normal": 0,
            "labelled_malicious": 293,
            "recall": 1.0
        },
        "17": {
            "labelled_normal": 1,
            "labelled_malicious": 277,
            "recall": 0.9964028776978417
        },
        "18": {
            "labelled_normal": 55,
            "labelled_malicious": 353,
            "recall": 0.8651960784313726
        },
        "19": {
            "labelled_normal": 0,
            "labelled_malicious": 310,
            "recall": 1.0
        },
        "20": {
            "labelled_normal": 0,
            "labelled_malicious": 141,
            "recall": 1.0
        },
        "21": {
            "labelled_normal": 0,
            "labelled_malicious": 319,
            "recall": 1.0
        },
        "22": {
            "labelled_normal": 0,
            "labelled_malicious": 317,
            "recall": 1.0
        },
        "23": {
            "labelled_normal": 0,
            "labelled_malicious": 383,
            "recall": 1.0
        },
        "24": {
            "labelled_normal": 0,
            "labelled_malicious": 214,
            "recall": 1.0
        },
        "25": {
            "labelled_normal": 13,
            "labelled_malicious": 284,
            "recall": 0.9562289562289562
        },
        "26": {
            "labelled_normal": 2,
            "labelled_malicious": 364,
            "recall": 0.994535519125683
        },
        "27": {
            "labelled_normal": 38,
            "labelled_malicious": 381,
            "recall": 0.9093078758949881
        },
        "28": {
            "labelled_normal": 23,
            "labelled_malicious": 347,
            "recall": 0.9378378378378378
        },
        "29": {
            "labelled_normal": 1,
            "labelled_malicious": 365,
            "recall": 0.9972677595628415
        },
        "30": {
            "labelled_normal": 81,
            "labelled_malicious": 330,
            "recall": 0.8029197080291971
        },
        "31": {
            "labelled_normal": 0,
            "labelled_malicious": 358,
            "recall": 1.0
        },
        "32": {
            "labelled_normal": 0,
            "labelled_malicious": 416,
            "recall": 1.0
        },
        "33": {
            "labelled_normal": 18,
            "labelled_malicious": 335,
            "recall": 0.9490084985835694
        },
        "34": {
            "labelled_normal": 23,
            "labelled_malicious": 384,
            "recall": 0.9434889434889435
        },
        "35": {
            "labelled_normal": 64,
            "labelled_malicious": 356,
            "recall": 0.8476190476190476
        }
    },
    "attack_categories": {
        "0": {
            "labelled_normal": 42772,
            "labelled_malicious": 256,
            "recall": 0.994050385795296
        },
        "1": {
            "labelled_normal": 82,
            "labelled_malicious": 1469,
            "recall": 0.9471308833010961
        },
        "2": {
            "labelled_normal": 181,
            "labelled_malicious": 2451,
            "recall": 0.9312310030395137
        },
        "3": {
            "labelled_normal": 143,
            "labelled_malicious": 1367,
            "recall": 0.9052980132450331
        },
        "4": {
            "labelled_normal": 241,
            "labelled_malicious": 3870,
            "recall": 0.9413767939674045
        },
        "5": {
            "labelled_normal": 0,
            "labelled_malicious": 946,
            "recall": 1.0
        },
        "6": {
            "labelled_normal": 55,
            "labelled_malicious": 353,
            "recall": 0.8651960784313726
        },
        "7": {
            "labelled_normal": 0,
            "labelled_malicious": 738,
            "recall": 1.0
        }
    }
}