{
    "TP": 11332,
    "TN": 42509,
    "FP": 304,
    "FN": 779,
    "accuracy": 0.9802818440026217,
    "precision": 0.9738741835682365,
    "recall": 0.9356783089753117,
    "attack_types": {
        "0": {
            "labelled_normal": 42509,
            "labelled_malicious": 304,
            "recall": 0.9928993530002569
        },
        "1": {
            "labelled_normal": 1,
            "labelled_malicious": 321,
            "recall": 0.9968944099378882
        },
        "2": {
            "labelled_normal": 63,
            "labelled_malicious": 240,
            "recall": 0.7920792079207921
        },
        "3": {
            "labelled_normal": 2,
            "labelled_malicious": 360,
            "recall": 0.994475138121547
        },
        "4": {
            "labelled_normal": 2,
            "labelled_malicious": 350,
            "recall": 0.9943181818181818
        },
        "5": {
            "labelled_normal": 0,
            "labelled_malicious": 292,
            "recall": 1.0
        },
        "6": {
            "labelled_normal": 75,
            "labelled_malicious": 331,
            "recall": 0.8152709359605911
        },
        "7": {
            "labelled_normal": 6,
            "labelled_malicious": 285,
            "recall": 0.979381443298969
        },
        "8": {
            "labelled_normal": 10,
            "labelled_malicious": 341,
            "recall": 0.9715099715099715
        },
        "9": {
            "labelled_normal": 17,
            "labelled_malicious": 230,
            "recall": 0.9311740890688259
        },
        "10": {
            "labelled_normal": 70,
            "labelled_malicious": 226,
            "recall": 0.7635135135135135
        },
        "11": {
            "labelled_normal": 3,
            "labelled_malicious": 360,
            "recall": 0.9917355371900827
        },
        "12": {
            "labelled_normal": 5,
            "labelled_malicious": 455,
            "recall": 0.9891304347826086
        },
        "13": {
            "labelled_normal": 29,
            "labelled_malicious": 330,
            "recall": 0.9192200557103064
        },
        "14": {
            "labelled_normal": 52,
            "labelled_malicious": 306,
            "recall": 0.8547486033519553
        },
        "15": {
            "labelled_normal": 64,
            "labelled_malicious": 256,
            "recall": 0.8
        },
        "16": {
            "labelled_normal": 2,
            "labelled_malicious": 358,
            "recall": 0.9944444444444445
        },
        "17": {
            "labelled_normal": 4,
            "labelled_malicious": 303,
            "recall": 0.9869706840390879
        },
        "18": {
            "labelled_normal": 37,
            "labelled_malicious": 403,
            "recall": 0.9159090909090909
        },
        "19": {
            "labelled_normal": 0,
            "labelled_malicious": 333,
            "recall": 1.0
        },
        "20": {
            "labelled_normal": 0,
            "labelled_malicious": 133,
            "recall": 1.0
        },
        "21": {
            "labelled_normal": 0,
            "labelled_malicious": 344,
            "recall": 1.0
        },
        "22": {
            "labelled_normal": 0,
            "labelled_malicious": 319,
            "recall": 1.0
        },
        "23": {
            "labelled_normal": 0,
            "labelled_malicious": 457,
            "recall": 1.0
        },
        "24": {
            "labelled_normal": 1,
            "labelled_malicious": 210,
            "recall": 0.995260663507109
        },
        "25": {
            "labelled_normal": 23,
            "labelled_malicious": 284,
            "recall": 0.9250814332247557
        },
        "26": {
            "labelled_normal": 1,
            "labelled_malicious": 342,
            "recall": 0.9970845481049563
        },
        "27": {
            "labelled_normal": 54,
            "labelled_malicious": 392,
            "recall": 0.8789237668161435
        },
        "28": {
            "labelled_normal": 22,
            "labelled_malicious": 314,
            "recall": 0.9345238095238095
        },
        "29": {
            "labelled_normal": 4,
            "labelled_malicious": 389,
            "recall": 0.989821882951654
        },
        "30": {
            "labelled_normal": 74,
            "labelled_malicious": 319,
            "recall": 0.811704834605598
        },
        "31": {
            "labelled_normal": 0,
            "labelled_malicious": 405,
            "recall": 1.0
        },
        "32": {
            "labelled_normal": 0,
            "labelled_malicious": 368,
            "recall": 1.0
        },
        "33": {
            "labelled_normal": 109,
            "labelled_malicious": 208,
            "recall": 0.6561514195583596
        },
        "34": {
            "labelled_normal": 17,
            "labelled_malicious": 363,
            "recall": 0.9552631578947368
        },
        "35": {
            "labelled_normal": 32,
            "labelled_malicious": 405,
            "recall": 0.9267734553775744
        }
    },
    "attack_categories": {
        "0": {
            "labelled_normal": 42509,
            "labelled_malicious": 304,
            "recall": 0.9928993530002569
        },
        "1": {
            "labelled_normal": 78,
            "labelled_malicious": 1481,
            "recall": 0.9499679281590764
        },
        "2": {
            "labelled_normal": 258,
            "labelled_malicious": 2308,
            "recall": 0.8994544037412315
        },
        "3": {
            "labelled_normal": 151,
            "labelled_malicious": 1553,
            "recall": 0.9113849765258216
        },
        "4": {
            "labelled_normal": 254,
            "labelled_malicious": 3791,
            "recall": 0.9372064276885044
        },
        "5": {
            "labelled_normal": 0,
            "labelled_malicious": 996,
            "recall": 1.0
        },
        "6": {
            "labelled_normal": 37,
            "labelled_malicious": 403,
            "recall": 0.9159090909090909
        },
        "7": {
            "labelled_normal": 1,
            "labelled_malicious": 800,
            "recall": 0.9987515605493134
        }
    }
}