{
    "TP": 11401,
    "TN": 42561,
    "FP": 252,
    "FN": 710,
    "accuracy": 0.9824848882091618,
    "precision": 0.9783746674676049,
    "recall": 0.9413756089505408,
    "attack_types": {
        "0": {
            "labelled_normal": 42561,
            "labelled_malicious": 252,
            "recall": 0.9941139373554762
        },
        "1": {
            "labelled_normal": 1,
            "labelled_malicious": 321,
            "recall": 0.9968944099378882
        },
        "2": {
            "labelled_normal": 65,
            "labelled_malicious": 238,
            "recall": 0.7854785478547854
        },
        "3": {
            "labelled_normal": 2,
            "labelled_malicious": 360,
            "recall": 0.994475138121547
        },
        "4": {
            "labelled_normal": 2,
            "labelled_malicious": 350,
            "recall": 0.9943181818181818
        },
        "5": {
            "labelled_normal": 0,
            "labelled_malicious": 292,
            "recall": 1.0
        },
        "6": {
            "labelled_normal": 90,
            "labelled_malicious": 316,
            "recall": 0.7783251231527094
        },
        "7": {
            "labelled_normal": 8,
            "labelled_malicious": 283,
            "recall": 0.9725085910652921
        },
        "8": {
            "labelled_normal": 11,
            "labelled_malicious": 340,
            "recall": 0.9686609686609686
        },
        "9": {
            "labelled_normal": 7,
            "labelled_malicious": 240,
            "recall": 0.97165991902834
        },
        "10": {
            "labelled_normal": 65,
            "labelled_malicious": 231,
            "recall": 0.7804054054054054
        },
        "11": {
            "labelled_normal": 5,
            "labelled_malicious": 358,
            "recall": 0.9862258953168044
        },
        "12": {
            "labelled_normal": 4,
            "labelled_malicious": 456,
            "recall": 0.991304347826087
        },
        "13": {
            "labelled_normal": 37,
            "labelled_malicious": 322,
            "recall": 0.8969359331476323
        },
        "14": {
            "labelled_normal": 51,
            "labelled_malicious": 307,
            "recall": 0.8575418994413407
        },
        "15": {
            "labelled_normal": 56,
            "labelled_malicious": 264,
            "recall": 0.825
        },
        "16": {
            "labelled_normal": 2,
            "labelled_malicious": 358,
            "recall": 0.9944444444444445
        },
        "17": {
            "labelled_normal": 0,
            "labelled_malicious": 307,
            "recall": 1.0
        },
        "18": {
            "labelled_normal": 40,
            "labelled_malicious": 400,
            "recall": 0.9090909090909091
        },
        "19": {
            "labelled_normal": 0,
            "labelled_malicious": 333,
            "recall": 1.0
        },
        "20": {
            "labelled_normal": 0,
            "labelled_malicious": 133,
            "recall": 1.0
        },
        "21": {
            "labelled_normal": 0,
            "labelled_malicious": 344,
            "recall": 1.0
        },
        "22": {
            "labelled_normal": 0,
            "labelled_malicious": 319,
            "recall": 1.0
        },
        "23": {
            "labelled_normal": 0,
            "labelled_malicious": 457,
            "recall": 1.0
        },
        "24": {
            "labelled_normal": 1,
            "labelled_malicious": 210,
            "recall": 0.995260663507109
        },
        "25": {
            "labelled_normal": 17,
            "labelled_malicious": 290,
            "recall": 0.9446254071661238
        },
        "26": {
            "labelled_normal": 0,
            "labelled_malicious": 343,
            "recall": 1.0
        },
        "27": {
            "labelled_normal": 54,
            "labelled_malicious": 392,
            "recall": 0.8789237668161435
        },
        "28": {
            "labelled_normal": 21,
            "labelled_malicious": 315,
            "recall": 0.9375
        },
        "29": {
            "labelled_normal": 4,
            "labelled_malicious": 389,
            "recall": 0.989821882951654
        },
        "30": {
            "labelled_normal": 76,
            "labelled_malicious": 317,
            "recall": 0.806615776081425
        },
        "31": {
            "labelled_normal": 1,
            "labelled_malicious": 404,
            "recall": 0.9975308641975309
        },
        "32": {
            "labelled_normal": 0,
            "labelled_malicious": 368,
            "recall": 1.0
        },
        "33": {
            "labelled_normal": 18,
            "labelled_malicious": 299,
            "recall": 0.943217665615142
        },
        "34": {
            "labelled_normal": 27,
            "labelled_malicious": 353,
            "recall": 0.9289473684210526
        },
        "35": {
            "labelled_normal": 45,
            "labelled_malicious": 392,
            "recall": 0.897025171624714
        }
    },
    "attack_categories": {
        "0": {
            "labelled_normal": 42561,
            "labelled_malicious": 252,
            "recall": 0.9941139373554762
        },
        "1": {
            "labelled_normal": 81,
            "labelled_malicious": 1478,
            "recall": 0.9480436177036562
        },
        "2": {
            "labelled_normal": 182,
            "labelled_malicious": 2384,
            "recall": 0.9290724863600935
        },
        "3": {
            "labelled_normal": 146,
            "labelled_malicious": 1558,
            "recall": 0.9143192488262911
        },
        "4": {
            "labelled_normal": 260,
            "labelled_malicious": 3785,
            "recall": 0.9357231149567367
        },
        "5": {
            "labelled_normal": 0,
            "labelled_malicious": 996,
            "recall": 1.0
        },
        "6": {
            "labelled_normal": 40,
            "labelled_malicious": 400,
            "recall": 0.9090909090909091
        },
        "7": {
            "labelled_normal": 1,
            "labelled_malicious": 800,
            "recall": 0.9987515605493134
        }
    }
}