{
    "TP": 10849,
    "TN": 42811,
    "FP": 217,
    "FN": 1047,
    "accuracy": 0.9769863811812687,
    "precision": 0.9803903849629496,
    "recall": 0.9119872225958305,
    "attack_types": {
        "0": {
            "labelled_normal": 42811,
            "labelled_malicious": 217,
            "recall": 0.9949567723342939
        },
        "1": {
            "labelled_normal": 3,
            "labelled_malicious": 387,
            "recall": 0.9923076923076923
        },
        "2": {
            "labelled_normal": 66,
            "labelled_malicious": 210,
            "recall": 0.7608695652173914
        },
        "3": {
            "labelled_normal": 2,
            "labelled_malicious": 358,
            "recall": 0.9944444444444445
        },
        "4": {
            "labelled_normal": 3,
            "labelled_malicious": 365,
            "recall": 0.9918478260869565
        },
        "5": {
            "labelled_normal": 5,
            "labelled_malicious": 273,
            "recall": 0.9820143884892086
        },
        "6": {
            "labelled_normal": 67,
            "labelled_malicious": 357,
            "recall": 0.8419811320754716
        },
        "7": {
            "labelled_normal": 1,
            "labelled_malicious": 326,
            "recall": 0.9969418960244648
        },
        "8": {
            "labelled_normal": 12,
            "labelled_malicious": 348,
            "recall": 0.9666666666666667
        },
        "9": {
            "labelled_normal": 6,
            "labelled_malicious": 273,
            "recall": 0.978494623655914
        },
        "10": {
            "labelled_normal": 109,
            "labelled_malicious": 208,
            "recall": 0.6561514195583596
        },
        "11": {
            "labelled_normal": 5,
            "labelled_malicious": 344,
            "recall": 0.9856733524355301
        },
        "12": {
            "labelled_normal": 2,
            "labelled_malicious": 381,
            "recall": 0.9947780678851175
        },
        "13": {
            "labelled_normal": 51,
            "labelled_malicious": 273,
            "recall": 0.8425925925925926
        },
        "14": {
            "labelled_normal": 65,
            "labelled_malicious": 256,
            "recall": 0.7975077881619937
        },
        "15": {
            "labelled_normal": 36,
            "labelled_malicious": 258,
            "recall": 0.8775510204081632
        },
        "16": {
            "labelled_normal": 0,
            "labelled_malicious": 293,
            "recall": 1.0
        },
        "17": {
            "labelled_normal": 4,
            "labelled_malicious": 274,
            "recall": 0.9856115107913669
        },
        "18": {
            "labelled_normal": 60,
            "labelled_malicious": 348,
            "recall": 0.8529411764705882
        },
        "19": {
            "labelled_normal": 0,
            "labelled_malicious": 310,
            "recall": 1.0
        },
        "20": {
            "labelled_normal": 0,
            "labelled_malicious": 141,
            "recall": 1.0
        },
        "21": {
            "labelled_normal": 0,
            "labelled_malicious": 319,
            "recall": 1.0
        },
        "22": {
            "labelled_normal": 0,
            "labelled_malicious": 317,
            "recall": 1.0
        },
        "23": {
            "labelled_normal": 0,
            "labelled_malicious": 383,
            "recall": 1.0
        },
        "24": {
            "labelled_normal": 1,
            "labelled_malicious": 213,
            "recall": 0.9953271028037384
        },
        "25": {
            "labelled_normal": 12,
            "labelled_malicious": 285,
            "recall": 0.9595959595959596
        },
        "26": {
            "labelled_normal": 3,
            "labelled_malicious": 363,
            "recall": 0.9918032786885246
        },
        "27": {
            "labelled_normal": 43,
            "labelled_malicious": 376,
            "recall": 0.8973747016706444
        },
        "28": {
            "labelled_normal": 25,
            "labelled_malicious": 345,
            "recall": 0.9324324324324325
        },
        "29": {
            "labelled_normal": 1,
            "labelled_malicious": 365,
            "recall": 0.9972677595628415
        },
        "30": {
            "labelled_normal": 88,
            "labelled_malicious": 323,
            "recall": 0.7858880778588808
        },
        "31": {
            "labelled_normal": 0,
            "labelled_malicious": 358,
            "recall": 1.0
        },
        "32": {
            "labelled_normal": 0,
            "labelled_malicious": 416,
            "recall": 1.0
        },
        "33": {
            "labelled_normal": 16,
            "labelled_malicious": 337,
            "recall": 0.9546742209631728
        },
        "34": {
            "labelled_normal": 29,
            "labelled_malicious": 378,
            "recall": 0.9287469287469288
        },
        "35": {
            "labelled_normal": 332,
            "labelled_malicious": 88,
            "recall": 0.20952380952380953
        }
    },
    "attack_categories": {
        "0": {
            "labelled_normal": 42811,
            "labelled_malicious": 217,
            "recall": 0.9949567723342939
        },
        "1": {
            "labelled_normal": 89,
            "labelled_malicious": 1462,
            "recall": 0.9426176660219213
        },
        "2": {
            "labelled_normal": 460,
            "labelled_malicious": 2172,
            "recall": 0.8252279635258358
        },
        "3": {
            "labelled_normal": 156,
            "labelled_malicious": 1354,
            "recall": 0.8966887417218543
        },
        "4": {
            "labelled_normal": 281,
            "labelled_malicious": 3830,
            "recall": 0.9316468012648991
        },
        "5": {
            "labelled_normal": 0,
            "labelled_malicious": 946,
            "recall": 1.0
        },
        "6": {
            "labelled_normal": 60,
            "labelled_malicious": 348,
            "recall": 0.8529411764705882
        },
        "7": {
            "labelled_normal": 1,
            "labelled_malicious": 737,
            "recall": 0.9986449864498645
        }
    }
}