{
    "TP": 11096,
    "TN": 42785,
    "FP": 243,
    "FN": 800,
    "accuracy": 0.9810101230791639,
    "precision": 0.9785695387600317,
    "recall": 0.9327505043712172,
    "attack_types": {
        "0": {
            "labelled_normal": 42785,
            "labelled_malicious": 243,
            "recall": 0.9943525146416287
        },
        "1": {
            "labelled_normal": 81,
            "labelled_malicious": 309,
            "recall": 0.7923076923076923
        },
        "2": {
            "labelled_normal": 65,
            "labelled_malicious": 211,
            "recall": 0.7644927536231884
        },
        "3": {
            "labelled_normal": 2,
            "labelled_malicious": 358,
            "recall": 0.9944444444444445
        },
        "4": {
            "labelled_normal": 2,
            "labelled_malicious": 366,
            "recall": 0.9945652173913043
        },
        "5": {
            "labelled_normal": 3,
            "labelled_malicious": 275,
            "recall": 0.9892086330935251
        },
        "6": {
            "labelled_normal": 61,
            "labelled_malicious": 363,
            "recall": 0.8561320754716981
        },
        "7": {
            "labelled_normal": 0,
            "labelled_malicious": 327,
            "recall": 1.0
        },
        "8": {
            "labelled_normal": 10,
            "labelled_malicious": 350,
            "recall": 0.9722222222222222
        },
        "9": {
            "labelled_normal": 2,
            "labelled_malicious": 277,
            "recall": 0.992831541218638
        },
        "10": {
            "labelled_normal": 82,
            "labelled_malicious": 235,
            "recall": 0.7413249211356467
        },
        "11": {
            "labelled_normal": 3,
            "labelled_malicious": 346,
            "recall": 0.9914040114613181
        },
        "12": {
            "labelled_normal": 2,
            "labelled_malicious": 381,
            "recall": 0.9947780678851175
        },
        "13": {
            "labelled_normal": 58,
            "labelled_malicious": 266,
            "recall": 0.8209876543209876
        },
        "14": {
            "labelled_normal": 45,
            "labelled_malicious": 276,
            "recall": 0.8598130841121495
        },
        "15": {
            "labelled_normal": 35,
            "labelled_malicious": 259,
            "recall": 0.8809523809523809
        },
        "16": {
            "labelled_normal": 0,
            "labelled_malicious": 293,
            "recall": 1.0
        },
        "17": {
            "labelled_normal": 1,
            "labelled_malicious": 277,
            "recall": 0.9964028776978417
        },
        "18": {
            "labelled_normal": 63,
            "labelled_malicious": 345,
            "recall": 0.8455882352941176
        },
        "19": {
            "labelled_normal": 0,
            "labelled_malicious": 310,
            "recall": 1.0
        },
        "20": {
            "labelled_normal": 0,
            "labelled_malicious": 141,
            "recall": 1.0
        },
        "21": {
            "labelled_normal": 0,
            "labelled_malicious": 319,
            "recall": 1.0
        },
        "22": {
            "labelled_normal": 0,
            "labelled_malicious": 317,
            "recall": 1.0
        },
        "23": {
            "labelled_normal": 0,
            "labelled_malicious": 383,
            "recall": 1.0
        },
        "24": {
            "labelled_normal": 0,
            "labelled_malicious": 214,
            "recall": 1.0
        },
        "25": {
            "labelled_normal": 15,
            "labelled_malicious": 282,
            "recall": 0.9494949494949495
        },
        "26": {
            "labelled_normal": 5,
            "labelled_malicious": 361,
            "recall": 0.9863387978142076
        },
        "27": {
            "labelled_normal": 49,
            "labelled_malicious": 370,
            "recall": 0.883054892601432
        },
        "28": {
            "labelled_normal": 24,
            "labelled_malicious": 346,
            "recall": 0.9351351351351351
        },
        "29": {
            "labelled_normal": 2,
            "labelled_malicious": 364,
            "recall": 0.994535519125683
        },
        "30": {
            "labelled_normal": 83,
            "labelled_malicious": 328,
            "recall": 0.7980535279805353
        },
        "31": {
            "labelled_normal": 0,
            "labelled_malicious": 358,
            "recall": 1.0
        },
        "32": {
            "labelled_normal": 0,
            "labelled_malicious": 416,
            "recall": 1.0
        },
        "33": {
            "labelled_normal": 15,
            "labelled_malicious": 338,
            "recall": 0.9575070821529745
        },
        "34": {
            "labelled_normal": 37,
            "labelled_malicious": 370,
            "recall": 0.9090909090909091
        },
        "35": {
            "labelled_normal": 55,
            "labelled_malicious": 365,
            "recall": 0.8690476190476191
        }
    },
    "attack_categories": {
        "0": {
            "labelled_normal": 42785,
            "labelled_malicious": 243,
            "recall": 0.9943525146416287
        },
        "1": {
            "labelled_normal": 85,
            "labelled_malicious": 1466,
            "recall": 0.9451966473243069
        },
        "2": {
            "labelled_normal": 200,
            "labelled_malicious": 2432,
            "recall": 0.9240121580547113
        },
        "3": {
            "labelled_normal": 139,
            "labelled_malicious": 1371,
            "recall": 0.9079470198675497
        },
        "4": {
            "labelled_normal": 313,
            "labelled_malicious": 3798,
            "recall": 0.9238628071028947
        },
        "5": {
            "labelled_normal": 0,
            "labelled_malicious": 946,
            "recall": 1.0
        },
        "6": {
            "labelled_normal": 63,
            "labelled_malicious": 345,
            "recall": 0.8455882352941176
        },
        "7": {
            "labelled_normal": 0,
            "labelled_malicious": 738,
            "recall": 1.0
        }
    }
}