{
    "TP": 11107,
    "TN": 42799,
    "FP": 229,
    "FN": 789,
    "accuracy": 0.9814652975020027,
    "precision": 0.9797988708539167,
    "recall": 0.933675184936113,
    "attack_types": {
        "0": {
            "labelled_normal": 42799,
            "labelled_malicious": 229,
            "recall": 0.9946778841684485
        },
        "1": {
            "labelled_normal": 1,
            "labelled_malicious": 389,
            "recall": 0.9974358974358974
        },
        "2": {
            "labelled_normal": 128,
            "labelled_malicious": 148,
            "recall": 0.5362318840579711
        },
        "3": {
            "labelled_normal": 1,
            "labelled_malicious": 359,
            "recall": 0.9972222222222222
        },
        "4": {
            "labelled_normal": 2,
            "labelled_malicious": 366,
            "recall": 0.9945652173913043
        },
        "5": {
            "labelled_normal": 2,
            "labelled_malicious": 276,
            "recall": 0.9928057553956835
        },
        "6": {
            "labelled_normal": 65,
            "labelled_malicious": 359,
            "recall": 0.8466981132075472
        },
        "7": {
            "labelled_normal": 0,
            "labelled_malicious": 327,
            "recall": 1.0
        },
        "8": {
            "labelled_normal": 13,
            "labelled_malicious": 347,
            "recall": 0.9638888888888889
        },
        "9": {
            "labelled_normal": 8,
            "labelled_malicious": 271,
            "recall": 0.9713261648745519
        },
        "10": {
            "labelled_normal": 84,
            "labelled_malicious": 233,
            "recall": 0.7350157728706624
        },
        "11": {
            "labelled_normal": 3,
            "labelled_malicious": 346,
            "recall": 0.9914040114613181
        },
        "12": {
            "labelled_normal": 4,
            "labelled_malicious": 379,
            "recall": 0.9895561357702349
        },
        "13": {
            "labelled_normal": 43,
            "labelled_malicious": 281,
            "recall": 0.8672839506172839
        },
        "14": {
            "labelled_normal": 47,
            "labelled_malicious": 274,
            "recall": 0.8535825545171339
        },
        "15": {
            "labelled_normal": 39,
            "labelled_malicious": 255,
            "recall": 0.8673469387755102
        },
        "16": {
            "labelled_normal": 0,
            "labelled_malicious": 293,
            "recall": 1.0
        },
        "17": {
            "labelled_normal": 1,
            "labelled_malicious": 277,
            "recall": 0.9964028776978417
        },
        "18": {
            "labelled_normal": 53,
            "labelled_malicious": 355,
            "recall": 0.8700980392156863
        },
        "19": {
            "labelled_normal": 0,
            "labelled_malicious": 310,
            "recall": 1.0
        },
        "20": {
            "labelled_normal": 0,
            "labelled_malicious": 141,
            "recall": 1.0
        },
        "21": {
            "labelled_normal": 0,
            "labelled_malicious": 319,
            "recall": 1.0
        },
        "22": {
            "labelled_normal": 0,
            "labelled_malicious": 317,
            "recall": 1.0
        },
        "23": {
            "labelled_normal": 0,
            "labelled_malicious": 383,
            "recall": 1.0
        },
        "24": {
            "labelled_normal": 0,
            "labelled_malicious": 214,
            "recall": 1.0
        },
        "25": {
            "labelled_normal": 17,
            "labelled_malicious": 280,
            "recall": 0.9427609427609428
        },
        "26": {
            "labelled_normal": 2,
            "labelled_malicious": 364,
            "recall": 0.994535519125683
        },
        "27": {
            "labelled_normal": 63,
            "labelled_malicious": 356,
            "recall": 0.8496420047732697
        },
        "28": {
            "labelled_normal": 22,
            "labelled_malicious": 348,
            "recall": 0.9405405405405406
        },
        "29": {
            "labelled_normal": 2,
            "labelled_malicious": 364,
            "recall": 0.994535519125683
        },
        "30": {
            "labelled_normal": 84,
            "labelled_malicious": 327,
            "recall": 0.7956204379562044
        },
        "31": {
            "labelled_normal": 0,
            "labelled_malicious": 358,
            "recall": 1.0
        },
        "32": {
            "labelled_normal": 0,
            "labelled_malicious": 416,
            "recall": 1.0
        },
        "33": {
            "labelled_normal": 16,
            "labelled_malicious": 337,
            "recall": 0.9546742209631728
        },
        "34": {
            "labelled_normal": 27,
            "labelled_malicious": 380,
            "recall": 0.9336609336609336
        },
        "35": {
            "labelled_normal": 62,
            "labelled_malicious": 358,
            "recall": 0.8523809523809524
        }
    },
    "attack_categories": {
        "0": {
            "labelled_normal": 42799,
            "labelled_malicious": 229,
            "recall": 0.9946778841684485
        },
        "1": {
            "labelled_normal": 86,
            "labelled_malicious": 1465,
            "recall": 0.9445519019987105
        },
        "2": {
            "labelled_normal": 209,
            "labelled_malicious": 2423,
            "recall": 0.9205927051671733
        },
        "3": {
            "labelled_normal": 130,
            "labelled_malicious": 1380,
            "recall": 0.9139072847682119
        },
        "4": {
            "labelled_normal": 311,
            "labelled_malicious": 3800,
            "recall": 0.92434930673802
        },
        "5": {
            "labelled_normal": 0,
            "labelled_malicious": 946,
            "recall": 1.0
        },
        "6": {
            "labelled_normal": 53,
            "labelled_malicious": 355,
            "recall": 0.8700980392156863
        },
        "7": {
            "labelled_normal": 0,
            "labelled_malicious": 738,
            "recall": 1.0
        }
    }
}