{
    "TP": 11034,
    "TN": 42389,
    "FP": 451,
    "FN": 1050,
    "accuracy": 0.9726713276527565,
    "precision": 0.9607313887679582,
    "recall": 0.9131082423038729,
    "attack_types": {
        "0": {
            "labelled_normal": 42389,
            "labelled_malicious": 451,
            "recall": 0.9894724556489263
        },
        "1": {
            "labelled_normal": 13,
            "labelled_malicious": 371,
            "recall": 0.9661458333333334
        },
        "2": {
            "labelled_normal": 100,
            "labelled_malicious": 206,
            "recall": 0.673202614379085
        },
        "3": {
            "labelled_normal": 1,
            "labelled_malicious": 345,
            "recall": 0.9971098265895953
        },
        "4": {
            "labelled_normal": 5,
            "labelled_malicious": 420,
            "recall": 0.9882352941176471
        },
        "5": {
            "labelled_normal": 3,
            "labelled_malicious": 290,
            "recall": 0.9897610921501706
        },
        "6": {
            "labelled_normal": 50,
            "labelled_malicious": 330,
            "recall": 0.868421052631579
        },
        "7": {
            "labelled_normal": 1,
            "labelled_malicious": 295,
            "recall": 0.9966216216216216
        },
        "8": {
            "labelled_normal": 10,
            "labelled_malicious": 359,
            "recall": 0.9728997289972899
        },
        "9": {
            "labelled_normal": 13,
            "labelled_malicious": 295,
            "recall": 0.9577922077922078
        },
        "10": {
            "labelled_normal": 59,
            "labelled_malicious": 217,
            "recall": 0.7862318840579711
        },
        "11": {
            "labelled_normal": 0,
            "labelled_malicious": 397,
            "recall": 1.0
        },
        "12": {
            "labelled_normal": 3,
            "labelled_malicious": 377,
            "recall": 0.9921052631578947
        },
        "13": {
            "labelled_normal": 52,
            "labelled_malicious": 262,
            "recall": 0.8343949044585988
        },
        "14": {
            "labelled_normal": 57,
            "labelled_malicious": 255,
            "recall": 0.8173076923076923
        },
        "15": {
            "labelled_normal": 71,
            "labelled_malicious": 241,
            "recall": 0.7724358974358975
        },
        "16": {
            "labelled_normal": 7,
            "labelled_malicious": 329,
            "recall": 0.9791666666666666
        },
        "17": {
            "labelled_normal": 1,
            "labelled_malicious": 282,
            "recall": 0.9964664310954063
        },
        "18": {
            "labelled_normal": 40,
            "labelled_malicious": 388,
            "recall": 0.9065420560747663
        },
        "19": {
            "labelled_normal": 0,
            "labelled_malicious": 340,
            "recall": 1.0
        },
        "20": {
            "labelled_normal": 1,
            "labelled_malicious": 120,
            "recall": 0.9917355371900827
        },
        "21": {
            "labelled_normal": 0,
            "labelled_malicious": 364,
            "recall": 1.0
        },
        "22": {
            "labelled_normal": 0,
            "labelled_malicious": 293,
            "recall": 1.0
        },
        "23": {
            "labelled_normal": 0,
            "labelled_malicious": 424,
            "recall": 1.0
        },
        "24": {
            "labelled_normal": 1,
            "labelled_malicious": 255,
            "recall": 0.99609375
        },
        "25": {
            "labelled_normal": 23,
            "labelled_malicious": 272,
            "recall": 0.9220338983050848
        },
        "26": {
            "labelled_normal": 3,
            "labelled_malicious": 327,
            "recall": 0.990909090909091
        },
        "27": {
            "labelled_normal": 44,
            "labelled_malicious": 357,
            "recall": 0.8902743142144638
        },
        "28": {
            "labelled_normal": 32,
            "labelled_malicious": 374,
            "recall": 0.9211822660098522
        },
        "29": {
            "labelled_normal": 2,
            "labelled_malicious": 355,
            "recall": 0.9943977591036415
        },
        "30": {
            "labelled_normal": 359,
            "labelled_malicious": 87,
            "recall": 0.19506726457399104
        },
        "31": {
            "labelled_normal": 2,
            "labelled_malicious": 394,
            "recall": 0.9949494949494949
        },
        "32": {
            "labelled_normal": 2,
            "labelled_malicious": 367,
            "recall": 0.994579945799458
        },
        "33": {
            "labelled_normal": 12,
            "labelled_malicious": 294,
            "recall": 0.9607843137254902
        },
        "34": {
            "labelled_normal": 29,
            "labelled_malicious": 375,
            "recall": 0.9282178217821783
        },
        "35": {
            "labelled_normal": 54,
            "labelled_malicious": 377,
            "recall": 0.8747099767981439
        }
    },
    "attack_categories": {
        "0": {
            "labelled_normal": 42389,
            "labelled_malicious": 451,
            "recall": 0.9894724556489263
        },
        "1": {
            "labelled_normal": 365,
            "labelled_malicious": 1203,
            "recall": 0.767219387755102
        },
        "2": {
            "labelled_normal": 197,
            "labelled_malicious": 2376,
            "recall": 0.9234356781966576
        },
        "3": {
            "labelled_normal": 188,
            "labelled_malicious": 1369,
            "recall": 0.8792549775208734
        },
        "4": {
            "labelled_normal": 258,
            "labelled_malicious": 3902,
            "recall": 0.9379807692307692
        },
        "5": {
            "labelled_normal": 0,
            "labelled_malicious": 997,
            "recall": 1.0
        },
        "6": {
            "labelled_normal": 40,
            "labelled_malicious": 388,
            "recall": 0.9065420560747663
        },
        "7": {
            "labelled_normal": 2,
            "labelled_malicious": 799,
            "recall": 0.9975031210986267
        }
    }
}