{
    "TP": 11171,
    "TN": 42597,
    "FP": 268,
    "FN": 888,
    "accuracy": 0.9789527346879324,
    "precision": 0.9765713786170119,
    "recall": 0.9263620532382453,
    "attack_types": {
        "0": {
            "labelled_normal": 42597,
            "labelled_malicious": 268,
            "recall": 0.9937478129009681
        },
        "1": {
            "labelled_normal": 2,
            "labelled_malicious": 376,
            "recall": 0.9947089947089947
        },
        "2": {
            "labelled_normal": 69,
            "labelled_malicious": 222,
            "recall": 0.7628865979381443
        },
        "3": {
            "labelled_normal": 1,
            "labelled_malicious": 294,
            "recall": 0.9966101694915255
        },
        "4": {
            "labelled_normal": 1,
            "labelled_malicious": 412,
            "recall": 0.9975786924939467
        },
        "5": {
            "labelled_normal": 3,
            "labelled_malicious": 271,
            "recall": 0.9890510948905109
        },
        "6": {
            "labelled_normal": 68,
            "labelled_malicious": 350,
            "recall": 0.8373205741626795
        },
        "7": {
            "labelled_normal": 0,
            "labelled_malicious": 305,
            "recall": 1.0
        },
        "8": {
            "labelled_normal": 11,
            "labelled_malicious": 339,
            "recall": 0.9685714285714285
        },
        "9": {
            "labelled_normal": 4,
            "labelled_malicious": 296,
            "recall": 0.9866666666666667
        },
        "10": {
            "labelled_normal": 60,
            "labelled_malicious": 226,
            "recall": 0.7902097902097902
        },
        "11": {
            "labelled_normal": 209,
            "labelled_malicious": 128,
            "recall": 0.3798219584569733
        },
        "12": {
            "labelled_normal": 3,
            "labelled_malicious": 450,
            "recall": 0.9933774834437086
        },
        "13": {
            "labelled_normal": 51,
            "labelled_malicious": 268,
            "recall": 0.8401253918495298
        },
        "14": {
            "labelled_normal": 46,
            "labelled_malicious": 295,
            "recall": 0.8651026392961877
        },
        "15": {
            "labelled_normal": 54,
            "labelled_malicious": 283,
            "recall": 0.8397626112759644
        },
        "16": {
            "labelled_normal": 2,
            "labelled_malicious": 339,
            "recall": 0.9941348973607038
        },
        "17": {
            "labelled_normal": 4,
            "labelled_malicious": 271,
            "recall": 0.9854545454545455
        },
        "18": {
            "labelled_normal": 39,
            "labelled_malicious": 414,
            "recall": 0.9139072847682119
        },
        "19": {
            "labelled_normal": 0,
            "labelled_malicious": 316,
            "recall": 1.0
        },
        "20": {
            "labelled_normal": 0,
            "labelled_malicious": 145,
            "recall": 1.0
        },
        "21": {
            "labelled_normal": 0,
            "labelled_malicious": 336,
            "recall": 1.0
        },
        "22": {
            "labelled_normal": 0,
            "labelled_malicious": 274,
            "recall": 1.0
        },
        "23": {
            "labelled_normal": 0,
            "labelled_malicious": 453,
            "recall": 1.0
        },
        "24": {
            "labelled_normal": 1,
            "labelled_malicious": 237,
            "recall": 0.9957983193277311
        },
        "25": {
            "labelled_normal": 12,
            "labelled_malicious": 260,
            "recall": 0.9558823529411765
        },
        "26": {
            "labelled_normal": 5,
            "labelled_malicious": 391,
            "recall": 0.9873737373737373
        },
        "27": {
            "labelled_normal": 48,
            "labelled_malicious": 360,
            "recall": 0.8823529411764706
        },
        "28": {
            "labelled_normal": 14,
            "labelled_malicious": 350,
            "recall": 0.9615384615384616
        },
        "29": {
            "labelled_normal": 0,
            "labelled_malicious": 365,
            "recall": 1.0
        },
        "30": {
            "labelled_normal": 75,
            "labelled_malicious": 356,
            "recall": 0.8259860788863109
        },
        "31": {
            "labelled_normal": 0,
            "labelled_malicious": 354,
            "recall": 1.0
        },
        "32": {
            "labelled_normal": 0,
            "labelled_malicious": 386,
            "recall": 1.0
        },
        "33": {
            "labelled_normal": 21,
            "labelled_malicious": 287,
            "recall": 0.9318181818181818
        },
        "34": {
            "labelled_normal": 31,
            "labelled_malicious": 383,
            "recall": 0.9251207729468599
        },
        "35": {
            "labelled_normal": 54,
            "labelled_malicious": 379,
            "recall": 0.8752886836027713
        }
    },
    "attack_categories": {
        "0": {
            "labelled_normal": 42597,
            "labelled_malicious": 268,
            "recall": 0.9937478129009681
        },
        "1": {
            "labelled_normal": 75,
            "labelled_malicious": 1461,
            "recall": 0.951171875
        },
        "2": {
            "labelled_normal": 185,
            "labelled_malicious": 2410,
            "recall": 0.928709055876686
        },
        "3": {
            "labelled_normal": 157,
            "labelled_malicious": 1456,
            "recall": 0.902665840049597
        },
        "4": {
            "labelled_normal": 431,
            "labelled_malicious": 3669,
            "recall": 0.8948780487804878
        },
        "5": {
            "labelled_normal": 0,
            "labelled_malicious": 926,
            "recall": 1.0
        },
        "6": {
            "labelled_normal": 39,
            "labelled_malicious": 414,
            "recall": 0.9139072847682119
        },
        "7": {
            "labelled_normal": 1,
            "labelled_malicious": 835,
            "recall": 0.9988038277511961
        }
    }
}