{
    "TP": 11016,
    "TN": 42435,
    "FP": 430,
    "FN": 1043,
    "accuracy": 0.9731811230063361,
    "precision": 0.9624322907565962,
    "recall": 0.9135085828012273,
    "attack_types": {
        "0": {
            "labelled_normal": 42435,
            "labelled_malicious": 430,
            "recall": 0.9899685057739415
        },
        "1": {
            "labelled_normal": 4,
            "labelled_malicious": 374,
            "recall": 0.9894179894179894
        },
        "2": {
            "labelled_normal": 82,
            "labelled_malicious": 209,
            "recall": 0.718213058419244
        },
        "3": {
            "labelled_normal": 2,
            "labelled_malicious": 293,
            "recall": 0.9932203389830508
        },
        "4": {
            "labelled_normal": 1,
            "labelled_malicious": 412,
            "recall": 0.9975786924939467
        },
        "5": {
            "labelled_normal": 3,
            "labelled_malicious": 271,
            "recall": 0.9890510948905109
        },
        "6": {
            "labelled_normal": 73,
            "labelled_malicious": 345,
            "recall": 0.8253588516746412
        },
        "7": {
            "labelled_normal": 6,
            "labelled_malicious": 299,
            "recall": 0.980327868852459
        },
        "8": {
            "labelled_normal": 12,
            "labelled_malicious": 338,
            "recall": 0.9657142857142857
        },
        "9": {
            "labelled_normal": 21,
            "labelled_malicious": 279,
            "recall": 0.93
        },
        "10": {
            "labelled_normal": 78,
            "labelled_malicious": 208,
            "recall": 0.7272727272727273
        },
        "11": {
            "labelled_normal": 2,
            "labelled_malicious": 335,
            "recall": 0.9940652818991098
        },
        "12": {
            "labelled_normal": 3,
            "labelled_malicious": 450,
            "recall": 0.9933774834437086
        },
        "13": {
            "labelled_normal": 68,
            "labelled_malicious": 251,
            "recall": 0.786833855799373
        },
        "14": {
            "labelled_normal": 63,
            "labelled_malicious": 278,
            "recall": 0.8152492668621701
        },
        "15": {
            "labelled_normal": 66,
            "labelled_malicious": 271,
            "recall": 0.8041543026706232
        },
        "16": {
            "labelled_normal": 7,
            "labelled_malicious": 334,
            "recall": 0.9794721407624634
        },
        "17": {
            "labelled_normal": 3,
            "labelled_malicious": 272,
            "recall": 0.9890909090909091
        },
        "18": {
            "labelled_normal": 39,
            "labelled_malicious": 414,
            "recall": 0.9139072847682119
        },
        "19": {
            "labelled_normal": 0,
            "labelled_malicious": 316,
            "recall": 1.0
        },
        "20": {
            "labelled_normal": 2,
            "labelled_malicious": 143,
            "recall": 0.9862068965517241
        },
        "21": {
            "labelled_normal": 0,
            "labelled_malicious": 336,
            "recall": 1.0
        },
        "22": {
            "labelled_normal": 0,
            "labelled_malicious": 274,
            "recall": 1.0
        },
        "23": {
            "labelled_normal": 0,
            "labelled_malicious": 453,
            "recall": 1.0
        },
        "24": {
            "labelled_normal": 2,
            "labelled_malicious": 236,
            "recall": 0.9915966386554622
        },
        "25": {
            "labelled_normal": 13,
            "labelled_malicious": 259,
            "recall": 0.9522058823529411
        },
        "26": {
            "labelled_normal": 2,
            "labelled_malicious": 394,
            "recall": 0.9949494949494949
        },
        "27": {
            "labelled_normal": 46,
            "labelled_malicious": 362,
            "recall": 0.8872549019607843
        },
        "28": {
            "labelled_normal": 19,
            "labelled_malicious": 345,
            "recall": 0.9478021978021978
        },
        "29": {
            "labelled_normal": 0,
            "labelled_malicious": 365,
            "recall": 1.0
        },
        "30": {
            "labelled_normal": 342,
            "labelled_malicious": 89,
            "recall": 0.20649651972157773
        },
        "31": {
            "labelled_normal": 1,
            "labelled_malicious": 353,
            "recall": 0.9971751412429378
        },
        "32": {
            "labelled_normal": 1,
            "labelled_malicious": 385,
            "recall": 0.9974093264248705
        },
        "33": {
            "labelled_normal": 11,
            "labelled_malicious": 297,
            "recall": 0.9642857142857143
        },
        "34": {
            "labelled_normal": 17,
            "labelled_malicious": 397,
            "recall": 0.9589371980676329
        },
        "35": {
            "labelled_normal": 54,
            "labelled_malicious": 379,
            "recall": 0.8752886836027713
        }
    },
    "attack_categories": {
        "0": {
            "labelled_normal": 42435,
            "labelled_malicious": 430,
            "recall": 0.9899685057739415
        },
        "1": {
            "labelled_normal": 344,
            "labelled_malicious": 1192,
            "recall": 0.7760416666666666
        },
        "2": {
            "labelled_normal": 162,
            "labelled_malicious": 2433,
            "recall": 0.9375722543352601
        },
        "3": {
            "labelled_normal": 207,
            "labelled_malicious": 1406,
            "recall": 0.8716676999380037
        },
        "4": {
            "labelled_normal": 287,
            "labelled_malicious": 3813,
            "recall": 0.93
        },
        "5": {
            "labelled_normal": 0,
            "labelled_malicious": 926,
            "recall": 1.0
        },
        "6": {
            "labelled_normal": 39,
            "labelled_malicious": 414,
            "recall": 0.9139072847682119
        },
        "7": {
            "labelled_normal": 4,
            "labelled_malicious": 832,
            "recall": 0.9952153110047847
        }
    }
}