{
    "TP": 11194,
    "TN": 42750,
    "FP": 278,
    "FN": 702,
    "accuracy": 0.9821571626247177,
    "precision": 0.9757670850767085,
    "recall": 0.9409885675857431,
    "attack_types": {
        "0": {
            "labelled_normal": 42750,
            "labelled_malicious": 278,
            "recall": 0.9935390908245794
        },
        "1": {
            "labelled_normal": 1,
            "labelled_malicious": 389,
            "recall": 0.9974358974358974
        },
        "2": {
            "labelled_normal": 51,
            "labelled_malicious": 225,
            "recall": 0.8152173913043478
        },
        "3": {
            "labelled_normal": 2,
            "labelled_malicious": 358,
            "recall": 0.9944444444444445
        },
        "4": {
            "labelled_normal": 2,
            "labelled_malicious": 366,
            "recall": 0.9945652173913043
        },
        "5": {
            "labelled_normal": 6,
            "labelled_malicious": 272,
            "recall": 0.9784172661870504
        },
        "6": {
            "labelled_normal": 60,
            "labelled_malicious": 364,
            "recall": 0.8584905660377359
        },
        "7": {
            "labelled_normal": 1,
            "labelled_malicious": 326,
            "recall": 0.9969418960244648
        },
        "8": {
            "labelled_normal": 14,
            "labelled_malicious": 346,
            "recall": 0.9611111111111111
        },
        "9": {
            "labelled_normal": 5,
            "labelled_malicious": 274,
            "recall": 0.982078853046595
        },
        "10": {
            "labelled_normal": 77,
            "labelled_malicious": 240,
            "recall": 0.7570977917981072
        },
        "11": {
            "labelled_normal": 4,
            "labelled_malicious": 345,
            "recall": 0.9885386819484241
        },
        "12": {
            "labelled_normal": 2,
            "labelled_malicious": 381,
            "recall": 0.9947780678851175
        },
        "13": {
            "labelled_normal": 61,
            "labelled_malicious": 263,
            "recall": 0.8117283950617284
        },
        "14": {
            "labelled_normal": 40,
            "labelled_malicious": 281,
            "recall": 0.8753894080996885
        },
        "15": {
            "labelled_normal": 49,
            "labelled_malicious": 245,
            "recall": 0.8333333333333334
        },
        "16": {
            "labelled_normal": 6,
            "labelled_malicious": 287,
            "recall": 0.9795221843003413
        },
        "17": {
            "labelled_normal": 1,
            "labelled_malicious": 277,
            "recall": 0.9964028776978417
        },
        "18": {
            "labelled_normal": 58,
            "labelled_malicious": 350,
            "recall": 0.8578431372549019
        },
        "19": {
            "labelled_normal": 0,
            "labelled_malicious": 310,
            "recall": 1.0
        },
        "20": {
            "labelled_normal": 0,
            "labelled_malicious": 141,
            "recall": 1.0
        },
        "21": {
            "labelled_normal": 0,
            "labelled_malicious": 319,
            "recall": 1.0
        },
        "22": {
            "labelled_normal": 0,
            "labelled_malicious": 317,
            "recall": 1.0
        },
        "23": {
            "labelled_normal": 0,
            "labelled_malicious": 383,
            "recall": 1.0
        },
        "24": {
            "labelled_normal": 1,
            "labelled_malicious": 213,
            "recall": 0.9953271028037384
        },
        "25": {
            "labelled_normal": 14,
            "labelled_malicious": 283,
            "recall": 0.9528619528619529
        },
        "26": {
            "labelled_normal": 3,
            "labelled_malicious": 363,
            "recall": 0.9918032786885246
        },
        "27": {
            "labelled_normal": 44,
            "labelled_malicious": 375,
            "recall": 0.8949880668257757
        },
        "28": {
            "labelled_normal": 23,
            "labelled_malicious": 347,
            "recall": 0.9378378378378378
        },
        "29": {
            "labelled_normal": 1,
            "labelled_malicious": 365,
            "recall": 0.9972677595628415
        },
        "30": {
            "labelled_normal": 76,
            "labelled_malicious": 335,
            "recall": 0.8150851581508516
        },
        "31": {
            "labelled_normal": 0,
            "labelled_malicious": 358,
            "recall": 1.0
        },
        "32": {
            "labelled_normal": 0,
            "labelled_malicious": 416,
            "recall": 1.0
        },
        "33": {
            "labelled_normal": 13,
            "labelled_malicious": 340,
            "recall": 0.9631728045325779
        },
        "34": {
            "labelled_normal": 18,
            "labelled_malicious": 389,
            "recall": 0.9557739557739557
        },
        "35": {
            "labelled_normal": 69,
            "labelled_malicious": 351,
            "recall": 0.8357142857142857
        }
    },
    "attack_categories": {
        "0": {
            "labelled_normal": 42750,
            "labelled_malicious": 278,
            "recall": 0.9935390908245794
        },
        "1": {
            "labelled_normal": 77,
            "labelled_malicious": 1474,
            "recall": 0.950354609929078
        },
        "2": {
            "labelled_normal": 184,
            "labelled_malicious": 2448,
            "recall": 0.9300911854103343
        },
        "3": {
            "labelled_normal": 157,
            "labelled_malicious": 1353,
            "recall": 0.8960264900662251
        },
        "4": {
            "labelled_normal": 225,
            "labelled_malicious": 3886,
            "recall": 0.9452687910484067
        },
        "5": {
            "labelled_normal": 0,
            "labelled_malicious": 946,
            "recall": 1.0
        },
        "6": {
            "labelled_normal": 58,
            "labelled_malicious": 350,
            "recall": 0.8578431372549019
        },
        "7": {
            "labelled_normal": 1,
            "labelled_malicious": 737,
            "recall": 0.9986449864498645
        }
    }
}