{
    "TP": 11006,
    "TN": 42782,
    "FP": 246,
    "FN": 890,
    "accuracy": 0.9793168742262035,
    "precision": 0.9781372200497689,
    "recall": 0.9251849361129791,
    "attack_types": {
        "0": {
            "labelled_normal": 42782,
            "labelled_malicious": 246,
            "recall": 0.9942827926001674
        },
        "1": {
            "labelled_normal": 5,
            "labelled_malicious": 385,
            "recall": 0.9871794871794872
        },
        "2": {
            "labelled_normal": 55,
            "labelled_malicious": 221,
            "recall": 0.8007246376811594
        },
        "3": {
            "labelled_normal": 2,
            "labelled_malicious": 358,
            "recall": 0.9944444444444445
        },
        "4": {
            "labelled_normal": 2,
            "labelled_malicious": 366,
            "recall": 0.9945652173913043
        },
        "5": {
            "labelled_normal": 2,
            "labelled_malicious": 276,
            "recall": 0.9928057553956835
        },
        "6": {
            "labelled_normal": 62,
            "labelled_malicious": 362,
            "recall": 0.8537735849056604
        },
        "7": {
            "labelled_normal": 1,
            "labelled_malicious": 326,
            "recall": 0.9969418960244648
        },
        "8": {
            "labelled_normal": 11,
            "labelled_malicious": 349,
            "recall": 0.9694444444444444
        },
        "9": {
            "labelled_normal": 4,
            "labelled_malicious": 275,
            "recall": 0.985663082437276
        },
        "10": {
            "labelled_normal": 82,
            "labelled_malicious": 235,
            "recall": 0.7413249211356467
        },
        "11": {
            "labelled_normal": 2,
            "labelled_malicious": 347,
            "recall": 0.994269340974212
        },
        "12": {
            "labelled_normal": 2,
            "labelled_malicious": 381,
            "recall": 0.9947780678851175
        },
        "13": {
            "labelled_normal": 41,
            "labelled_malicious": 283,
            "recall": 0.8734567901234568
        },
        "14": {
            "labelled_normal": 46,
            "labelled_malicious": 275,
            "recall": 0.8566978193146417
        },
        "15": {
            "labelled_normal": 240,
            "labelled_malicious": 54,
            "recall": 0.1836734693877551
        },
        "16": {
            "labelled_normal": 0,
            "labelled_malicious": 293,
            "recall": 1.0
        },
        "17": {
            "labelled_normal": 1,
            "labelled_malicious": 277,
            "recall": 0.9964028776978417
        },
        "18": {
            "labelled_normal": 49,
            "labelled_malicious": 359,
            "recall": 0.8799019607843137
        },
        "19": {
            "labelled_normal": 0,
            "labelled_malicious": 310,
            "recall": 1.0
        },
        "20": {
            "labelled_normal": 0,
            "labelled_malicious": 141,
            "recall": 1.0
        },
        "21": {
            "labelled_normal": 0,
            "labelled_malicious": 319,
            "recall": 1.0
        },
        "22": {
            "labelled_normal": 0,
            "labelled_malicious": 317,
            "recall": 1.0
        },
        "23": {
            "labelled_normal": 0,
            "labelled_malicious": 383,
            "recall": 1.0
        },
        "24": {
            "labelled_normal": 2,
            "labelled_malicious": 212,
            "recall": 0.9906542056074766
        },
        "25": {
            "labelled_normal": 14,
            "labelled_malicious": 283,
            "recall": 0.9528619528619529
        },
        "26": {
            "labelled_normal": 3,
            "labelled_malicious": 363,
            "recall": 0.9918032786885246
        },
        "27": {
            "labelled_normal": 52,
            "labelled_malicious": 367,
            "recall": 0.8758949880668258
        },
        "28": {
            "labelled_normal": 22,
            "labelled_malicious": 348,
            "recall": 0.9405405405405406
        },
        "29": {
            "labelled_normal": 2,
            "labelled_malicious": 364,
            "recall": 0.994535519125683
        },
        "30": {
            "labelled_normal": 78,
            "labelled_malicious": 333,
            "recall": 0.8102189781021898
        },
        "31": {
            "labelled_normal": 0,
            "labelled_malicious": 358,
            "recall": 1.0
        },
        "32": {
            "labelled_normal": 0,
            "labelled_malicious": 416,
            "recall": 1.0
        },
        "33": {
            "labelled_normal": 16,
            "labelled_malicious": 337,
            "recall": 0.9546742209631728
        },
        "34": {
            "labelled_normal": 28,
            "labelled_malicious": 379,
            "recall": 0.9312039312039312
        },
        "35": {
            "labelled_normal": 66,
            "labelled_malicious": 354,
            "recall": 0.8428571428571429
        }
    },
    "attack_categories": {
        "0": {
            "labelled_normal": 42782,
            "labelled_malicious": 246,
            "recall": 0.9942827926001674
        },
        "1": {
            "labelled_normal": 80,
            "labelled_malicious": 1471,
            "recall": 0.9484203739522888
        },
        "2": {
            "labelled_normal": 201,
            "labelled_malicious": 2431,
            "recall": 0.9236322188449848
        },
        "3": {
            "labelled_normal": 328,
            "labelled_malicious": 1182,
            "recall": 0.7827814569536424
        },
        "4": {
            "labelled_normal": 230,
            "labelled_malicious": 3881,
            "recall": 0.9440525419605935
        },
        "5": {
            "labelled_normal": 0,
            "labelled_malicious": 946,
            "recall": 1.0
        },
        "6": {
            "labelled_normal": 49,
            "labelled_malicious": 359,
            "recall": 0.8799019607843137
        },
        "7": {
            "labelled_normal": 2,
            "labelled_malicious": 736,
            "recall": 0.997289972899729
        }
    }
}