{
    "TP": 10750,
    "TN": 42506,
    "FP": 359,
    "FN": 1309,
    "accuracy": 0.9696307625081931,
    "precision": 0.9676838599333873,
    "recall": 0.89145036901899,
    "attack_types": {
        "0": {
            "labelled_normal": 42506,
            "labelled_malicious": 359,
            "recall": 0.9916248687740581
        },
        "1": {
            "labelled_normal": 4,
            "labelled_malicious": 374,
            "recall": 0.9894179894179894
        },
        "2": {
            "labelled_normal": 80,
            "labelled_malicious": 211,
            "recall": 0.7250859106529209
        },
        "3": {
            "labelled_normal": 2,
            "labelled_malicious": 293,
            "recall": 0.9932203389830508
        },
        "4": {
            "labelled_normal": 2,
            "labelled_malicious": 411,
            "recall": 0.9951573849878934
        },
        "5": {
            "labelled_normal": 4,
            "labelled_malicious": 270,
            "recall": 0.9854014598540146
        },
        "6": {
            "labelled_normal": 79,
            "labelled_malicious": 339,
            "recall": 0.8110047846889952
        },
        "7": {
            "labelled_normal": 1,
            "labelled_malicious": 304,
            "recall": 0.9967213114754099
        },
        "8": {
            "labelled_normal": 12,
            "labelled_malicious": 338,
            "recall": 0.9657142857142857
        },
        "9": {
            "labelled_normal": 20,
            "labelled_malicious": 280,
            "recall": 0.9333333333333333
        },
        "10": {
            "labelled_normal": 100,
            "labelled_malicious": 186,
            "recall": 0.6503496503496503
        },
        "11": {
            "labelled_normal": 2,
            "labelled_malicious": 335,
            "recall": 0.9940652818991098
        },
        "12": {
            "labelled_normal": 4,
            "labelled_malicious": 449,
            "recall": 0.9911699779249448
        },
        "13": {
            "labelled_normal": 63,
            "labelled_malicious": 256,
            "recall": 0.8025078369905956
        },
        "14": {
            "labelled_normal": 71,
            "labelled_malicious": 270,
            "recall": 0.7917888563049853
        },
        "15": {
            "labelled_normal": 82,
            "labelled_malicious": 255,
            "recall": 0.7566765578635015
        },
        "16": {
            "labelled_normal": 3,
            "labelled_malicious": 338,
            "recall": 0.9912023460410557
        },
        "17": {
            "labelled_normal": 3,
            "labelled_malicious": 272,
            "recall": 0.9890909090909091
        },
        "18": {
            "labelled_normal": 39,
            "labelled_malicious": 414,
            "recall": 0.9139072847682119
        },
        "19": {
            "labelled_normal": 0,
            "labelled_malicious": 316,
            "recall": 1.0
        },
        "20": {
            "labelled_normal": 10,
            "labelled_malicious": 135,
            "recall": 0.9310344827586207
        },
        "21": {
            "labelled_normal": 0,
            "labelled_malicious": 336,
            "recall": 1.0
        },
        "22": {
            "labelled_normal": 0,
            "labelled_malicious": 274,
            "recall": 1.0
        },
        "23": {
            "labelled_normal": 250,
            "labelled_malicious": 203,
            "recall": 0.4481236203090508
        },
        "24": {
            "labelled_normal": 133,
            "labelled_malicious": 105,
            "recall": 0.4411764705882353
        },
        "25": {
            "labelled_normal": 9,
            "labelled_malicious": 263,
            "recall": 0.9669117647058824
        },
        "26": {
            "labelled_normal": 3,
            "labelled_malicious": 393,
            "recall": 0.9924242424242424
        },
        "27": {
            "labelled_normal": 62,
            "labelled_malicious": 346,
            "recall": 0.8480392156862745
        },
        "28": {
            "labelled_normal": 21,
            "labelled_malicious": 343,
            "recall": 0.9423076923076923
        },
        "29": {
            "labelled_normal": 0,
            "labelled_malicious": 365,
            "recall": 1.0
        },
        "30": {
            "labelled_normal": 104,
            "labelled_malicious": 327,
            "recall": 0.7587006960556845
        },
        "31": {
            "labelled_normal": 0,
            "labelled_malicious": 354,
            "recall": 1.0
        },
        "32": {
            "labelled_normal": 0,
            "labelled_malicious": 386,
            "recall": 1.0
        },
        "33": {
            "labelled_normal": 14,
            "labelled_malicious": 294,
            "recall": 0.9545454545454546
        },
        "34": {
            "labelled_normal": 46,
            "labelled_malicious": 368,
            "recall": 0.8888888888888888
        },
        "35": {
            "labelled_normal": 86,
            "labelled_malicious": 347,
            "recall": 0.8013856812933026
        }
    },
    "attack_categories": {
        "0": {
            "labelled_normal": 42506,
            "labelled_malicious": 359,
            "recall": 0.9916248687740581
        },
        "1": {
            "labelled_normal": 104,
            "labelled_malicious": 1432,
            "recall": 0.9322916666666666
        },
        "2": {
            "labelled_normal": 241,
            "labelled_malicious": 2354,
            "recall": 0.9071290944123314
        },
        "3": {
            "labelled_normal": 222,
            "labelled_malicious": 1391,
            "recall": 0.8623682579045258
        },
        "4": {
            "labelled_normal": 310,
            "labelled_malicious": 3790,
            "recall": 0.9243902439024391
        },
        "5": {
            "labelled_normal": 0,
            "labelled_malicious": 926,
            "recall": 1.0
        },
        "6": {
            "labelled_normal": 39,
            "labelled_malicious": 414,
            "recall": 0.9139072847682119
        },
        "7": {
            "labelled_normal": 393,
            "labelled_malicious": 443,
            "recall": 0.5299043062200957
        }
    }
}