{
    "TP": 10778,
    "TN": 42583,
    "FP": 445,
    "FN": 1118,
    "accuracy": 0.9715424950841163,
    "precision": 0.9603492827229796,
    "recall": 0.906018829858776,
    "attack_types": {
        "0": {
            "labelled_normal": 42583,
            "labelled_malicious": 445,
            "recall": 0.9896578971832295
        },
        "1": {
            "labelled_normal": 12,
            "labelled_malicious": 378,
            "recall": 0.9692307692307692
        },
        "2": {
            "labelled_normal": 65,
            "labelled_malicious": 211,
            "recall": 0.7644927536231884
        },
        "3": {
            "labelled_normal": 2,
            "labelled_malicious": 358,
            "recall": 0.9944444444444445
        },
        "4": {
            "labelled_normal": 2,
            "labelled_malicious": 366,
            "recall": 0.9945652173913043
        },
        "5": {
            "labelled_normal": 6,
            "labelled_malicious": 272,
            "recall": 0.9784172661870504
        },
        "6": {
            "labelled_normal": 79,
            "labelled_malicious": 345,
            "recall": 0.8136792452830188
        },
        "7": {
            "labelled_normal": 4,
            "labelled_malicious": 323,
            "recall": 0.9877675840978594
        },
        "8": {
            "labelled_normal": 13,
            "labelled_malicious": 347,
            "recall": 0.9638888888888889
        },
        "9": {
            "labelled_normal": 17,
            "labelled_malicious": 262,
            "recall": 0.9390681003584229
        },
        "10": {
            "labelled_normal": 100,
            "labelled_malicious": 217,
            "recall": 0.6845425867507886
        },
        "11": {
            "labelled_normal": 4,
            "labelled_malicious": 345,
            "recall": 0.9885386819484241
        },
        "12": {
            "labelled_normal": 7,
            "labelled_malicious": 376,
            "recall": 0.9817232375979112
        },
        "13": {
            "labelled_normal": 91,
            "labelled_malicious": 233,
            "recall": 0.7191358024691358
        },
        "14": {
            "labelled_normal": 66,
            "labelled_malicious": 255,
            "recall": 0.794392523364486
        },
        "15": {
            "labelled_normal": 54,
            "labelled_malicious": 240,
            "recall": 0.8163265306122449
        },
        "16": {
            "labelled_normal": 10,
            "labelled_malicious": 283,
            "recall": 0.9658703071672355
        },
        "17": {
            "labelled_normal": 1,
            "labelled_malicious": 277,
            "recall": 0.9964028776978417
        },
        "18": {
            "labelled_normal": 60,
            "labelled_malicious": 348,
            "recall": 0.8529411764705882
        },
        "19": {
            "labelled_normal": 0,
            "labelled_malicious": 310,
            "recall": 1.0
        },
        "20": {
            "labelled_normal": 0,
            "labelled_malicious": 141,
            "recall": 1.0
        },
        "21": {
            "labelled_normal": 0,
            "labelled_malicious": 319,
            "recall": 1.0
        },
        "22": {
            "labelled_normal": 0,
            "labelled_malicious": 317,
            "recall": 1.0
        },
        "23": {
            "labelled_normal": 0,
            "labelled_malicious": 383,
            "recall": 1.0
        },
        "24": {
            "labelled_normal": 1,
            "labelled_malicious": 213,
            "recall": 0.9953271028037384
        },
        "25": {
            "labelled_normal": 16,
            "labelled_malicious": 281,
            "recall": 0.9461279461279462
        },
        "26": {
            "labelled_normal": 4,
            "labelled_malicious": 362,
            "recall": 0.9890710382513661
        },
        "27": {
            "labelled_normal": 47,
            "labelled_malicious": 372,
            "recall": 0.8878281622911695
        },
        "28": {
            "labelled_normal": 25,
            "labelled_malicious": 345,
            "recall": 0.9324324324324325
        },
        "29": {
            "labelled_normal": 3,
            "labelled_malicious": 363,
            "recall": 0.9918032786885246
        },
        "30": {
            "labelled_normal": 335,
            "labelled_malicious": 76,
            "recall": 0.18491484184914841
        },
        "31": {
            "labelled_normal": 0,
            "labelled_malicious": 358,
            "recall": 1.0
        },
        "32": {
            "labelled_normal": 0,
            "labelled_malicious": 416,
            "recall": 1.0
        },
        "33": {
            "labelled_normal": 10,
            "labelled_malicious": 343,
            "recall": 0.9716713881019831
        },
        "34": {
            "labelled_normal": 30,
            "labelled_malicious": 377,
            "recall": 0.9262899262899262
        },
        "35": {
            "labelled_normal": 54,
            "labelled_malicious": 366,
            "recall": 0.8714285714285714
        }
    },
    "attack_categories": {
        "0": {
            "labelled_normal": 42583,
            "labelled_malicious": 445,
            "recall": 0.9896578971832295
        },
        "1": {
            "labelled_normal": 338,
            "labelled_malicious": 1213,
            "recall": 0.7820760799484203
        },
        "2": {
            "labelled_normal": 186,
            "labelled_malicious": 2446,
            "recall": 0.9293313069908815
        },
        "3": {
            "labelled_normal": 222,
            "labelled_malicious": 1288,
            "recall": 0.8529801324503311
        },
        "4": {
            "labelled_normal": 311,
            "labelled_malicious": 3800,
            "recall": 0.92434930673802
        },
        "5": {
            "labelled_normal": 0,
            "labelled_malicious": 946,
            "recall": 1.0
        },
        "6": {
            "labelled_normal": 60,
            "labelled_malicious": 348,
            "recall": 0.8529411764705882
        },
        "7": {
            "labelled_normal": 1,
            "labelled_malicious": 737,
            "recall": 0.9986449864498645
        }
    }
}