{
    "TP": 11370,
    "TN": 42619,
    "FP": 246,
    "FN": 689,
    "accuracy": 0.9829764765858277,
    "precision": 0.9788223140495868,
    "recall": 0.9428642507670619,
    "attack_types": {
        "0": {
            "labelled_normal": 42619,
            "labelled_malicious": 246,
            "recall": 0.9942610521404409
        },
        "1": {
            "labelled_normal": 2,
            "labelled_malicious": 376,
            "recall": 0.9947089947089947
        },
        "2": {
            "labelled_normal": 65,
            "labelled_malicious": 226,
            "recall": 0.7766323024054983
        },
        "3": {
            "labelled_normal": 2,
            "labelled_malicious": 293,
            "recall": 0.9932203389830508
        },
        "4": {
            "labelled_normal": 1,
            "labelled_malicious": 412,
            "recall": 0.9975786924939467
        },
        "5": {
            "labelled_normal": 3,
            "labelled_malicious": 271,
            "recall": 0.9890510948905109
        },
        "6": {
            "labelled_normal": 59,
            "labelled_malicious": 359,
            "recall": 0.8588516746411483
        },
        "7": {
            "labelled_normal": 0,
            "labelled_malicious": 305,
            "recall": 1.0
        },
        "8": {
            "labelled_normal": 34,
            "labelled_malicious": 316,
            "recall": 0.9028571428571428
        },
        "9": {
            "labelled_normal": 7,
            "labelled_malicious": 293,
            "recall": 0.9766666666666667
        },
        "10": {
            "labelled_normal": 64,
            "labelled_malicious": 222,
            "recall": 0.7762237762237763
        },
        "11": {
            "labelled_normal": 2,
            "labelled_malicious": 335,
            "recall": 0.9940652818991098
        },
        "12": {
            "labelled_normal": 1,
            "labelled_malicious": 452,
            "recall": 0.9977924944812362
        },
        "13": {
            "labelled_normal": 42,
            "labelled_malicious": 277,
            "recall": 0.8683385579937304
        },
        "14": {
            "labelled_normal": 40,
            "labelled_malicious": 301,
            "recall": 0.8826979472140762
        },
        "15": {
            "labelled_normal": 52,
            "labelled_malicious": 285,
            "recall": 0.8456973293768546
        },
        "16": {
            "labelled_normal": 3,
            "labelled_malicious": 338,
            "recall": 0.9912023460410557
        },
        "17": {
            "labelled_normal": 3,
            "labelled_malicious": 272,
            "recall": 0.9890909090909091
        },
        "18": {
            "labelled_normal": 32,
            "labelled_malicious": 421,
            "recall": 0.9293598233995585
        },
        "19": {
            "labelled_normal": 0,
            "labelled_malicious": 316,
            "recall": 1.0
        },
        "20": {
            "labelled_normal": 0,
            "labelled_malicious": 145,
            "recall": 1.0
        },
        "21": {
            "labelled_normal": 0,
            "labelled_malicious": 336,
            "recall": 1.0
        },
        "22": {
            "labelled_normal": 0,
            "labelled_malicious": 274,
            "recall": 1.0
        },
        "23": {
            "labelled_normal": 0,
            "labelled_malicious": 453,
            "recall": 1.0
        },
        "24": {
            "labelled_normal": 0,
            "labelled_malicious": 238,
            "recall": 1.0
        },
        "25": {
            "labelled_normal": 8,
            "labelled_malicious": 264,
            "recall": 0.9705882352941176
        },
        "26": {
            "labelled_normal": 3,
            "labelled_malicious": 393,
            "recall": 0.9924242424242424
        },
        "27": {
            "labelled_normal": 40,
            "labelled_malicious": 368,
            "recall": 0.9019607843137255
        },
        "28": {
            "labelled_normal": 16,
            "labelled_malicious": 348,
            "recall": 0.9560439560439561
        },
        "29": {
            "labelled_normal": 1,
            "labelled_malicious": 364,
            "recall": 0.9972602739726028
        },
        "30": {
            "labelled_normal": 92,
            "labelled_malicious": 339,
            "recall": 0.7865429234338747
        },
        "31": {
            "labelled_normal": 0,
            "labelled_malicious": 354,
            "recall": 1.0
        },
        "32": {
            "labelled_normal": 0,
            "labelled_malicious": 386,
            "recall": 1.0
        },
        "33": {
            "labelled_normal": 17,
            "labelled_malicious": 291,
            "recall": 0.9448051948051948
        },
        "34": {
            "labelled_normal": 27,
            "labelled_malicious": 387,
            "recall": 0.9347826086956522
        },
        "35": {
            "labelled_normal": 73,
            "labelled_malicious": 360,
            "recall": 0.8314087759815243
        }
    },
    "attack_categories": {
        "0": {
            "labelled_normal": 42619,
            "labelled_malicious": 246,
            "recall": 0.9942610521404409
        },
        "1": {
            "labelled_normal": 93,
            "labelled_malicious": 1443,
            "recall": 0.939453125
        },
        "2": {
            "labelled_normal": 184,
            "labelled_malicious": 2411,
            "recall": 0.9290944123314065
        },
        "3": {
            "labelled_normal": 140,
            "labelled_malicious": 1473,
            "recall": 0.9132052076875388
        },
        "4": {
            "labelled_normal": 240,
            "labelled_malicious": 3860,
            "recall": 0.9414634146341463
        },
        "5": {
            "labelled_normal": 0,
            "labelled_malicious": 926,
            "recall": 1.0
        },
        "6": {
            "labelled_normal": 32,
            "labelled_malicious": 421,
            "recall": 0.9293598233995585
        },
        "7": {
            "labelled_normal": 0,
            "labelled_malicious": 836,
            "recall": 1.0
        }
    }
}