{
    "TP": 11357,
    "TN": 42539,
    "FP": 274,
    "FN": 754,
    "accuracy": 0.9812832277328672,
    "precision": 0.976442266357149,
    "recall": 0.9377425480967715,
    "attack_types": {
        "0": {
            "labelled_normal": 42539,
            "labelled_malicious": 274,
            "recall": 0.9936000747436526
        },
        "1": {
            "labelled_normal": 7,
            "labelled_malicious": 315,
            "recall": 0.9782608695652174
        },
        "2": {
            "labelled_normal": 71,
            "labelled_malicious": 232,
            "recall": 0.7656765676567657
        },
        "3": {
            "labelled_normal": 3,
            "labelled_malicious": 359,
            "recall": 0.9917127071823204
        },
        "4": {
            "labelled_normal": 2,
            "labelled_malicious": 350,
            "recall": 0.9943181818181818
        },
        "5": {
            "labelled_normal": 0,
            "labelled_malicious": 292,
            "recall": 1.0
        },
        "6": {
            "labelled_normal": 79,
            "labelled_malicious": 327,
            "recall": 0.8054187192118226
        },
        "7": {
            "labelled_normal": 0,
            "labelled_malicious": 291,
            "recall": 1.0
        },
        "8": {
            "labelled_normal": 7,
            "labelled_malicious": 344,
            "recall": 0.98005698005698
        },
        "9": {
            "labelled_normal": 12,
            "labelled_malicious": 235,
            "recall": 0.951417004048583
        },
        "10": {
            "labelled_normal": 74,
            "labelled_malicious": 222,
            "recall": 0.75
        },
        "11": {
            "labelled_normal": 3,
            "labelled_malicious": 360,
            "recall": 0.9917355371900827
        },
        "12": {
            "labelled_normal": 2,
            "labelled_malicious": 458,
            "recall": 0.9956521739130435
        },
        "13": {
            "labelled_normal": 68,
            "labelled_malicious": 291,
            "recall": 0.8105849582172702
        },
        "14": {
            "labelled_normal": 57,
            "labelled_malicious": 301,
            "recall": 0.840782122905028
        },
        "15": {
            "labelled_normal": 53,
            "labelled_malicious": 267,
            "recall": 0.834375
        },
        "16": {
            "labelled_normal": 5,
            "labelled_malicious": 355,
            "recall": 0.9861111111111112
        },
        "17": {
            "labelled_normal": 0,
            "labelled_malicious": 307,
            "recall": 1.0
        },
        "18": {
            "labelled_normal": 36,
            "labelled_malicious": 404,
            "recall": 0.9181818181818182
        },
        "19": {
            "labelled_normal": 0,
            "labelled_malicious": 333,
            "recall": 1.0
        },
        "20": {
            "labelled_normal": 0,
            "labelled_malicious": 133,
            "recall": 1.0
        },
        "21": {
            "labelled_normal": 0,
            "labelled_malicious": 344,
            "recall": 1.0
        },
        "22": {
            "labelled_normal": 0,
            "labelled_malicious": 319,
            "recall": 1.0
        },
        "23": {
            "labelled_normal": 0,
            "labelled_malicious": 457,
            "recall": 1.0
        },
        "24": {
            "labelled_normal": 0,
            "labelled_malicious": 211,
            "recall": 1.0
        },
        "25": {
            "labelled_normal": 21,
            "labelled_malicious": 286,
            "recall": 0.9315960912052117
        },
        "26": {
            "labelled_normal": 2,
            "labelled_malicious": 341,
            "recall": 0.9941690962099126
        },
        "27": {
            "labelled_normal": 55,
            "labelled_malicious": 391,
            "recall": 0.8766816143497758
        },
        "28": {
            "labelled_normal": 22,
            "labelled_malicious": 314,
            "recall": 0.9345238095238095
        },
        "29": {
            "labelled_normal": 5,
            "labelled_malicious": 388,
            "recall": 0.9872773536895675
        },
        "30": {
            "labelled_normal": 83,
            "labelled_malicious": 310,
            "recall": 0.7888040712468194
        },
        "31": {
            "labelled_normal": 0,
            "labelled_malicious": 405,
            "recall": 1.0
        },
        "32": {
            "labelled_normal": 1,
            "labelled_malicious": 367,
            "recall": 0.9972826086956522
        },
        "33": {
            "labelled_normal": 13,
            "labelled_malicious": 304,
            "recall": 0.9589905362776026
        },
        "34": {
            "labelled_normal": 21,
            "labelled_malicious": 359,
            "recall": 0.9447368421052632
        },
        "35": {
            "labelled_normal": 52,
            "labelled_malicious": 385,
            "recall": 0.8810068649885584
        }
    },
    "attack_categories": {
        "0": {
            "labelled_normal": 42539,
            "labelled_malicious": 274,
            "recall": 0.9936000747436526
        },
        "1": {
            "labelled_normal": 89,
            "labelled_malicious": 1470,
            "recall": 0.9429121231558691
        },
        "2": {
            "labelled_normal": 186,
            "labelled_malicious": 2380,
            "recall": 0.9275136399064692
        },
        "3": {
            "labelled_normal": 183,
            "labelled_malicious": 1521,
            "recall": 0.8926056338028169
        },
        "4": {
            "labelled_normal": 260,
            "labelled_malicious": 3785,
            "recall": 0.9357231149567367
        },
        "5": {
            "labelled_normal": 0,
            "labelled_malicious": 996,
            "recall": 1.0
        },
        "6": {
            "labelled_normal": 36,
            "labelled_malicious": 404,
            "recall": 0.9181818181818182
        },
        "7": {
            "labelled_normal": 0,
            "labelled_malicious": 801,
            "recall": 1.0
        }
    }
}