{
    "TP": 11407,
    "TN": 42579,
    "FP": 286,
    "FN": 652,
    "accuracy": 0.982921855655087,
    "precision": 0.9755409219190969,
    "recall": 0.9459324985488017,
    "attack_types": {
        "0": {
            "labelled_normal": 42579,
            "labelled_malicious": 286,
            "recall": 0.993327889886854
        },
        "1": {
            "labelled_normal": 2,
            "labelled_malicious": 376,
            "recall": 0.9947089947089947
        },
        "2": {
            "labelled_normal": 62,
            "labelled_malicious": 229,
            "recall": 0.7869415807560137
        },
        "3": {
            "labelled_normal": 0,
            "labelled_malicious": 295,
            "recall": 1.0
        },
        "4": {
            "labelled_normal": 1,
            "labelled_malicious": 412,
            "recall": 0.9975786924939467
        },
        "5": {
            "labelled_normal": 3,
            "labelled_malicious": 271,
            "recall": 0.9890510948905109
        },
        "6": {
            "labelled_normal": 60,
            "labelled_malicious": 358,
            "recall": 0.8564593301435407
        },
        "7": {
            "labelled_normal": 0,
            "labelled_malicious": 305,
            "recall": 1.0
        },
        "8": {
            "labelled_normal": 12,
            "labelled_malicious": 338,
            "recall": 0.9657142857142857
        },
        "9": {
            "labelled_normal": 5,
            "labelled_malicious": 295,
            "recall": 0.9833333333333333
        },
        "10": {
            "labelled_normal": 57,
            "labelled_malicious": 229,
            "recall": 0.8006993006993007
        },
        "11": {
            "labelled_normal": 2,
            "labelled_malicious": 335,
            "recall": 0.9940652818991098
        },
        "12": {
            "labelled_normal": 2,
            "labelled_malicious": 451,
            "recall": 0.9955849889624724
        },
        "13": {
            "labelled_normal": 45,
            "labelled_malicious": 274,
            "recall": 0.8589341692789969
        },
        "14": {
            "labelled_normal": 38,
            "labelled_malicious": 303,
            "recall": 0.8885630498533724
        },
        "15": {
            "labelled_normal": 47,
            "labelled_malicious": 290,
            "recall": 0.8605341246290801
        },
        "16": {
            "labelled_normal": 5,
            "labelled_malicious": 336,
            "recall": 0.9853372434017595
        },
        "17": {
            "labelled_normal": 3,
            "labelled_malicious": 272,
            "recall": 0.9890909090909091
        },
        "18": {
            "labelled_normal": 35,
            "labelled_malicious": 418,
            "recall": 0.9227373068432672
        },
        "19": {
            "labelled_normal": 0,
            "labelled_malicious": 316,
            "recall": 1.0
        },
        "20": {
            "labelled_normal": 0,
            "labelled_malicious": 145,
            "recall": 1.0
        },
        "21": {
            "labelled_normal": 0,
            "labelled_malicious": 336,
            "recall": 1.0
        },
        "22": {
            "labelled_normal": 0,
            "labelled_malicious": 274,
            "recall": 1.0
        },
        "23": {
            "labelled_normal": 0,
            "labelled_malicious": 453,
            "recall": 1.0
        },
        "24": {
            "labelled_normal": 1,
            "labelled_malicious": 237,
            "recall": 0.9957983193277311
        },
        "25": {
            "labelled_normal": 10,
            "labelled_malicious": 262,
            "recall": 0.9632352941176471
        },
        "26": {
            "labelled_normal": 3,
            "labelled_malicious": 393,
            "recall": 0.9924242424242424
        },
        "27": {
            "labelled_normal": 50,
            "labelled_malicious": 358,
            "recall": 0.8774509803921569
        },
        "28": {
            "labelled_normal": 24,
            "labelled_malicious": 340,
            "recall": 0.9340659340659341
        },
        "29": {
            "labelled_normal": 1,
            "labelled_malicious": 364,
            "recall": 0.9972602739726028
        },
        "30": {
            "labelled_normal": 82,
            "labelled_malicious": 349,
            "recall": 0.8097447795823666
        },
        "31": {
            "labelled_normal": 0,
            "labelled_malicious": 354,
            "recall": 1.0
        },
        "32": {
            "labelled_normal": 0,
            "labelled_malicious": 386,
            "recall": 1.0
        },
        "33": {
            "labelled_normal": 16,
            "labelled_malicious": 292,
            "recall": 0.948051948051948
        },
        "34": {
            "labelled_normal": 25,
            "labelled_malicious": 389,
            "recall": 0.9396135265700483
        },
        "35": {
            "labelled_normal": 61,
            "labelled_malicious": 372,
            "recall": 0.859122401847575
        }
    },
    "attack_categories": {
        "0": {
            "labelled_normal": 42579,
            "labelled_malicious": 286,
            "recall": 0.993327889886854
        },
        "1": {
            "labelled_normal": 83,
            "labelled_malicious": 1453,
            "recall": 0.9459635416666666
        },
        "2": {
            "labelled_normal": 189,
            "labelled_malicious": 2406,
            "recall": 0.9271676300578034
        },
        "3": {
            "labelled_normal": 138,
            "labelled_malicious": 1475,
            "recall": 0.9144451332920025
        },
        "4": {
            "labelled_normal": 206,
            "labelled_malicious": 3894,
            "recall": 0.9497560975609756
        },
        "5": {
            "labelled_normal": 0,
            "labelled_malicious": 926,
            "recall": 1.0
        },
        "6": {
            "labelled_normal": 35,
            "labelled_malicious": 418,
            "recall": 0.9227373068432672
        },
        "7": {
            "labelled_normal": 1,
            "labelled_malicious": 835,
            "recall": 0.9988038277511961
        }
    }
}