{
    "TP": 11057,
    "TN": 42588,
    "FP": 440,
    "FN": 839,
    "accuracy": 0.9767132765275653,
    "precision": 0.9617291467339306,
    "recall": 0.9294720914593141,
    "attack_types": {
        "0": {
            "labelled_normal": 42588,
            "labelled_malicious": 440,
            "recall": 0.9897741005856652
        },
        "1": {
            "labelled_normal": 4,
            "labelled_malicious": 386,
            "recall": 0.9897435897435898
        },
        "2": {
            "labelled_normal": 89,
            "labelled_malicious": 187,
            "recall": 0.677536231884058
        },
        "3": {
            "labelled_normal": 2,
            "labelled_malicious": 358,
            "recall": 0.9944444444444445
        },
        "4": {
            "labelled_normal": 2,
            "labelled_malicious": 366,
            "recall": 0.9945652173913043
        },
        "5": {
            "labelled_normal": 2,
            "labelled_malicious": 276,
            "recall": 0.9928057553956835
        },
        "6": {
            "labelled_normal": 60,
            "labelled_malicious": 364,
            "recall": 0.8584905660377359
        },
        "7": {
            "labelled_normal": 1,
            "labelled_malicious": 326,
            "recall": 0.9969418960244648
        },
        "8": {
            "labelled_normal": 14,
            "labelled_malicious": 346,
            "recall": 0.9611111111111111
        },
        "9": {
            "labelled_normal": 6,
            "labelled_malicious": 273,
            "recall": 0.978494623655914
        },
        "10": {
            "labelled_normal": 99,
            "labelled_malicious": 218,
            "recall": 0.6876971608832808
        },
        "11": {
            "labelled_normal": 8,
            "labelled_malicious": 341,
            "recall": 0.9770773638968482
        },
        "12": {
            "labelled_normal": 7,
            "labelled_malicious": 376,
            "recall": 0.9817232375979112
        },
        "13": {
            "labelled_normal": 38,
            "labelled_malicious": 286,
            "recall": 0.8827160493827161
        },
        "14": {
            "labelled_normal": 58,
            "labelled_malicious": 263,
            "recall": 0.8193146417445483
        },
        "15": {
            "labelled_normal": 54,
            "labelled_malicious": 240,
            "recall": 0.8163265306122449
        },
        "16": {
            "labelled_normal": 0,
            "labelled_malicious": 293,
            "recall": 1.0
        },
        "17": {
            "labelled_normal": 1,
            "labelled_malicious": 277,
            "recall": 0.9964028776978417
        },
        "18": {
            "labelled_normal": 56,
            "labelled_malicious": 352,
            "recall": 0.8627450980392157
        },
        "19": {
            "labelled_normal": 0,
            "labelled_malicious": 310,
            "recall": 1.0
        },
        "20": {
            "labelled_normal": 0,
            "labelled_malicious": 141,
            "recall": 1.0
        },
        "21": {
            "labelled_normal": 0,
            "labelled_malicious": 319,
            "recall": 1.0
        },
        "22": {
            "labelled_normal": 0,
            "labelled_malicious": 317,
            "recall": 1.0
        },
        "23": {
            "labelled_normal": 0,
            "labelled_malicious": 383,
            "recall": 1.0
        },
        "24": {
            "labelled_normal": 3,
            "labelled_malicious": 211,
            "recall": 0.985981308411215
        },
        "25": {
            "labelled_normal": 17,
            "labelled_malicious": 280,
            "recall": 0.9427609427609428
        },
        "26": {
            "labelled_normal": 5,
            "labelled_malicious": 361,
            "recall": 0.9863387978142076
        },
        "27": {
            "labelled_normal": 62,
            "labelled_malicious": 357,
            "recall": 0.8520286396181385
        },
        "28": {
            "labelled_normal": 31,
            "labelled_malicious": 339,
            "recall": 0.9162162162162162
        },
        "29": {
            "labelled_normal": 2,
            "labelled_malicious": 364,
            "recall": 0.994535519125683
        },
        "30": {
            "labelled_normal": 91,
            "labelled_malicious": 320,
            "recall": 0.7785888077858881
        },
        "31": {
            "labelled_normal": 0,
            "labelled_malicious": 358,
            "recall": 1.0
        },
        "32": {
            "labelled_normal": 0,
            "labelled_malicious": 416,
            "recall": 1.0
        },
        "33": {
            "labelled_normal": 19,
            "labelled_malicious": 334,
            "recall": 0.9461756373937678
        },
        "34": {
            "labelled_normal": 38,
            "labelled_malicious": 369,
            "recall": 0.9066339066339066
        },
        "35": {
            "labelled_normal": 70,
            "labelled_malicious": 350,
            "recall": 0.8333333333333334
        }
    },
    "attack_categories": {
        "0": {
            "labelled_normal": 42588,
            "labelled_malicious": 440,
            "recall": 0.9897741005856652
        },
        "1": {
            "labelled_normal": 93,
            "labelled_malicious": 1458,
            "recall": 0.9400386847195358
        },
        "2": {
            "labelled_normal": 242,
            "labelled_malicious": 2390,
            "recall": 0.9080547112462006
        },
        "3": {
            "labelled_normal": 151,
            "labelled_malicious": 1359,
            "recall": 0.9
        },
        "4": {
            "labelled_normal": 294,
            "labelled_malicious": 3817,
            "recall": 0.9284845536365848
        },
        "5": {
            "labelled_normal": 0,
            "labelled_malicious": 946,
            "recall": 1.0
        },
        "6": {
            "labelled_normal": 56,
            "labelled_malicious": 352,
            "recall": 0.8627450980392157
        },
        "7": {
            "labelled_normal": 3,
            "labelled_malicious": 735,
            "recall": 0.9959349593495935
        }
    }
}