{
    "TP": 11168,
    "TN": 42615,
    "FP": 250,
    "FN": 891,
    "accuracy": 0.9792258393416358,
    "precision": 0.978104746890874,
    "recall": 0.9261132763910772,
    "attack_types": {
        "0": {
            "labelled_normal": 42615,
            "labelled_malicious": 250,
            "recall": 0.9941677359150822
        },
        "1": {
            "labelled_normal": 2,
            "labelled_malicious": 376,
            "recall": 0.9947089947089947
        },
        "2": {
            "labelled_normal": 66,
            "labelled_malicious": 225,
            "recall": 0.7731958762886598
        },
        "3": {
            "labelled_normal": 2,
            "labelled_malicious": 293,
            "recall": 0.9932203389830508
        },
        "4": {
            "labelled_normal": 1,
            "labelled_malicious": 412,
            "recall": 0.9975786924939467
        },
        "5": {
            "labelled_normal": 3,
            "labelled_malicious": 271,
            "recall": 0.9890510948905109
        },
        "6": {
            "labelled_normal": 65,
            "labelled_malicious": 353,
            "recall": 0.8444976076555024
        },
        "7": {
            "labelled_normal": 0,
            "labelled_malicious": 305,
            "recall": 1.0
        },
        "8": {
            "labelled_normal": 14,
            "labelled_malicious": 336,
            "recall": 0.96
        },
        "9": {
            "labelled_normal": 247,
            "labelled_malicious": 53,
            "recall": 0.17666666666666667
        },
        "10": {
            "labelled_normal": 60,
            "labelled_malicious": 226,
            "recall": 0.7902097902097902
        },
        "11": {
            "labelled_normal": 4,
            "labelled_malicious": 333,
            "recall": 0.9881305637982196
        },
        "12": {
            "labelled_normal": 4,
            "labelled_malicious": 449,
            "recall": 0.9911699779249448
        },
        "13": {
            "labelled_normal": 40,
            "labelled_malicious": 279,
            "recall": 0.8746081504702194
        },
        "14": {
            "labelled_normal": 36,
            "labelled_malicious": 305,
            "recall": 0.8944281524926686
        },
        "15": {
            "labelled_normal": 70,
            "labelled_malicious": 267,
            "recall": 0.7922848664688428
        },
        "16": {
            "labelled_normal": 1,
            "labelled_malicious": 340,
            "recall": 0.9970674486803519
        },
        "17": {
            "labelled_normal": 2,
            "labelled_malicious": 273,
            "recall": 0.9927272727272727
        },
        "18": {
            "labelled_normal": 30,
            "labelled_malicious": 423,
            "recall": 0.9337748344370861
        },
        "19": {
            "labelled_normal": 0,
            "labelled_malicious": 316,
            "recall": 1.0
        },
        "20": {
            "labelled_normal": 0,
            "labelled_malicious": 145,
            "recall": 1.0
        },
        "21": {
            "labelled_normal": 0,
            "labelled_malicious": 336,
            "recall": 1.0
        },
        "22": {
            "labelled_normal": 0,
            "labelled_malicious": 274,
            "recall": 1.0
        },
        "23": {
            "labelled_normal": 0,
            "labelled_malicious": 453,
            "recall": 1.0
        },
        "24": {
            "labelled_normal": 0,
            "labelled_malicious": 238,
            "recall": 1.0
        },
        "25": {
            "labelled_normal": 10,
            "labelled_malicious": 262,
            "recall": 0.9632352941176471
        },
        "26": {
            "labelled_normal": 3,
            "labelled_malicious": 393,
            "recall": 0.9924242424242424
        },
        "27": {
            "labelled_normal": 41,
            "labelled_malicious": 367,
            "recall": 0.8995098039215687
        },
        "28": {
            "labelled_normal": 18,
            "labelled_malicious": 346,
            "recall": 0.9505494505494505
        },
        "29": {
            "labelled_normal": 1,
            "labelled_malicious": 364,
            "recall": 0.9972602739726028
        },
        "30": {
            "labelled_normal": 80,
            "labelled_malicious": 351,
            "recall": 0.814385150812065
        },
        "31": {
            "labelled_normal": 0,
            "labelled_malicious": 354,
            "recall": 1.0
        },
        "32": {
            "labelled_normal": 0,
            "labelled_malicious": 386,
            "recall": 1.0
        },
        "33": {
            "labelled_normal": 13,
            "labelled_malicious": 295,
            "recall": 0.9577922077922078
        },
        "34": {
            "labelled_normal": 27,
            "labelled_malicious": 387,
            "recall": 0.9347826086956522
        },
        "35": {
            "labelled_normal": 51,
            "labelled_malicious": 382,
            "recall": 0.8822170900692841
        }
    },
    "attack_categories": {
        "0": {
            "labelled_normal": 42615,
            "labelled_malicious": 250,
            "recall": 0.9941677359150822
        },
        "1": {
            "labelled_normal": 81,
            "labelled_malicious": 1455,
            "recall": 0.947265625
        },
        "2": {
            "labelled_normal": 163,
            "labelled_malicious": 2432,
            "recall": 0.9371868978805395
        },
        "3": {
            "labelled_normal": 149,
            "labelled_malicious": 1464,
            "recall": 0.907625542467452
        },
        "4": {
            "labelled_normal": 468,
            "labelled_malicious": 3632,
            "recall": 0.8858536585365854
        },
        "5": {
            "labelled_normal": 0,
            "labelled_malicious": 926,
            "recall": 1.0
        },
        "6": {
            "labelled_normal": 30,
            "labelled_malicious": 423,
            "recall": 0.9337748344370861
        },
        "7": {
            "labelled_normal": 0,
            "labelled_malicious": 836,
            "recall": 1.0
        }
    }
}