{
    "TP": 11147,
    "TN": 42418,
    "FP": 447,
    "FN": 912,
    "accuracy": 0.9752567183744811,
    "precision": 0.9614455752975677,
    "recall": 0.9243718384609005,
    "attack_types": {
        "0": {
            "labelled_normal": 42418,
            "labelled_malicious": 447,
            "recall": 0.989571911816167
        },
        "1": {
            "labelled_normal": 4,
            "labelled_malicious": 374,
            "recall": 0.9894179894179894
        },
        "2": {
            "labelled_normal": 69,
            "labelled_malicious": 222,
            "recall": 0.7628865979381443
        },
        "3": {
            "labelled_normal": 1,
            "labelled_malicious": 294,
            "recall": 0.9966101694915255
        },
        "4": {
            "labelled_normal": 1,
            "labelled_malicious": 412,
            "recall": 0.9975786924939467
        },
        "5": {
            "labelled_normal": 8,
            "labelled_malicious": 266,
            "recall": 0.9708029197080292
        },
        "6": {
            "labelled_normal": 64,
            "labelled_malicious": 354,
            "recall": 0.84688995215311
        },
        "7": {
            "labelled_normal": 0,
            "labelled_malicious": 305,
            "recall": 1.0
        },
        "8": {
            "labelled_normal": 14,
            "labelled_malicious": 336,
            "recall": 0.96
        },
        "9": {
            "labelled_normal": 8,
            "labelled_malicious": 292,
            "recall": 0.9733333333333334
        },
        "10": {
            "labelled_normal": 73,
            "labelled_malicious": 213,
            "recall": 0.7447552447552448
        },
        "11": {
            "labelled_normal": 4,
            "labelled_malicious": 333,
            "recall": 0.9881305637982196
        },
        "12": {
            "labelled_normal": 8,
            "labelled_malicious": 445,
            "recall": 0.9823399558498896
        },
        "13": {
            "labelled_normal": 38,
            "labelled_malicious": 281,
            "recall": 0.8808777429467085
        },
        "14": {
            "labelled_normal": 33,
            "labelled_malicious": 308,
            "recall": 0.9032258064516129
        },
        "15": {
            "labelled_normal": 254,
            "labelled_malicious": 83,
            "recall": 0.24629080118694363
        },
        "16": {
            "labelled_normal": 1,
            "labelled_malicious": 340,
            "recall": 0.9970674486803519
        },
        "17": {
            "labelled_normal": 2,
            "labelled_malicious": 273,
            "recall": 0.9927272727272727
        },
        "18": {
            "labelled_normal": 46,
            "labelled_malicious": 407,
            "recall": 0.8984547461368654
        },
        "19": {
            "labelled_normal": 0,
            "labelled_malicious": 316,
            "recall": 1.0
        },
        "20": {
            "labelled_normal": 0,
            "labelled_malicious": 145,
            "recall": 1.0
        },
        "21": {
            "labelled_normal": 0,
            "labelled_malicious": 336,
            "recall": 1.0
        },
        "22": {
            "labelled_normal": 0,
            "labelled_malicious": 274,
            "recall": 1.0
        },
        "23": {
            "labelled_normal": 0,
            "labelled_malicious": 453,
            "recall": 1.0
        },
        "24": {
            "labelled_normal": 0,
            "labelled_malicious": 238,
            "recall": 1.0
        },
        "25": {
            "labelled_normal": 11,
            "labelled_malicious": 261,
            "recall": 0.9595588235294118
        },
        "26": {
            "labelled_normal": 2,
            "labelled_malicious": 394,
            "recall": 0.9949494949494949
        },
        "27": {
            "labelled_normal": 72,
            "labelled_malicious": 336,
            "recall": 0.8235294117647058
        },
        "28": {
            "labelled_normal": 18,
            "labelled_malicious": 346,
            "recall": 0.9505494505494505
        },
        "29": {
            "labelled_normal": 0,
            "labelled_malicious": 365,
            "recall": 1.0
        },
        "30": {
            "labelled_normal": 86,
            "labelled_malicious": 345,
            "recall": 0.8004640371229699
        },
        "31": {
            "labelled_normal": 0,
            "labelled_malicious": 354,
            "recall": 1.0
        },
        "32": {
            "labelled_normal": 0,
            "labelled_malicious": 386,
            "recall": 1.0
        },
        "33": {
            "labelled_normal": 9,
            "labelled_malicious": 299,
            "recall": 0.9707792207792207
        },
        "34": {
            "labelled_normal": 29,
            "labelled_malicious": 385,
            "recall": 0.9299516908212561
        },
        "35": {
            "labelled_normal": 57,
            "labelled_malicious": 376,
            "recall": 0.8683602771362586
        }
    },
    "attack_categories": {
        "0": {
            "labelled_normal": 42418,
            "labelled_malicious": 447,
            "recall": 0.989571911816167
        },
        "1": {
            "labelled_normal": 86,
            "labelled_malicious": 1450,
            "recall": 0.9440104166666666
        },
        "2": {
            "labelled_normal": 198,
            "labelled_malicious": 2397,
            "recall": 0.923699421965318
        },
        "3": {
            "labelled_normal": 328,
            "labelled_malicious": 1285,
            "recall": 0.796652200867948
        },
        "4": {
            "labelled_normal": 254,
            "labelled_malicious": 3846,
            "recall": 0.9380487804878048
        },
        "5": {
            "labelled_normal": 0,
            "labelled_malicious": 926,
            "recall": 1.0
        },
        "6": {
            "labelled_normal": 46,
            "labelled_malicious": 407,
            "recall": 0.8984547461368654
        },
        "7": {
            "labelled_normal": 0,
            "labelled_malicious": 836,
            "recall": 1.0
        }
    }
}