{
    "TP": 11346,
    "TN": 42591,
    "FP": 274,
    "FN": 713,
    "accuracy": 0.9820297137863229,
    "precision": 0.976419965576592,
    "recall": 0.9408740359897172,
    "attack_types": {
        "0": {
            "labelled_normal": 42591,
            "labelled_malicious": 274,
            "recall": 0.9936078385629301
        },
        "1": {
            "labelled_normal": 2,
            "labelled_malicious": 376,
            "recall": 0.9947089947089947
        },
        "2": {
            "labelled_normal": 63,
            "labelled_malicious": 228,
            "recall": 0.7835051546391752
        },
        "3": {
            "labelled_normal": 1,
            "labelled_malicious": 294,
            "recall": 0.9966101694915255
        },
        "4": {
            "labelled_normal": 1,
            "labelled_malicious": 412,
            "recall": 0.9975786924939467
        },
        "5": {
            "labelled_normal": 2,
            "labelled_malicious": 272,
            "recall": 0.9927007299270073
        },
        "6": {
            "labelled_normal": 56,
            "labelled_malicious": 362,
            "recall": 0.8660287081339713
        },
        "7": {
            "labelled_normal": 0,
            "labelled_malicious": 305,
            "recall": 1.0
        },
        "8": {
            "labelled_normal": 12,
            "labelled_malicious": 338,
            "recall": 0.9657142857142857
        },
        "9": {
            "labelled_normal": 2,
            "labelled_malicious": 298,
            "recall": 0.9933333333333333
        },
        "10": {
            "labelled_normal": 63,
            "labelled_malicious": 223,
            "recall": 0.7797202797202797
        },
        "11": {
            "labelled_normal": 2,
            "labelled_malicious": 335,
            "recall": 0.9940652818991098
        },
        "12": {
            "labelled_normal": 2,
            "labelled_malicious": 451,
            "recall": 0.9955849889624724
        },
        "13": {
            "labelled_normal": 42,
            "labelled_malicious": 277,
            "recall": 0.8683385579937304
        },
        "14": {
            "labelled_normal": 33,
            "labelled_malicious": 308,
            "recall": 0.9032258064516129
        },
        "15": {
            "labelled_normal": 55,
            "labelled_malicious": 282,
            "recall": 0.8367952522255193
        },
        "16": {
            "labelled_normal": 2,
            "labelled_malicious": 339,
            "recall": 0.9941348973607038
        },
        "17": {
            "labelled_normal": 2,
            "labelled_malicious": 273,
            "recall": 0.9927272727272727
        },
        "18": {
            "labelled_normal": 33,
            "labelled_malicious": 420,
            "recall": 0.9271523178807947
        },
        "19": {
            "labelled_normal": 1,
            "labelled_malicious": 315,
            "recall": 0.9968354430379747
        },
        "20": {
            "labelled_normal": 0,
            "labelled_malicious": 145,
            "recall": 1.0
        },
        "21": {
            "labelled_normal": 0,
            "labelled_malicious": 336,
            "recall": 1.0
        },
        "22": {
            "labelled_normal": 0,
            "labelled_malicious": 274,
            "recall": 1.0
        },
        "23": {
            "labelled_normal": 0,
            "labelled_malicious": 453,
            "recall": 1.0
        },
        "24": {
            "labelled_normal": 109,
            "labelled_malicious": 129,
            "recall": 0.542016806722689
        },
        "25": {
            "labelled_normal": 12,
            "labelled_malicious": 260,
            "recall": 0.9558823529411765
        },
        "26": {
            "labelled_normal": 4,
            "labelled_malicious": 392,
            "recall": 0.98989898989899
        },
        "27": {
            "labelled_normal": 46,
            "labelled_malicious": 362,
            "recall": 0.8872549019607843
        },
        "28": {
            "labelled_normal": 18,
            "labelled_malicious": 346,
            "recall": 0.9505494505494505
        },
        "29": {
            "labelled_normal": 2,
            "labelled_malicious": 363,
            "recall": 0.9945205479452055
        },
        "30": {
            "labelled_normal": 66,
            "labelled_malicious": 365,
            "recall": 0.8468677494199536
        },
        "31": {
            "labelled_normal": 0,
            "labelled_malicious": 354,
            "recall": 1.0
        },
        "32": {
            "labelled_normal": 0,
            "labelled_malicious": 386,
            "recall": 1.0
        },
        "33": {
            "labelled_normal": 13,
            "labelled_malicious": 295,
            "recall": 0.9577922077922078
        },
        "34": {
            "labelled_normal": 22,
            "labelled_malicious": 392,
            "recall": 0.9468599033816425
        },
        "35": {
            "labelled_normal": 47,
            "labelled_malicious": 386,
            "recall": 0.8914549653579676
        }
    },
    "attack_categories": {
        "0": {
            "labelled_normal": 42591,
            "labelled_malicious": 274,
            "recall": 0.9936078385629301
        },
        "1": {
            "labelled_normal": 68,
            "labelled_malicious": 1468,
            "recall": 0.9557291666666666
        },
        "2": {
            "labelled_normal": 162,
            "labelled_malicious": 2433,
            "recall": 0.9375722543352601
        },
        "3": {
            "labelled_normal": 134,
            "labelled_malicious": 1479,
            "recall": 0.91692498450093
        },
        "4": {
            "labelled_normal": 206,
            "labelled_malicious": 3894,
            "recall": 0.9497560975609756
        },
        "5": {
            "labelled_normal": 1,
            "labelled_malicious": 925,
            "recall": 0.9989200863930886
        },
        "6": {
            "labelled_normal": 33,
            "labelled_malicious": 420,
            "recall": 0.9271523178807947
        },
        "7": {
            "labelled_normal": 109,
            "labelled_malicious": 727,
            "recall": 0.8696172248803827
        }
    }
}