{
    "TP": 10709,
    "TN": 42624,
    "FP": 404,
    "FN": 1187,
    "accuracy": 0.9710326997305367,
    "precision": 0.9636461801493746,
    "recall": 0.9002185608607935,
    "attack_types": {
        "0": {
            "labelled_normal": 42624,
            "labelled_malicious": 404,
            "recall": 0.9906107650832017
        },
        "1": {
            "labelled_normal": 5,
            "labelled_malicious": 385,
            "recall": 0.9871794871794872
        },
        "2": {
            "labelled_normal": 65,
            "labelled_malicious": 211,
            "recall": 0.7644927536231884
        },
        "3": {
            "labelled_normal": 1,
            "labelled_malicious": 359,
            "recall": 0.9972222222222222
        },
        "4": {
            "labelled_normal": 2,
            "labelled_malicious": 366,
            "recall": 0.9945652173913043
        },
        "5": {
            "labelled_normal": 6,
            "labelled_malicious": 272,
            "recall": 0.9784172661870504
        },
        "6": {
            "labelled_normal": 77,
            "labelled_malicious": 347,
            "recall": 0.8183962264150944
        },
        "7": {
            "labelled_normal": 0,
            "labelled_malicious": 327,
            "recall": 1.0
        },
        "8": {
            "labelled_normal": 13,
            "labelled_malicious": 347,
            "recall": 0.9638888888888889
        },
        "9": {
            "labelled_normal": 8,
            "labelled_malicious": 271,
            "recall": 0.9713261648745519
        },
        "10": {
            "labelled_normal": 96,
            "labelled_malicious": 221,
            "recall": 0.6971608832807571
        },
        "11": {
            "labelled_normal": 4,
            "labelled_malicious": 345,
            "recall": 0.9885386819484241
        },
        "12": {
            "labelled_normal": 2,
            "labelled_malicious": 381,
            "recall": 0.9947780678851175
        },
        "13": {
            "labelled_normal": 61,
            "labelled_malicious": 263,
            "recall": 0.8117283950617284
        },
        "14": {
            "labelled_normal": 50,
            "labelled_malicious": 271,
            "recall": 0.8442367601246106
        },
        "15": {
            "labelled_normal": 64,
            "labelled_malicious": 230,
            "recall": 0.782312925170068
        },
        "16": {
            "labelled_normal": 0,
            "labelled_malicious": 293,
            "recall": 1.0
        },
        "17": {
            "labelled_normal": 1,
            "labelled_malicious": 277,
            "recall": 0.9964028776978417
        },
        "18": {
            "labelled_normal": 59,
            "labelled_malicious": 349,
            "recall": 0.8553921568627451
        },
        "19": {
            "labelled_normal": 0,
            "labelled_malicious": 310,
            "recall": 1.0
        },
        "20": {
            "labelled_normal": 0,
            "labelled_malicious": 141,
            "recall": 1.0
        },
        "21": {
            "labelled_normal": 0,
            "labelled_malicious": 319,
            "recall": 1.0
        },
        "22": {
            "labelled_normal": 0,
            "labelled_malicious": 317,
            "recall": 1.0
        },
        "23": {
            "labelled_normal": 0,
            "labelled_malicious": 383,
            "recall": 1.0
        },
        "24": {
            "labelled_normal": 1,
            "labelled_malicious": 213,
            "recall": 0.9953271028037384
        },
        "25": {
            "labelled_normal": 17,
            "labelled_malicious": 280,
            "recall": 0.9427609427609428
        },
        "26": {
            "labelled_normal": 2,
            "labelled_malicious": 364,
            "recall": 0.994535519125683
        },
        "27": {
            "labelled_normal": 352,
            "labelled_malicious": 67,
            "recall": 0.15990453460620524
        },
        "28": {
            "labelled_normal": 28,
            "labelled_malicious": 342,
            "recall": 0.9243243243243243
        },
        "29": {
            "labelled_normal": 4,
            "labelled_malicious": 362,
            "recall": 0.9890710382513661
        },
        "30": {
            "labelled_normal": 113,
            "labelled_malicious": 298,
            "recall": 0.7250608272506083
        },
        "31": {
            "labelled_normal": 0,
            "labelled_malicious": 358,
            "recall": 1.0
        },
        "32": {
            "labelled_normal": 1,
            "labelled_malicious": 415,
            "recall": 0.9975961538461539
        },
        "33": {
            "labelled_normal": 19,
            "labelled_malicious": 334,
            "recall": 0.9461756373937678
        },
        "34": {
            "labelled_normal": 42,
            "labelled_malicious": 365,
            "recall": 0.8968058968058968
        },
        "35": {
            "labelled_normal": 94,
            "labelled_malicious": 326,
            "recall": 0.7761904761904762
        }
    },
    "attack_categories": {
        "0": {
            "labelled_normal": 42624,
            "labelled_malicious": 404,
            "recall": 0.9906107650832017
        },
        "1": {
            "labelled_normal": 118,
            "labelled_malicious": 1433,
            "recall": 0.9239200515796261
        },
        "2": {
            "labelled_normal": 554,
            "labelled_malicious": 2078,
            "recall": 0.7895136778115501
        },
        "3": {
            "labelled_normal": 176,
            "labelled_malicious": 1334,
            "recall": 0.8834437086092716
        },
        "4": {
            "labelled_normal": 279,
            "labelled_malicious": 3832,
            "recall": 0.9321333009000243
        },
        "5": {
            "labelled_normal": 0,
            "labelled_malicious": 946,
            "recall": 1.0
        },
        "6": {
            "labelled_normal": 59,
            "labelled_malicious": 349,
            "recall": 0.8553921568627451
        },
        "7": {
            "labelled_normal": 1,
            "labelled_malicious": 737,
            "recall": 0.9986449864498645
        }
    }
}