{
    "TP": 11024,
    "TN": 42445,
    "FP": 368,
    "FN": 1087,
    "accuracy": 0.97350884859078,
    "precision": 0.9676966292134831,
    "recall": 0.9102468829989266,
    "attack_types": {
        "0": {
            "labelled_normal": 42445,
            "labelled_malicious": 368,
            "recall": 0.9914044799476794
        },
        "1": {
            "labelled_normal": 1,
            "labelled_malicious": 321,
            "recall": 0.9968944099378882
        },
        "2": {
            "labelled_normal": 70,
            "labelled_malicious": 233,
            "recall": 0.768976897689769
        },
        "3": {
            "labelled_normal": 3,
            "labelled_malicious": 359,
            "recall": 0.9917127071823204
        },
        "4": {
            "labelled_normal": 1,
            "labelled_malicious": 351,
            "recall": 0.9971590909090909
        },
        "5": {
            "labelled_normal": 1,
            "labelled_malicious": 291,
            "recall": 0.9965753424657534
        },
        "6": {
            "labelled_normal": 81,
            "labelled_malicious": 325,
            "recall": 0.8004926108374384
        },
        "7": {
            "labelled_normal": 0,
            "labelled_malicious": 291,
            "recall": 1.0
        },
        "8": {
            "labelled_normal": 8,
            "labelled_malicious": 343,
            "recall": 0.9772079772079773
        },
        "9": {
            "labelled_normal": 5,
            "labelled_malicious": 242,
            "recall": 0.979757085020243
        },
        "10": {
            "labelled_normal": 87,
            "labelled_malicious": 209,
            "recall": 0.706081081081081
        },
        "11": {
            "labelled_normal": 231,
            "labelled_malicious": 132,
            "recall": 0.36363636363636365
        },
        "12": {
            "labelled_normal": 4,
            "labelled_malicious": 456,
            "recall": 0.991304347826087
        },
        "13": {
            "labelled_normal": 52,
            "labelled_malicious": 307,
            "recall": 0.8551532033426184
        },
        "14": {
            "labelled_normal": 47,
            "labelled_malicious": 311,
            "recall": 0.8687150837988827
        },
        "15": {
            "labelled_normal": 73,
            "labelled_malicious": 247,
            "recall": 0.771875
        },
        "16": {
            "labelled_normal": 3,
            "labelled_malicious": 357,
            "recall": 0.9916666666666667
        },
        "17": {
            "labelled_normal": 3,
            "labelled_malicious": 304,
            "recall": 0.990228013029316
        },
        "18": {
            "labelled_normal": 40,
            "labelled_malicious": 400,
            "recall": 0.9090909090909091
        },
        "19": {
            "labelled_normal": 0,
            "labelled_malicious": 333,
            "recall": 1.0
        },
        "20": {
            "labelled_normal": 0,
            "labelled_malicious": 133,
            "recall": 1.0
        },
        "21": {
            "labelled_normal": 0,
            "labelled_malicious": 344,
            "recall": 1.0
        },
        "22": {
            "labelled_normal": 0,
            "labelled_malicious": 319,
            "recall": 1.0
        },
        "23": {
            "labelled_normal": 0,
            "labelled_malicious": 457,
            "recall": 1.0
        },
        "24": {
            "labelled_normal": 1,
            "labelled_malicious": 210,
            "recall": 0.995260663507109
        },
        "25": {
            "labelled_normal": 19,
            "labelled_malicious": 288,
            "recall": 0.9381107491856677
        },
        "26": {
            "labelled_normal": 1,
            "labelled_malicious": 342,
            "recall": 0.9970845481049563
        },
        "27": {
            "labelled_normal": 101,
            "labelled_malicious": 345,
            "recall": 0.773542600896861
        },
        "28": {
            "labelled_normal": 24,
            "labelled_malicious": 312,
            "recall": 0.9285714285714286
        },
        "29": {
            "labelled_normal": 6,
            "labelled_malicious": 387,
            "recall": 0.9847328244274809
        },
        "30": {
            "labelled_normal": 95,
            "labelled_malicious": 298,
            "recall": 0.7582697201017812
        },
        "31": {
            "labelled_normal": 0,
            "labelled_malicious": 405,
            "recall": 1.0
        },
        "32": {
            "labelled_normal": 0,
            "labelled_malicious": 368,
            "recall": 1.0
        },
        "33": {
            "labelled_normal": 20,
            "labelled_malicious": 297,
            "recall": 0.9369085173501577
        },
        "34": {
            "labelled_normal": 33,
            "labelled_malicious": 347,
            "recall": 0.9131578947368421
        },
        "35": {
            "labelled_normal": 77,
            "labelled_malicious": 360,
            "recall": 0.8237986270022883
        }
    },
    "attack_categories": {
        "0": {
            "labelled_normal": 42445,
            "labelled_malicious": 368,
            "recall": 0.9914044799476794
        },
        "1": {
            "labelled_normal": 101,
            "labelled_malicious": 1458,
            "recall": 0.9352148813341886
        },
        "2": {
            "labelled_normal": 275,
            "labelled_malicious": 2291,
            "recall": 0.8928293063133281
        },
        "3": {
            "labelled_normal": 178,
            "labelled_malicious": 1526,
            "recall": 0.8955399061032864
        },
        "4": {
            "labelled_normal": 492,
            "labelled_malicious": 3553,
            "recall": 0.8783683559950556
        },
        "5": {
            "labelled_normal": 0,
            "labelled_malicious": 996,
            "recall": 1.0
        },
        "6": {
            "labelled_normal": 40,
            "labelled_malicious": 400,
            "recall": 0.9090909090909091
        },
        "7": {
            "labelled_normal": 1,
            "labelled_malicious": 800,
            "recall": 0.9987515605493134
        }
    }
}