{
    "TP": 11341,
    "TN": 42536,
    "FP": 277,
    "FN": 770,
    "accuracy": 0.9809372951715097,
    "precision": 0.9761576863487692,
    "recall": 0.9364214350590372,
    "attack_types": {
        "0": {
            "labelled_normal": 42536,
            "labelled_malicious": 277,
            "recall": 0.993530002569313
        },
        "1": {
            "labelled_normal": 1,
            "labelled_malicious": 321,
            "recall": 0.9968944099378882
        },
        "2": {
            "labelled_normal": 63,
            "labelled_malicious": 240,
            "recall": 0.7920792079207921
        },
        "3": {
            "labelled_normal": 2,
            "labelled_malicious": 360,
            "recall": 0.994475138121547
        },
        "4": {
            "labelled_normal": 2,
            "labelled_malicious": 350,
            "recall": 0.9943181818181818
        },
        "5": {
            "labelled_normal": 81,
            "labelled_malicious": 211,
            "recall": 0.7226027397260274
        },
        "6": {
            "labelled_normal": 75,
            "labelled_malicious": 331,
            "recall": 0.8152709359605911
        },
        "7": {
            "labelled_normal": 0,
            "labelled_malicious": 291,
            "recall": 1.0
        },
        "8": {
            "labelled_normal": 6,
            "labelled_malicious": 345,
            "recall": 0.9829059829059829
        },
        "9": {
            "labelled_normal": 4,
            "labelled_malicious": 243,
            "recall": 0.9838056680161943
        },
        "10": {
            "labelled_normal": 76,
            "labelled_malicious": 220,
            "recall": 0.7432432432432432
        },
        "11": {
            "labelled_normal": 3,
            "labelled_malicious": 360,
            "recall": 0.9917355371900827
        },
        "12": {
            "labelled_normal": 2,
            "labelled_malicious": 458,
            "recall": 0.9956521739130435
        },
        "13": {
            "labelled_normal": 47,
            "labelled_malicious": 312,
            "recall": 0.8690807799442897
        },
        "14": {
            "labelled_normal": 47,
            "labelled_malicious": 311,
            "recall": 0.8687150837988827
        },
        "15": {
            "labelled_normal": 58,
            "labelled_malicious": 262,
            "recall": 0.81875
        },
        "16": {
            "labelled_normal": 2,
            "labelled_malicious": 358,
            "recall": 0.9944444444444445
        },
        "17": {
            "labelled_normal": 0,
            "labelled_malicious": 307,
            "recall": 1.0
        },
        "18": {
            "labelled_normal": 30,
            "labelled_malicious": 410,
            "recall": 0.9318181818181818
        },
        "19": {
            "labelled_normal": 0,
            "labelled_malicious": 333,
            "recall": 1.0
        },
        "20": {
            "labelled_normal": 0,
            "labelled_malicious": 133,
            "recall": 1.0
        },
        "21": {
            "labelled_normal": 0,
            "labelled_malicious": 344,
            "recall": 1.0
        },
        "22": {
            "labelled_normal": 0,
            "labelled_malicious": 319,
            "recall": 1.0
        },
        "23": {
            "labelled_normal": 0,
            "labelled_malicious": 457,
            "recall": 1.0
        },
        "24": {
            "labelled_normal": 1,
            "labelled_malicious": 210,
            "recall": 0.995260663507109
        },
        "25": {
            "labelled_normal": 18,
            "labelled_malicious": 289,
            "recall": 0.9413680781758957
        },
        "26": {
            "labelled_normal": 2,
            "labelled_malicious": 341,
            "recall": 0.9941690962099126
        },
        "27": {
            "labelled_normal": 47,
            "labelled_malicious": 399,
            "recall": 0.8946188340807175
        },
        "28": {
            "labelled_normal": 24,
            "labelled_malicious": 312,
            "recall": 0.9285714285714286
        },
        "29": {
            "labelled_normal": 6,
            "labelled_malicious": 387,
            "recall": 0.9847328244274809
        },
        "30": {
            "labelled_normal": 79,
            "labelled_malicious": 314,
            "recall": 0.7989821882951654
        },
        "31": {
            "labelled_normal": 0,
            "labelled_malicious": 405,
            "recall": 1.0
        },
        "32": {
            "labelled_normal": 0,
            "labelled_malicious": 368,
            "recall": 1.0
        },
        "33": {
            "labelled_normal": 16,
            "labelled_malicious": 301,
            "recall": 0.9495268138801262
        },
        "34": {
            "labelled_normal": 28,
            "labelled_malicious": 352,
            "recall": 0.9263157894736842
        },
        "35": {
            "labelled_normal": 50,
            "labelled_malicious": 387,
            "recall": 0.88558352402746
        }
    },
    "attack_categories": {
        "0": {
            "labelled_normal": 42536,
            "labelled_malicious": 277,
            "recall": 0.993530002569313
        },
        "1": {
            "labelled_normal": 85,
            "labelled_malicious": 1474,
            "recall": 0.9454778704297627
        },
        "2": {
            "labelled_normal": 185,
            "labelled_malicious": 2381,
            "recall": 0.9279033515198752
        },
        "3": {
            "labelled_normal": 154,
            "labelled_malicious": 1550,
            "recall": 0.9096244131455399
        },
        "4": {
            "labelled_normal": 315,
            "labelled_malicious": 3730,
            "recall": 0.9221260815822002
        },
        "5": {
            "labelled_normal": 0,
            "labelled_malicious": 996,
            "recall": 1.0
        },
        "6": {
            "labelled_normal": 30,
            "labelled_malicious": 410,
            "recall": 0.9318181818181818
        },
        "7": {
            "labelled_normal": 1,
            "labelled_malicious": 800,
            "recall": 0.9987515605493134
        }
    }
}