{
    "TP": 11260,
    "TN": 42329,
    "FP": 484,
    "FN": 851,
    "accuracy": 0.9756936858204064,
    "precision": 0.9587874659400545,
    "recall": 0.9297333003055074,
    "attack_types": {
        "0": {
            "labelled_normal": 42329,
            "labelled_malicious": 484,
            "recall": 0.9886950225398827
        },
        "1": {
            "labelled_normal": 1,
            "labelled_malicious": 321,
            "recall": 0.9968944099378882
        },
        "2": {
            "labelled_normal": 58,
            "labelled_malicious": 245,
            "recall": 0.8085808580858086
        },
        "3": {
            "labelled_normal": 2,
            "labelled_malicious": 360,
            "recall": 0.994475138121547
        },
        "4": {
            "labelled_normal": 2,
            "labelled_malicious": 350,
            "recall": 0.9943181818181818
        },
        "5": {
            "labelled_normal": 0,
            "labelled_malicious": 292,
            "recall": 1.0
        },
        "6": {
            "labelled_normal": 76,
            "labelled_malicious": 330,
            "recall": 0.812807881773399
        },
        "7": {
            "labelled_normal": 0,
            "labelled_malicious": 291,
            "recall": 1.0
        },
        "8": {
            "labelled_normal": 6,
            "labelled_malicious": 345,
            "recall": 0.9829059829059829
        },
        "9": {
            "labelled_normal": 6,
            "labelled_malicious": 241,
            "recall": 0.9757085020242915
        },
        "10": {
            "labelled_normal": 76,
            "labelled_malicious": 220,
            "recall": 0.7432432432432432
        },
        "11": {
            "labelled_normal": 5,
            "labelled_malicious": 358,
            "recall": 0.9862258953168044
        },
        "12": {
            "labelled_normal": 2,
            "labelled_malicious": 458,
            "recall": 0.9956521739130435
        },
        "13": {
            "labelled_normal": 26,
            "labelled_malicious": 333,
            "recall": 0.9275766016713092
        },
        "14": {
            "labelled_normal": 66,
            "labelled_malicious": 292,
            "recall": 0.8156424581005587
        },
        "15": {
            "labelled_normal": 59,
            "labelled_malicious": 261,
            "recall": 0.815625
        },
        "16": {
            "labelled_normal": 2,
            "labelled_malicious": 358,
            "recall": 0.9944444444444445
        },
        "17": {
            "labelled_normal": 0,
            "labelled_malicious": 307,
            "recall": 1.0
        },
        "18": {
            "labelled_normal": 36,
            "labelled_malicious": 404,
            "recall": 0.9181818181818182
        },
        "19": {
            "labelled_normal": 0,
            "labelled_malicious": 333,
            "recall": 1.0
        },
        "20": {
            "labelled_normal": 0,
            "labelled_malicious": 133,
            "recall": 1.0
        },
        "21": {
            "labelled_normal": 0,
            "labelled_malicious": 344,
            "recall": 1.0
        },
        "22": {
            "labelled_normal": 0,
            "labelled_malicious": 319,
            "recall": 1.0
        },
        "23": {
            "labelled_normal": 0,
            "labelled_malicious": 457,
            "recall": 1.0
        },
        "24": {
            "labelled_normal": 85,
            "labelled_malicious": 126,
            "recall": 0.5971563981042654
        },
        "25": {
            "labelled_normal": 26,
            "labelled_malicious": 281,
            "recall": 0.9153094462540716
        },
        "26": {
            "labelled_normal": 1,
            "labelled_malicious": 342,
            "recall": 0.9970845481049563
        },
        "27": {
            "labelled_normal": 58,
            "labelled_malicious": 388,
            "recall": 0.8699551569506726
        },
        "28": {
            "labelled_normal": 21,
            "labelled_malicious": 315,
            "recall": 0.9375
        },
        "29": {
            "labelled_normal": 5,
            "labelled_malicious": 388,
            "recall": 0.9872773536895675
        },
        "30": {
            "labelled_normal": 96,
            "labelled_malicious": 297,
            "recall": 0.7557251908396947
        },
        "31": {
            "labelled_normal": 1,
            "labelled_malicious": 404,
            "recall": 0.9975308641975309
        },
        "32": {
            "labelled_normal": 0,
            "labelled_malicious": 368,
            "recall": 1.0
        },
        "33": {
            "labelled_normal": 18,
            "labelled_malicious": 299,
            "recall": 0.943217665615142
        },
        "34": {
            "labelled_normal": 35,
            "labelled_malicious": 345,
            "recall": 0.9078947368421053
        },
        "35": {
            "labelled_normal": 82,
            "labelled_malicious": 355,
            "recall": 0.8123569794050344
        }
    },
    "attack_categories": {
        "0": {
            "labelled_normal": 42329,
            "labelled_malicious": 484,
            "recall": 0.9886950225398827
        },
        "1": {
            "labelled_normal": 102,
            "labelled_malicious": 1457,
            "recall": 0.9345734445157152
        },
        "2": {
            "labelled_normal": 241,
            "labelled_malicious": 2325,
            "recall": 0.9060795011691348
        },
        "3": {
            "labelled_normal": 153,
            "labelled_malicious": 1551,
            "recall": 0.9102112676056338
        },
        "4": {
            "labelled_normal": 234,
            "labelled_malicious": 3811,
            "recall": 0.9421508034610631
        },
        "5": {
            "labelled_normal": 0,
            "labelled_malicious": 996,
            "recall": 1.0
        },
        "6": {
            "labelled_normal": 36,
            "labelled_malicious": 404,
            "recall": 0.9181818181818182
        },
        "7": {
            "labelled_normal": 85,
            "labelled_malicious": 716,
            "recall": 0.8938826466916354
        }
    }
}