{
    "TP": 8179,
    "TN": 42713,
    "FP": 317,
    "FN": 3719,
    "accuracy": 0.9265219924264492,
    "precision": 0.9626883239171374,
    "recall": 0.6874264582282736,
    "attack_types": {
        "0": {
            "labelled_normal": 42713,
            "labelled_malicious": 317,
            "recall": 0.9926330467115966
        },
        "1": {
            "labelled_normal": 308,
            "labelled_malicious": 10,
            "recall": 0.031446540880503145
        },
        "2": {
            "labelled_normal": 263,
            "labelled_malicious": 21,
            "recall": 0.07394366197183098
        },
        "3": {
            "labelled_normal": 92,
            "labelled_malicious": 245,
            "recall": 0.7270029673590505
        },
        "4": {
            "labelled_normal": 108,
            "labelled_malicious": 266,
            "recall": 0.7112299465240641
        },
        "5": {
            "labelled_normal": 245,
            "labelled_malicious": 34,
            "recall": 0.12186379928315412
        },
        "6": {
            "labelled_normal": 356,
            "labelled_malicious": 42,
            "recall": 0.10552763819095477
        },
        "7": {
            "labelled_normal": 235,
            "labelled_malicious": 58,
            "recall": 0.19795221843003413
        },
        "8": {
            "labelled_normal": 292,
            "labelled_malicious": 76,
            "recall": 0.20652173913043478
        },
        "9": {
            "labelled_normal": 253,
            "labelled_malicious": 9,
            "recall": 0.03435114503816794
        },
        "10": {
            "labelled_normal": 290,
            "labelled_malicious": 9,
            "recall": 0.030100334448160536
        },
        "11": {
            "labelled_normal": 256,
            "labelled_malicious": 132,
            "recall": 0.3402061855670103
        },
        "12": {
            "labelled_normal": 353,
            "labelled_malicious": 43,
            "recall": 0.10858585858585859
        },
        "13": {
            "labelled_normal": 42,
            "labelled_malicious": 236,
            "recall": 0.8489208633093526
        },
        "14": {
            "labelled_normal": 67,
            "labelled_malicious": 277,
            "recall": 0.8052325581395349
        },
        "15": {
            "labelled_normal": 51,
            "labelled_malicious": 244,
            "recall": 0.8271186440677966
        },
        "16": {
            "labelled_normal": 4,
            "labelled_malicious": 324,
            "recall": 0.9878048780487805
        },
        "17": {
            "labelled_normal": 0,
            "labelled_malicious": 271,
            "recall": 1.0
        },
        "18": {
            "labelled_normal": 40,
            "labelled_malicious": 407,
            "recall": 0.9105145413870246
        },
        "19": {
            "labelled_normal": 0,
            "labelled_malicious": 335,
            "recall": 1.0
        },
        "20": {
            "labelled_normal": 0,
            "labelled_malicious": 126,
            "recall": 1.0
        },
        "21": {
            "labelled_normal": 1,
            "labelled_malicious": 358,
            "recall": 0.9972144846796658
        },
        "22": {
            "labelled_normal": 0,
            "labelled_malicious": 339,
            "recall": 1.0
        },
        "23": {
            "labelled_normal": 0,
            "labelled_malicious": 331,
            "recall": 1.0
        },
        "24": {
            "labelled_normal": 0,
            "labelled_malicious": 241,
            "recall": 1.0
        },
        "25": {
            "labelled_normal": 17,
            "labelled_malicious": 284,
            "recall": 0.9435215946843853
        },
        "26": {
            "labelled_normal": 5,
            "labelled_malicious": 368,
            "recall": 0.9865951742627346
        },
        "27": {
            "labelled_normal": 75,
            "labelled_malicious": 330,
            "recall": 0.8148148148148148
        },
        "28": {
            "labelled_normal": 25,
            "labelled_malicious": 357,
            "recall": 0.9345549738219895
        },
        "29": {
            "labelled_normal": 4,
            "labelled_malicious": 371,
            "recall": 0.9893333333333333
        },
        "30": {
            "labelled_normal": 147,
            "labelled_malicious": 292,
            "recall": 0.6651480637813212
        },
        "31": {
            "labelled_normal": 0,
            "labelled_malicious": 393,
            "recall": 1.0
        },
        "32": {
            "labelled_normal": 0,
            "labelled_malicious": 332,
            "recall": 1.0
        },
        "33": {
            "labelled_normal": 18,
            "labelled_malicious": 302,
            "recall": 0.94375
        },
        "34": {
            "labelled_normal": 49,
            "labelled_malicious": 356,
            "recall": 0.8790123456790123
        },
        "35": {
            "labelled_normal": 123,
            "labelled_malicious": 360,
            "recall": 0.7453416149068323
        }
    },
    "attack_categories": {
        "0": {
            "labelled_normal": 42713,
            "labelled_malicious": 317,
            "recall": 0.9926330467115966
        },
        "1": {
            "labelled_normal": 151,
            "labelled_malicious": 1388,
            "recall": 0.9018843404808317
        },
        "2": {
            "labelled_normal": 312,
            "labelled_malicious": 2357,
            "recall": 0.8831022855001873
        },
        "3": {
            "labelled_normal": 164,
            "labelled_malicious": 1352,
            "recall": 0.8918205804749341
        },
        "4": {
            "labelled_normal": 3051,
            "labelled_malicious": 945,
            "recall": 0.23648648648648649
        },
        "5": {
            "labelled_normal": 1,
            "labelled_malicious": 1032,
            "recall": 0.9990319457889641
        },
        "6": {
            "labelled_normal": 40,
            "labelled_malicious": 407,
            "recall": 0.9105145413870246
        },
        "7": {
            "labelled_normal": 0,
            "labelled_malicious": 698,
            "recall": 1.0
        }
    }
}