{
    "TP": 11152,
    "TN": 42572,
    "FP": 241,
    "FN": 959,
    "accuracy": 0.9781516277037361,
    "precision": 0.9788466602299658,
    "recall": 0.9208157873008009,
    "attack_types": {
        "0": {
            "labelled_normal": 42572,
            "labelled_malicious": 241,
            "recall": 0.9943708686613879
        },
        "1": {
            "labelled_normal": 1,
            "labelled_malicious": 321,
            "recall": 0.9968944099378882
        },
        "2": {
            "labelled_normal": 72,
            "labelled_malicious": 231,
            "recall": 0.7623762376237624
        },
        "3": {
            "labelled_normal": 2,
            "labelled_malicious": 360,
            "recall": 0.994475138121547
        },
        "4": {
            "labelled_normal": 2,
            "labelled_malicious": 350,
            "recall": 0.9943181818181818
        },
        "5": {
            "labelled_normal": 0,
            "labelled_malicious": 292,
            "recall": 1.0
        },
        "6": {
            "labelled_normal": 82,
            "labelled_malicious": 324,
            "recall": 0.7980295566502463
        },
        "7": {
            "labelled_normal": 0,
            "labelled_malicious": 291,
            "recall": 1.0
        },
        "8": {
            "labelled_normal": 10,
            "labelled_malicious": 341,
            "recall": 0.9715099715099715
        },
        "9": {
            "labelled_normal": 5,
            "labelled_malicious": 242,
            "recall": 0.979757085020243
        },
        "10": {
            "labelled_normal": 64,
            "labelled_malicious": 232,
            "recall": 0.7837837837837838
        },
        "11": {
            "labelled_normal": 2,
            "labelled_malicious": 361,
            "recall": 0.9944903581267218
        },
        "12": {
            "labelled_normal": 2,
            "labelled_malicious": 458,
            "recall": 0.9956521739130435
        },
        "13": {
            "labelled_normal": 52,
            "labelled_malicious": 307,
            "recall": 0.8551532033426184
        },
        "14": {
            "labelled_normal": 44,
            "labelled_malicious": 314,
            "recall": 0.8770949720670391
        },
        "15": {
            "labelled_normal": 62,
            "labelled_malicious": 258,
            "recall": 0.80625
        },
        "16": {
            "labelled_normal": 2,
            "labelled_malicious": 358,
            "recall": 0.9944444444444445
        },
        "17": {
            "labelled_normal": 4,
            "labelled_malicious": 303,
            "recall": 0.9869706840390879
        },
        "18": {
            "labelled_normal": 298,
            "labelled_malicious": 142,
            "recall": 0.32272727272727275
        },
        "19": {
            "labelled_normal": 0,
            "labelled_malicious": 333,
            "recall": 1.0
        },
        "20": {
            "labelled_normal": 0,
            "labelled_malicious": 133,
            "recall": 1.0
        },
        "21": {
            "labelled_normal": 0,
            "labelled_malicious": 344,
            "recall": 1.0
        },
        "22": {
            "labelled_normal": 0,
            "labelled_malicious": 319,
            "recall": 1.0
        },
        "23": {
            "labelled_normal": 0,
            "labelled_malicious": 457,
            "recall": 1.0
        },
        "24": {
            "labelled_normal": 2,
            "labelled_malicious": 209,
            "recall": 0.990521327014218
        },
        "25": {
            "labelled_normal": 21,
            "labelled_malicious": 286,
            "recall": 0.9315960912052117
        },
        "26": {
            "labelled_normal": 1,
            "labelled_malicious": 342,
            "recall": 0.9970845481049563
        },
        "27": {
            "labelled_normal": 50,
            "labelled_malicious": 396,
            "recall": 0.8878923766816144
        },
        "28": {
            "labelled_normal": 21,
            "labelled_malicious": 315,
            "recall": 0.9375
        },
        "29": {
            "labelled_normal": 4,
            "labelled_malicious": 389,
            "recall": 0.989821882951654
        },
        "30": {
            "labelled_normal": 71,
            "labelled_malicious": 322,
            "recall": 0.8193384223918575
        },
        "31": {
            "labelled_normal": 0,
            "labelled_malicious": 405,
            "recall": 1.0
        },
        "32": {
            "labelled_normal": 0,
            "labelled_malicious": 368,
            "recall": 1.0
        },
        "33": {
            "labelled_normal": 15,
            "labelled_malicious": 302,
            "recall": 0.9526813880126183
        },
        "34": {
            "labelled_normal": 27,
            "labelled_malicious": 353,
            "recall": 0.9289473684210526
        },
        "35": {
            "labelled_normal": 43,
            "labelled_malicious": 394,
            "recall": 0.9016018306636155
        }
    },
    "attack_categories": {
        "0": {
            "labelled_normal": 42572,
            "labelled_malicious": 241,
            "recall": 0.9943708686613879
        },
        "1": {
            "labelled_normal": 75,
            "labelled_malicious": 1484,
            "recall": 0.9518922386144965
        },
        "2": {
            "labelled_normal": 178,
            "labelled_malicious": 2388,
            "recall": 0.9306313328137179
        },
        "3": {
            "labelled_normal": 164,
            "labelled_malicious": 1540,
            "recall": 0.903755868544601
        },
        "4": {
            "labelled_normal": 242,
            "labelled_malicious": 3803,
            "recall": 0.9401730531520396
        },
        "5": {
            "labelled_normal": 0,
            "labelled_malicious": 996,
            "recall": 1.0
        },
        "6": {
            "labelled_normal": 298,
            "labelled_malicious": 142,
            "recall": 0.32272727272727275
        },
        "7": {
            "labelled_normal": 2,
            "labelled_malicious": 799,
            "recall": 0.9975031210986267
        }
    }
}