{
    "TP": 11406,
    "TN": 42615,
    "FP": 250,
    "FN": 653,
    "accuracy": 0.9835590998470614,
    "precision": 0.9785518188057652,
    "recall": 0.945849572933079,
    "attack_types": {
        "0": {
            "labelled_normal": 42615,
            "labelled_malicious": 250,
            "recall": 0.9941677359150822
        },
        "1": {
            "labelled_normal": 5,
            "labelled_malicious": 373,
            "recall": 0.9867724867724867
        },
        "2": {
            "labelled_normal": 68,
            "labelled_malicious": 223,
            "recall": 0.7663230240549829
        },
        "3": {
            "labelled_normal": 1,
            "labelled_malicious": 294,
            "recall": 0.9966101694915255
        },
        "4": {
            "labelled_normal": 1,
            "labelled_malicious": 412,
            "recall": 0.9975786924939467
        },
        "5": {
            "labelled_normal": 4,
            "labelled_malicious": 270,
            "recall": 0.9854014598540146
        },
        "6": {
            "labelled_normal": 78,
            "labelled_malicious": 340,
            "recall": 0.8133971291866029
        },
        "7": {
            "labelled_normal": 0,
            "labelled_malicious": 305,
            "recall": 1.0
        },
        "8": {
            "labelled_normal": 12,
            "labelled_malicious": 338,
            "recall": 0.9657142857142857
        },
        "9": {
            "labelled_normal": 9,
            "labelled_malicious": 291,
            "recall": 0.97
        },
        "10": {
            "labelled_normal": 67,
            "labelled_malicious": 219,
            "recall": 0.7657342657342657
        },
        "11": {
            "labelled_normal": 4,
            "labelled_malicious": 333,
            "recall": 0.9881305637982196
        },
        "12": {
            "labelled_normal": 4,
            "labelled_malicious": 449,
            "recall": 0.9911699779249448
        },
        "13": {
            "labelled_normal": 52,
            "labelled_malicious": 267,
            "recall": 0.8369905956112853
        },
        "14": {
            "labelled_normal": 37,
            "labelled_malicious": 304,
            "recall": 0.8914956011730205
        },
        "15": {
            "labelled_normal": 56,
            "labelled_malicious": 281,
            "recall": 0.8338278931750742
        },
        "16": {
            "labelled_normal": 1,
            "labelled_malicious": 340,
            "recall": 0.9970674486803519
        },
        "17": {
            "labelled_normal": 3,
            "labelled_malicious": 272,
            "recall": 0.9890909090909091
        },
        "18": {
            "labelled_normal": 37,
            "labelled_malicious": 416,
            "recall": 0.9183222958057395
        },
        "19": {
            "labelled_normal": 0,
            "labelled_malicious": 316,
            "recall": 1.0
        },
        "20": {
            "labelled_normal": 0,
            "labelled_malicious": 145,
            "recall": 1.0
        },
        "21": {
            "labelled_normal": 0,
            "labelled_malicious": 336,
            "recall": 1.0
        },
        "22": {
            "labelled_normal": 0,
            "labelled_malicious": 274,
            "recall": 1.0
        },
        "23": {
            "labelled_normal": 0,
            "labelled_malicious": 453,
            "recall": 1.0
        },
        "24": {
            "labelled_normal": 0,
            "labelled_malicious": 238,
            "recall": 1.0
        },
        "25": {
            "labelled_normal": 6,
            "labelled_malicious": 266,
            "recall": 0.9779411764705882
        },
        "26": {
            "labelled_normal": 4,
            "labelled_malicious": 392,
            "recall": 0.98989898989899
        },
        "27": {
            "labelled_normal": 39,
            "labelled_malicious": 369,
            "recall": 0.9044117647058824
        },
        "28": {
            "labelled_normal": 21,
            "labelled_malicious": 343,
            "recall": 0.9423076923076923
        },
        "29": {
            "labelled_normal": 0,
            "labelled_malicious": 365,
            "recall": 1.0
        },
        "30": {
            "labelled_normal": 60,
            "labelled_malicious": 371,
            "recall": 0.8607888631090487
        },
        "31": {
            "labelled_normal": 0,
            "labelled_malicious": 354,
            "recall": 1.0
        },
        "32": {
            "labelled_normal": 0,
            "labelled_malicious": 386,
            "recall": 1.0
        },
        "33": {
            "labelled_normal": 14,
            "labelled_malicious": 294,
            "recall": 0.9545454545454546
        },
        "34": {
            "labelled_normal": 21,
            "labelled_malicious": 393,
            "recall": 0.9492753623188406
        },
        "35": {
            "labelled_normal": 49,
            "labelled_malicious": 384,
            "recall": 0.8868360277136259
        }
    },
    "attack_categories": {
        "0": {
            "labelled_normal": 42615,
            "labelled_malicious": 250,
            "recall": 0.9941677359150822
        },
        "1": {
            "labelled_normal": 60,
            "labelled_malicious": 1476,
            "recall": 0.9609375
        },
        "2": {
            "labelled_normal": 154,
            "labelled_malicious": 2441,
            "recall": 0.940655105973025
        },
        "3": {
            "labelled_normal": 149,
            "labelled_malicious": 1464,
            "recall": 0.907625542467452
        },
        "4": {
            "labelled_normal": 253,
            "labelled_malicious": 3847,
            "recall": 0.9382926829268292
        },
        "5": {
            "labelled_normal": 0,
            "labelled_malicious": 926,
            "recall": 1.0
        },
        "6": {
            "labelled_normal": 37,
            "labelled_malicious": 416,
            "recall": 0.9183222958057395
        },
        "7": {
            "labelled_normal": 0,
            "labelled_malicious": 836,
            "recall": 1.0
        }
    }
}