{
    "TP": 11287,
    "TN": 42369,
    "FP": 496,
    "FN": 772,
    "accuracy": 0.9769135532736144,
    "precision": 0.9579054570143427,
    "recall": 0.9359814246620781,
    "attack_types": {
        "0": {
            "labelled_normal": 42369,
            "labelled_malicious": 496,
            "recall": 0.9884287880555231
        },
        "1": {
            "labelled_normal": 8,
            "labelled_malicious": 370,
            "recall": 0.9788359788359788
        },
        "2": {
            "labelled_normal": 76,
            "labelled_malicious": 215,
            "recall": 0.738831615120275
        },
        "3": {
            "labelled_normal": 1,
            "labelled_malicious": 294,
            "recall": 0.9966101694915255
        },
        "4": {
            "labelled_normal": 1,
            "labelled_malicious": 412,
            "recall": 0.9975786924939467
        },
        "5": {
            "labelled_normal": 2,
            "labelled_malicious": 272,
            "recall": 0.9927007299270073
        },
        "6": {
            "labelled_normal": 68,
            "labelled_malicious": 350,
            "recall": 0.8373205741626795
        },
        "7": {
            "labelled_normal": 0,
            "labelled_malicious": 305,
            "recall": 1.0
        },
        "8": {
            "labelled_normal": 11,
            "labelled_malicious": 339,
            "recall": 0.9685714285714285
        },
        "9": {
            "labelled_normal": 11,
            "labelled_malicious": 289,
            "recall": 0.9633333333333334
        },
        "10": {
            "labelled_normal": 64,
            "labelled_malicious": 222,
            "recall": 0.7762237762237763
        },
        "11": {
            "labelled_normal": 3,
            "labelled_malicious": 334,
            "recall": 0.9910979228486647
        },
        "12": {
            "labelled_normal": 3,
            "labelled_malicious": 450,
            "recall": 0.9933774834437086
        },
        "13": {
            "labelled_normal": 47,
            "labelled_malicious": 272,
            "recall": 0.8526645768025078
        },
        "14": {
            "labelled_normal": 54,
            "labelled_malicious": 287,
            "recall": 0.841642228739003
        },
        "15": {
            "labelled_normal": 60,
            "labelled_malicious": 277,
            "recall": 0.8219584569732937
        },
        "16": {
            "labelled_normal": 3,
            "labelled_malicious": 338,
            "recall": 0.9912023460410557
        },
        "17": {
            "labelled_normal": 4,
            "labelled_malicious": 271,
            "recall": 0.9854545454545455
        },
        "18": {
            "labelled_normal": 34,
            "labelled_malicious": 419,
            "recall": 0.9249448123620309
        },
        "19": {
            "labelled_normal": 1,
            "labelled_malicious": 315,
            "recall": 0.9968354430379747
        },
        "20": {
            "labelled_normal": 0,
            "labelled_malicious": 145,
            "recall": 1.0
        },
        "21": {
            "labelled_normal": 0,
            "labelled_malicious": 336,
            "recall": 1.0
        },
        "22": {
            "labelled_normal": 0,
            "labelled_malicious": 274,
            "recall": 1.0
        },
        "23": {
            "labelled_normal": 1,
            "labelled_malicious": 452,
            "recall": 0.9977924944812362
        },
        "24": {
            "labelled_normal": 3,
            "labelled_malicious": 235,
            "recall": 0.9873949579831933
        },
        "25": {
            "labelled_normal": 12,
            "labelled_malicious": 260,
            "recall": 0.9558823529411765
        },
        "26": {
            "labelled_normal": 4,
            "labelled_malicious": 392,
            "recall": 0.98989898989899
        },
        "27": {
            "labelled_normal": 65,
            "labelled_malicious": 343,
            "recall": 0.8406862745098039
        },
        "28": {
            "labelled_normal": 19,
            "labelled_malicious": 345,
            "recall": 0.9478021978021978
        },
        "29": {
            "labelled_normal": 1,
            "labelled_malicious": 364,
            "recall": 0.9972602739726028
        },
        "30": {
            "labelled_normal": 99,
            "labelled_malicious": 332,
            "recall": 0.7703016241299304
        },
        "31": {
            "labelled_normal": 0,
            "labelled_malicious": 354,
            "recall": 1.0
        },
        "32": {
            "labelled_normal": 0,
            "labelled_malicious": 386,
            "recall": 1.0
        },
        "33": {
            "labelled_normal": 19,
            "labelled_malicious": 289,
            "recall": 0.9383116883116883
        },
        "34": {
            "labelled_normal": 33,
            "labelled_malicious": 381,
            "recall": 0.9202898550724637
        },
        "35": {
            "labelled_normal": 65,
            "labelled_malicious": 368,
            "recall": 0.8498845265588915
        }
    },
    "attack_categories": {
        "0": {
            "labelled_normal": 42369,
            "labelled_malicious": 496,
            "recall": 0.9884287880555231
        },
        "1": {
            "labelled_normal": 100,
            "labelled_malicious": 1436,
            "recall": 0.9348958333333334
        },
        "2": {
            "labelled_normal": 217,
            "labelled_malicious": 2378,
            "recall": 0.9163776493256262
        },
        "3": {
            "labelled_normal": 168,
            "labelled_malicious": 1445,
            "recall": 0.8958462492250465
        },
        "4": {
            "labelled_normal": 248,
            "labelled_malicious": 3852,
            "recall": 0.9395121951219512
        },
        "5": {
            "labelled_normal": 1,
            "labelled_malicious": 925,
            "recall": 0.9989200863930886
        },
        "6": {
            "labelled_normal": 34,
            "labelled_malicious": 419,
            "recall": 0.9249448123620309
        },
        "7": {
            "labelled_normal": 4,
            "labelled_malicious": 832,
            "recall": 0.9952153110047847
        }
    }
}