{
    "TP": 11626,
    "TN": 41895,
    "FP": 945,
    "FN": 3531,
    "accuracy": 0.9228235943238443,
    "precision": 0.9248269827380479,
    "recall": 0.7670383321237711,
    "attack_types": {
        "0": {
            "labelled_normal": 41895,
            "labelled_malicious": 945,
            "recall": 0.9779411764705882
        },
        "1": {
            "labelled_normal": 2,
            "labelled_malicious": 382,
            "recall": 0.9947916666666666
        },
        "2": {
            "labelled_normal": 65,
            "labelled_malicious": 241,
            "recall": 0.7875816993464052
        },
        "3": {
            "labelled_normal": 1,
            "labelled_malicious": 345,
            "recall": 0.9971098265895953
        },
        "4": {
            "labelled_normal": 0,
            "labelled_malicious": 425,
            "recall": 1.0
        },
        "5": {
            "labelled_normal": 1,
            "labelled_malicious": 292,
            "recall": 0.9965870307167235
        },
        "6": {
            "labelled_normal": 53,
            "labelled_malicious": 327,
            "recall": 0.8605263157894737
        },
        "7": {
            "labelled_normal": 4,
            "labelled_malicious": 292,
            "recall": 0.9864864864864865
        },
        "8": {
            "labelled_normal": 11,
            "labelled_malicious": 358,
            "recall": 0.9701897018970189
        },
        "9": {
            "labelled_normal": 10,
            "labelled_malicious": 298,
            "recall": 0.9675324675324676
        },
        "10": {
            "labelled_normal": 56,
            "labelled_malicious": 220,
            "recall": 0.7971014492753623
        },
        "11": {
            "labelled_normal": 4,
            "labelled_malicious": 393,
            "recall": 0.9899244332493703
        },
        "12": {
            "labelled_normal": 5,
            "labelled_malicious": 375,
            "recall": 0.9868421052631579
        },
        "13": {
            "labelled_normal": 29,
            "labelled_malicious": 285,
            "recall": 0.9076433121019108
        },
        "14": {
            "labelled_normal": 32,
            "labelled_malicious": 280,
            "recall": 0.8974358974358975
        },
        "15": {
            "labelled_normal": 44,
            "labelled_malicious": 268,
            "recall": 0.8589743589743589
        },
        "16": {
            "labelled_normal": 21,
            "labelled_malicious": 315,
            "recall": 0.9375
        },
        "17": {
            "labelled_normal": 10,
            "labelled_malicious": 273,
            "recall": 0.9646643109540636
        },
        "18": {
            "labelled_normal": 41,
            "labelled_malicious": 387,
            "recall": 0.9042056074766355
        },
        "19": {
            "labelled_normal": 4,
            "labelled_malicious": 336,
            "recall": 0.9882352941176471
        },
        "20": {
            "labelled_normal": 132,
            "labelled_malicious": 534,
            "recall": 0.8018018018018018
        },
        "21": {
            "labelled_normal": 1,
            "labelled_malicious": 363,
            "recall": 0.9972527472527473
        },
        "22": {
            "labelled_normal": 4,
            "labelled_malicious": 289,
            "recall": 0.9863481228668942
        },
        "23": {
            "labelled_normal": 1629,
            "labelled_malicious": 419,
            "recall": 0.20458984375
        },
        "24": {
            "labelled_normal": 986,
            "labelled_malicious": 174,
            "recall": 0.15
        },
        "25": {
            "labelled_normal": 50,
            "labelled_malicious": 245,
            "recall": 0.8305084745762712
        },
        "26": {
            "labelled_normal": 39,
            "labelled_malicious": 291,
            "recall": 0.8818181818181818
        },
        "27": {
            "labelled_normal": 24,
            "labelled_malicious": 377,
            "recall": 0.940149625935162
        },
        "28": {
            "labelled_normal": 44,
            "labelled_malicious": 362,
            "recall": 0.8916256157635468
        },
        "29": {
            "labelled_normal": 40,
            "labelled_malicious": 317,
            "recall": 0.8879551820728291
        },
        "30": {
            "labelled_normal": 127,
            "labelled_malicious": 319,
            "recall": 0.7152466367713004
        },
        "31": {
            "labelled_normal": 1,
            "labelled_malicious": 395,
            "recall": 0.9974747474747475
        },
        "32": {
            "labelled_normal": 2,
            "labelled_malicious": 367,
            "recall": 0.994579945799458
        },
        "33": {
            "labelled_normal": 18,
            "labelled_malicious": 288,
            "recall": 0.9411764705882353
        },
        "34": {
            "labelled_normal": 13,
            "labelled_malicious": 391,
            "recall": 0.9678217821782178
        },
        "35": {
            "labelled_normal": 28,
            "labelled_malicious": 403,
            "recall": 0.9350348027842227
        }
    },
    "attack_categories": {
        "0": {
            "labelled_normal": 41895,
            "labelled_malicious": 945,
            "recall": 0.9779411764705882
        },
        "1": {
            "labelled_normal": 170,
            "labelled_malicious": 1398,
            "recall": 0.8915816326530612
        },
        "2": {
            "labelled_normal": 216,
            "labelled_malicious": 2357,
            "recall": 0.916051301982122
        },
        "3": {
            "labelled_normal": 136,
            "labelled_malicious": 1421,
            "recall": 0.9126525369299936
        },
        "4": {
            "labelled_normal": 212,
            "labelled_malicious": 3948,
            "recall": 0.9490384615384615
        },
        "5": {
            "labelled_normal": 9,
            "labelled_malicious": 988,
            "recall": 0.9909729187562688
        },
        "6": {
            "labelled_normal": 41,
            "labelled_malicious": 387,
            "recall": 0.9042056074766355
        },
        "7": {
            "labelled_normal": 2747,
            "labelled_malicious": 1127,
            "recall": 0.2909137842023748
        }
    }
}