{
    "TP": 11966,
    "TN": 41931,
    "FP": 882,
    "FN": 1446,
    "accuracy": 0.9585949310804802,
    "precision": 0.9313511830635118,
    "recall": 0.8921861019982106,
    "attack_types": {
        "0": {
            "labelled_normal": 41931,
            "labelled_malicious": 882,
            "recall": 0.9793987807441665
        },
        "1": {
            "labelled_normal": 14,
            "labelled_malicious": 308,
            "recall": 0.9565217391304348
        },
        "2": {
            "labelled_normal": 55,
            "labelled_malicious": 248,
            "recall": 0.8184818481848185
        },
        "3": {
            "labelled_normal": 4,
            "labelled_malicious": 358,
            "recall": 0.988950276243094
        },
        "4": {
            "labelled_normal": 0,
            "labelled_malicious": 352,
            "recall": 1.0
        },
        "5": {
            "labelled_normal": 7,
            "labelled_malicious": 285,
            "recall": 0.976027397260274
        },
        "6": {
            "labelled_normal": 67,
            "labelled_malicious": 339,
            "recall": 0.8349753694581281
        },
        "7": {
            "labelled_normal": 1,
            "labelled_malicious": 290,
            "recall": 0.9965635738831615
        },
        "8": {
            "labelled_normal": 16,
            "labelled_malicious": 335,
            "recall": 0.9544159544159544
        },
        "9": {
            "labelled_normal": 12,
            "labelled_malicious": 235,
            "recall": 0.951417004048583
        },
        "10": {
            "labelled_normal": 66,
            "labelled_malicious": 230,
            "recall": 0.777027027027027
        },
        "11": {
            "labelled_normal": 6,
            "labelled_malicious": 357,
            "recall": 0.9834710743801653
        },
        "12": {
            "labelled_normal": 7,
            "labelled_malicious": 453,
            "recall": 0.9847826086956522
        },
        "13": {
            "labelled_normal": 27,
            "labelled_malicious": 332,
            "recall": 0.924791086350975
        },
        "14": {
            "labelled_normal": 24,
            "labelled_malicious": 334,
            "recall": 0.9329608938547486
        },
        "15": {
            "labelled_normal": 64,
            "labelled_malicious": 256,
            "recall": 0.8
        },
        "16": {
            "labelled_normal": 18,
            "labelled_malicious": 342,
            "recall": 0.95
        },
        "17": {
            "labelled_normal": 8,
            "labelled_malicious": 299,
            "recall": 0.9739413680781759
        },
        "18": {
            "labelled_normal": 35,
            "labelled_malicious": 405,
            "recall": 0.9204545454545454
        },
        "19": {
            "labelled_normal": 643,
            "labelled_malicious": 991,
            "recall": 0.6064871481028152
        },
        "20": {
            "labelled_normal": 6,
            "labelled_malicious": 127,
            "recall": 0.9548872180451128
        },
        "21": {
            "labelled_normal": 1,
            "labelled_malicious": 343,
            "recall": 0.997093023255814
        },
        "22": {
            "labelled_normal": 0,
            "labelled_malicious": 319,
            "recall": 1.0
        },
        "23": {
            "labelled_normal": 5,
            "labelled_malicious": 452,
            "recall": 0.9890590809628009
        },
        "24": {
            "labelled_normal": 12,
            "labelled_malicious": 199,
            "recall": 0.943127962085308
        },
        "25": {
            "labelled_normal": 58,
            "labelled_malicious": 249,
            "recall": 0.8110749185667753
        },
        "26": {
            "labelled_normal": 50,
            "labelled_malicious": 293,
            "recall": 0.8542274052478134
        },
        "27": {
            "labelled_normal": 33,
            "labelled_malicious": 413,
            "recall": 0.9260089686098655
        },
        "28": {
            "labelled_normal": 30,
            "labelled_malicious": 306,
            "recall": 0.9107142857142857
        },
        "29": {
            "labelled_normal": 40,
            "labelled_malicious": 353,
            "recall": 0.8982188295165394
        },
        "30": {
            "labelled_normal": 93,
            "labelled_malicious": 300,
            "recall": 0.7633587786259542
        },
        "31": {
            "labelled_normal": 0,
            "labelled_malicious": 405,
            "recall": 1.0
        },
        "32": {
            "labelled_normal": 1,
            "labelled_malicious": 367,
            "recall": 0.9972826086956522
        },
        "33": {
            "labelled_normal": 6,
            "labelled_malicious": 311,
            "recall": 0.9810725552050473
        },
        "34": {
            "labelled_normal": 8,
            "labelled_malicious": 372,
            "recall": 0.9789473684210527
        },
        "35": {
            "labelled_normal": 29,
            "labelled_malicious": 408,
            "recall": 0.9336384439359268
        }
    },
    "attack_categories": {
        "0": {
            "labelled_normal": 41931,
            "labelled_malicious": 882,
            "recall": 0.9793987807441665
        },
        "1": {
            "labelled_normal": 134,
            "labelled_malicious": 1425,
            "recall": 0.914047466324567
        },
        "2": {
            "labelled_normal": 214,
            "labelled_malicious": 2352,
            "recall": 0.916601714731099
        },
        "3": {
            "labelled_normal": 141,
            "labelled_malicious": 1563,
            "recall": 0.9172535211267606
        },
        "4": {
            "labelled_normal": 255,
            "labelled_malicious": 3790,
            "recall": 0.9369592088998764
        },
        "5": {
            "labelled_normal": 644,
            "labelled_malicious": 1653,
            "recall": 0.7196343056160209
        },
        "6": {
            "labelled_normal": 35,
            "labelled_malicious": 405,
            "recall": 0.9204545454545454
        },
        "7": {
            "labelled_normal": 23,
            "labelled_malicious": 778,
            "recall": 0.9712858926342073
        }
    }
}