{
    "TP": 12044,
    "TN": 41922,
    "FP": 891,
    "FN": 1687,
    "accuracy": 0.9544071873231466,
    "precision": 0.9311171240819482,
    "recall": 0.8771393197873425,
    "attack_types": {
        "0": {
            "labelled_normal": 41922,
            "labelled_malicious": 891,
            "recall": 0.9791885642211478
        },
        "1": {
            "labelled_normal": 14,
            "labelled_malicious": 308,
            "recall": 0.9565217391304348
        },
        "2": {
            "labelled_normal": 54,
            "labelled_malicious": 249,
            "recall": 0.8217821782178217
        },
        "3": {
            "labelled_normal": 4,
            "labelled_malicious": 358,
            "recall": 0.988950276243094
        },
        "4": {
            "labelled_normal": 0,
            "labelled_malicious": 352,
            "recall": 1.0
        },
        "5": {
            "labelled_normal": 10,
            "labelled_malicious": 282,
            "recall": 0.9657534246575342
        },
        "6": {
            "labelled_normal": 927,
            "labelled_malicious": 1099,
            "recall": 0.5424481737413623
        },
        "7": {
            "labelled_normal": 1,
            "labelled_malicious": 290,
            "recall": 0.9965635738831615
        },
        "8": {
            "labelled_normal": 18,
            "labelled_malicious": 333,
            "recall": 0.9487179487179487
        },
        "9": {
            "labelled_normal": 13,
            "labelled_malicious": 234,
            "recall": 0.9473684210526315
        },
        "10": {
            "labelled_normal": 70,
            "labelled_malicious": 226,
            "recall": 0.7635135135135135
        },
        "11": {
            "labelled_normal": 6,
            "labelled_malicious": 357,
            "recall": 0.9834710743801653
        },
        "12": {
            "labelled_normal": 9,
            "labelled_malicious": 451,
            "recall": 0.9804347826086957
        },
        "13": {
            "labelled_normal": 25,
            "labelled_malicious": 334,
            "recall": 0.9303621169916435
        },
        "14": {
            "labelled_normal": 26,
            "labelled_malicious": 332,
            "recall": 0.9273743016759777
        },
        "15": {
            "labelled_normal": 66,
            "labelled_malicious": 254,
            "recall": 0.79375
        },
        "16": {
            "labelled_normal": 19,
            "labelled_malicious": 341,
            "recall": 0.9472222222222222
        },
        "17": {
            "labelled_normal": 8,
            "labelled_malicious": 299,
            "recall": 0.9739413680781759
        },
        "18": {
            "labelled_normal": 38,
            "labelled_malicious": 402,
            "recall": 0.9136363636363637
        },
        "19": {
            "labelled_normal": 2,
            "labelled_malicious": 331,
            "recall": 0.993993993993994
        },
        "20": {
            "labelled_normal": 6,
            "labelled_malicious": 127,
            "recall": 0.9548872180451128
        },
        "21": {
            "labelled_normal": 2,
            "labelled_malicious": 342,
            "recall": 0.9941860465116279
        },
        "22": {
            "labelled_normal": 1,
            "labelled_malicious": 318,
            "recall": 0.9968652037617555
        },
        "23": {
            "labelled_normal": 5,
            "labelled_malicious": 452,
            "recall": 0.9890590809628009
        },
        "24": {
            "labelled_normal": 12,
            "labelled_malicious": 199,
            "recall": 0.943127962085308
        },
        "25": {
            "labelled_normal": 56,
            "labelled_malicious": 251,
            "recall": 0.8175895765472313
        },
        "26": {
            "labelled_normal": 45,
            "labelled_malicious": 298,
            "recall": 0.8688046647230321
        },
        "27": {
            "labelled_normal": 33,
            "labelled_malicious": 413,
            "recall": 0.9260089686098655
        },
        "28": {
            "labelled_normal": 29,
            "labelled_malicious": 307,
            "recall": 0.9136904761904762
        },
        "29": {
            "labelled_normal": 45,
            "labelled_malicious": 348,
            "recall": 0.8854961832061069
        },
        "30": {
            "labelled_normal": 94,
            "labelled_malicious": 299,
            "recall": 0.7608142493638677
        },
        "31": {
            "labelled_normal": 0,
            "labelled_malicious": 405,
            "recall": 1.0
        },
        "32": {
            "labelled_normal": 1,
            "labelled_malicious": 367,
            "recall": 0.9972826086956522
        },
        "33": {
            "labelled_normal": 6,
            "labelled_malicious": 311,
            "recall": 0.9810725552050473
        },
        "34": {
            "labelled_normal": 10,
            "labelled_malicious": 370,
            "recall": 0.9736842105263158
        },
        "35": {
            "labelled_normal": 32,
            "labelled_malicious": 405,
            "recall": 0.9267734553775744
        }
    },
    "attack_categories": {
        "0": {
            "labelled_normal": 41922,
            "labelled_malicious": 891,
            "recall": 0.9791885642211478
        },
        "1": {
            "labelled_normal": 140,
            "labelled_malicious": 1419,
            "recall": 0.9101988454137268
        },
        "2": {
            "labelled_normal": 211,
            "labelled_malicious": 2355,
            "recall": 0.9177708495713173
        },
        "3": {
            "labelled_normal": 144,
            "labelled_malicious": 1560,
            "recall": 0.9154929577464789
        },
        "4": {
            "labelled_normal": 1126,
            "labelled_malicious": 4539,
            "recall": 0.8012356575463372
        },
        "5": {
            "labelled_normal": 5,
            "labelled_malicious": 991,
            "recall": 0.9949799196787149
        },
        "6": {
            "labelled_normal": 38,
            "labelled_malicious": 402,
            "recall": 0.9136363636363637
        },
        "7": {
            "labelled_normal": 23,
            "labelled_malicious": 778,
            "recall": 0.9712858926342073
        }
    }
}