{
    "TP": 12047,
    "TN": 42126,
    "FP": 902,
    "FN": 1024,
    "accuracy": 0.9656678372163496,
    "precision": 0.9303421113599506,
    "recall": 0.9216586336164028,
    "attack_types": {
        "0": {
            "labelled_normal": 42126,
            "labelled_malicious": 902,
            "recall": 0.9790369062006136
        },
        "1": {
            "labelled_normal": 5,
            "labelled_malicious": 385,
            "recall": 0.9871794871794872
        },
        "2": {
            "labelled_normal": 40,
            "labelled_malicious": 236,
            "recall": 0.855072463768116
        },
        "3": {
            "labelled_normal": 2,
            "labelled_malicious": 358,
            "recall": 0.9944444444444445
        },
        "4": {
            "labelled_normal": 0,
            "labelled_malicious": 368,
            "recall": 1.0
        },
        "5": {
            "labelled_normal": 7,
            "labelled_malicious": 271,
            "recall": 0.9748201438848921
        },
        "6": {
            "labelled_normal": 63,
            "labelled_malicious": 361,
            "recall": 0.8514150943396226
        },
        "7": {
            "labelled_normal": 1,
            "labelled_malicious": 326,
            "recall": 0.9969418960244648
        },
        "8": {
            "labelled_normal": 16,
            "labelled_malicious": 344,
            "recall": 0.9555555555555556
        },
        "9": {
            "labelled_normal": 10,
            "labelled_malicious": 269,
            "recall": 0.96415770609319
        },
        "10": {
            "labelled_normal": 73,
            "labelled_malicious": 244,
            "recall": 0.7697160883280757
        },
        "11": {
            "labelled_normal": 4,
            "labelled_malicious": 345,
            "recall": 0.9885386819484241
        },
        "12": {
            "labelled_normal": 5,
            "labelled_malicious": 378,
            "recall": 0.9869451697127938
        },
        "13": {
            "labelled_normal": 23,
            "labelled_malicious": 301,
            "recall": 0.9290123456790124
        },
        "14": {
            "labelled_normal": 24,
            "labelled_malicious": 297,
            "recall": 0.9252336448598131
        },
        "15": {
            "labelled_normal": 34,
            "labelled_malicious": 260,
            "recall": 0.8843537414965986
        },
        "16": {
            "labelled_normal": 5,
            "labelled_malicious": 288,
            "recall": 0.9829351535836177
        },
        "17": {
            "labelled_normal": 9,
            "labelled_malicious": 269,
            "recall": 0.9676258992805755
        },
        "18": {
            "labelled_normal": 36,
            "labelled_malicious": 372,
            "recall": 0.9117647058823529
        },
        "19": {
            "labelled_normal": 6,
            "labelled_malicious": 304,
            "recall": 0.9806451612903225
        },
        "20": {
            "labelled_normal": 1,
            "labelled_malicious": 140,
            "recall": 0.9929078014184397
        },
        "21": {
            "labelled_normal": 3,
            "labelled_malicious": 316,
            "recall": 0.9905956112852664
        },
        "22": {
            "labelled_normal": 2,
            "labelled_malicious": 315,
            "recall": 0.9936908517350158
        },
        "23": {
            "labelled_normal": 3,
            "labelled_malicious": 380,
            "recall": 0.9921671018276762
        },
        "24": {
            "labelled_normal": 13,
            "labelled_malicious": 201,
            "recall": 0.9392523364485982
        },
        "25": {
            "labelled_normal": 338,
            "labelled_malicious": 1134,
            "recall": 0.7703804347826086
        },
        "26": {
            "labelled_normal": 45,
            "labelled_malicious": 321,
            "recall": 0.8770491803278688
        },
        "27": {
            "labelled_normal": 30,
            "labelled_malicious": 389,
            "recall": 0.9284009546539379
        },
        "28": {
            "labelled_normal": 27,
            "labelled_malicious": 343,
            "recall": 0.927027027027027
        },
        "29": {
            "labelled_normal": 34,
            "labelled_malicious": 332,
            "recall": 0.907103825136612
        },
        "30": {
            "labelled_normal": 106,
            "labelled_malicious": 305,
            "recall": 0.7420924574209246
        },
        "31": {
            "labelled_normal": 0,
            "labelled_malicious": 358,
            "recall": 1.0
        },
        "32": {
            "labelled_normal": 1,
            "labelled_malicious": 415,
            "recall": 0.9975961538461539
        },
        "33": {
            "labelled_normal": 12,
            "labelled_malicious": 341,
            "recall": 0.9660056657223796
        },
        "34": {
            "labelled_normal": 13,
            "labelled_malicious": 394,
            "recall": 0.9680589680589681
        },
        "35": {
            "labelled_normal": 33,
            "labelled_malicious": 387,
            "recall": 0.9214285714285714
        }
    },
    "attack_categories": {
        "0": {
            "labelled_normal": 42126,
            "labelled_malicious": 902,
            "recall": 0.9790369062006136
        },
        "1": {
            "labelled_normal": 141,
            "labelled_malicious": 1410,
            "recall": 0.9090909090909091
        },
        "2": {
            "labelled_normal": 498,
            "labelled_malicious": 3309,
            "recall": 0.8691883372734437
        },
        "3": {
            "labelled_normal": 95,
            "labelled_malicious": 1415,
            "recall": 0.9370860927152318
        },
        "4": {
            "labelled_normal": 226,
            "labelled_malicious": 3885,
            "recall": 0.945025541230844
        },
        "5": {
            "labelled_normal": 11,
            "labelled_malicious": 935,
            "recall": 0.9883720930232558
        },
        "6": {
            "labelled_normal": 36,
            "labelled_malicious": 372,
            "recall": 0.9117647058823529
        },
        "7": {
            "labelled_normal": 17,
            "labelled_malicious": 721,
            "recall": 0.9769647696476965
        }
    }
}