{
    "TP": 11440,
    "TN": 42052,
    "FP": 813,
    "FN": 1894,
    "accuracy": 0.9518318831295931,
    "precision": 0.9336489023096385,
    "recall": 0.8579571021448927,
    "attack_types": {
        "0": {
            "labelled_normal": 42052,
            "labelled_malicious": 813,
            "recall": 0.9810334771958474
        },
        "1": {
            "labelled_normal": 12,
            "labelled_malicious": 366,
            "recall": 0.9682539682539683
        },
        "2": {
            "labelled_normal": 49,
            "labelled_malicious": 242,
            "recall": 0.8316151202749141
        },
        "3": {
            "labelled_normal": 0,
            "labelled_malicious": 295,
            "recall": 1.0
        },
        "4": {
            "labelled_normal": 0,
            "labelled_malicious": 413,
            "recall": 1.0
        },
        "5": {
            "labelled_normal": 6,
            "labelled_malicious": 268,
            "recall": 0.9781021897810219
        },
        "6": {
            "labelled_normal": 68,
            "labelled_malicious": 350,
            "recall": 0.8373205741626795
        },
        "7": {
            "labelled_normal": 3,
            "labelled_malicious": 302,
            "recall": 0.9901639344262295
        },
        "8": {
            "labelled_normal": 18,
            "labelled_malicious": 332,
            "recall": 0.9485714285714286
        },
        "9": {
            "labelled_normal": 17,
            "labelled_malicious": 283,
            "recall": 0.9433333333333334
        },
        "10": {
            "labelled_normal": 68,
            "labelled_malicious": 218,
            "recall": 0.7622377622377622
        },
        "11": {
            "labelled_normal": 0,
            "labelled_malicious": 337,
            "recall": 1.0
        },
        "12": {
            "labelled_normal": 1,
            "labelled_malicious": 452,
            "recall": 0.9977924944812362
        },
        "13": {
            "labelled_normal": 1142,
            "labelled_malicious": 452,
            "recall": 0.2835633626097867
        },
        "14": {
            "labelled_normal": 20,
            "labelled_malicious": 321,
            "recall": 0.9413489736070382
        },
        "15": {
            "labelled_normal": 54,
            "labelled_malicious": 283,
            "recall": 0.8397626112759644
        },
        "16": {
            "labelled_normal": 22,
            "labelled_malicious": 319,
            "recall": 0.9354838709677419
        },
        "17": {
            "labelled_normal": 8,
            "labelled_malicious": 267,
            "recall": 0.9709090909090909
        },
        "18": {
            "labelled_normal": 34,
            "labelled_malicious": 419,
            "recall": 0.9249448123620309
        },
        "19": {
            "labelled_normal": 2,
            "labelled_malicious": 314,
            "recall": 0.9936708860759493
        },
        "20": {
            "labelled_normal": 0,
            "labelled_malicious": 145,
            "recall": 1.0
        },
        "21": {
            "labelled_normal": 0,
            "labelled_malicious": 336,
            "recall": 1.0
        },
        "22": {
            "labelled_normal": 1,
            "labelled_malicious": 273,
            "recall": 0.9963503649635036
        },
        "23": {
            "labelled_normal": 4,
            "labelled_malicious": 449,
            "recall": 0.9911699779249448
        },
        "24": {
            "labelled_normal": 17,
            "labelled_malicious": 221,
            "recall": 0.9285714285714286
        },
        "25": {
            "labelled_normal": 40,
            "labelled_malicious": 232,
            "recall": 0.8529411764705882
        },
        "26": {
            "labelled_normal": 48,
            "labelled_malicious": 348,
            "recall": 0.8787878787878788
        },
        "27": {
            "labelled_normal": 39,
            "labelled_malicious": 369,
            "recall": 0.9044117647058824
        },
        "28": {
            "labelled_normal": 34,
            "labelled_malicious": 330,
            "recall": 0.9065934065934066
        },
        "29": {
            "labelled_normal": 25,
            "labelled_malicious": 340,
            "recall": 0.9315068493150684
        },
        "30": {
            "labelled_normal": 93,
            "labelled_malicious": 338,
            "recall": 0.7842227378190255
        },
        "31": {
            "labelled_normal": 0,
            "labelled_malicious": 354,
            "recall": 1.0
        },
        "32": {
            "labelled_normal": 1,
            "labelled_malicious": 385,
            "recall": 0.9974093264248705
        },
        "33": {
            "labelled_normal": 10,
            "labelled_malicious": 298,
            "recall": 0.9675324675324676
        },
        "34": {
            "labelled_normal": 16,
            "labelled_malicious": 398,
            "recall": 0.961352657004831
        },
        "35": {
            "labelled_normal": 42,
            "labelled_malicious": 391,
            "recall": 0.9030023094688222
        }
    },
    "attack_categories": {
        "0": {
            "labelled_normal": 42052,
            "labelled_malicious": 813,
            "recall": 0.9810334771958474
        },
        "1": {
            "labelled_normal": 119,
            "labelled_malicious": 1417,
            "recall": 0.9225260416666666
        },
        "2": {
            "labelled_normal": 229,
            "labelled_malicious": 2366,
            "recall": 0.9117533718689788
        },
        "3": {
            "labelled_normal": 1246,
            "labelled_malicious": 1642,
            "recall": 0.5685595567867036
        },
        "4": {
            "labelled_normal": 242,
            "labelled_malicious": 3858,
            "recall": 0.9409756097560975
        },
        "5": {
            "labelled_normal": 3,
            "labelled_malicious": 923,
            "recall": 0.9967602591792657
        },
        "6": {
            "labelled_normal": 34,
            "labelled_malicious": 419,
            "recall": 0.9249448123620309
        },
        "7": {
            "labelled_normal": 21,
            "labelled_malicious": 815,
            "recall": 0.9748803827751196
        }
    }
}