{
    "TP": 11490,
    "TN": 41950,
    "FP": 863,
    "FN": 2388,
    "accuracy": 0.942654036795964,
    "precision": 0.930138427912248,
    "recall": 0.8279290964115866,
    "attack_types": {
        "0": {
            "labelled_normal": 41950,
            "labelled_malicious": 863,
            "recall": 0.9798425711816504
        },
        "1": {
            "labelled_normal": 14,
            "labelled_malicious": 308,
            "recall": 0.9565217391304348
        },
        "2": {
            "labelled_normal": 50,
            "labelled_malicious": 253,
            "recall": 0.834983498349835
        },
        "3": {
            "labelled_normal": 4,
            "labelled_malicious": 358,
            "recall": 0.988950276243094
        },
        "4": {
            "labelled_normal": 0,
            "labelled_malicious": 352,
            "recall": 1.0
        },
        "5": {
            "labelled_normal": 8,
            "labelled_malicious": 284,
            "recall": 0.9726027397260274
        },
        "6": {
            "labelled_normal": 65,
            "labelled_malicious": 341,
            "recall": 0.8399014778325123
        },
        "7": {
            "labelled_normal": 1,
            "labelled_malicious": 290,
            "recall": 0.9965635738831615
        },
        "8": {
            "labelled_normal": 21,
            "labelled_malicious": 330,
            "recall": 0.9401709401709402
        },
        "9": {
            "labelled_normal": 12,
            "labelled_malicious": 235,
            "recall": 0.951417004048583
        },
        "10": {
            "labelled_normal": 65,
            "labelled_malicious": 231,
            "recall": 0.7804054054054054
        },
        "11": {
            "labelled_normal": 6,
            "labelled_malicious": 357,
            "recall": 0.9834710743801653
        },
        "12": {
            "labelled_normal": 9,
            "labelled_malicious": 451,
            "recall": 0.9804347826086957
        },
        "13": {
            "labelled_normal": 27,
            "labelled_malicious": 332,
            "recall": 0.924791086350975
        },
        "14": {
            "labelled_normal": 24,
            "labelled_malicious": 334,
            "recall": 0.9329608938547486
        },
        "15": {
            "labelled_normal": 65,
            "labelled_malicious": 255,
            "recall": 0.796875
        },
        "16": {
            "labelled_normal": 18,
            "labelled_malicious": 342,
            "recall": 0.95
        },
        "17": {
            "labelled_normal": 10,
            "labelled_malicious": 297,
            "recall": 0.9674267100977199
        },
        "18": {
            "labelled_normal": 38,
            "labelled_malicious": 402,
            "recall": 0.9136363636363637
        },
        "19": {
            "labelled_normal": 2,
            "labelled_malicious": 331,
            "recall": 0.993993993993994
        },
        "20": {
            "labelled_normal": 6,
            "labelled_malicious": 127,
            "recall": 0.9548872180451128
        },
        "21": {
            "labelled_normal": 1,
            "labelled_malicious": 343,
            "recall": 0.997093023255814
        },
        "22": {
            "labelled_normal": 0,
            "labelled_malicious": 319,
            "recall": 1.0
        },
        "23": {
            "labelled_normal": 3,
            "labelled_malicious": 454,
            "recall": 0.9934354485776805
        },
        "24": {
            "labelled_normal": 10,
            "labelled_malicious": 201,
            "recall": 0.95260663507109
        },
        "25": {
            "labelled_normal": 56,
            "labelled_malicious": 251,
            "recall": 0.8175895765472313
        },
        "26": {
            "labelled_normal": 47,
            "labelled_malicious": 296,
            "recall": 0.8629737609329446
        },
        "27": {
            "labelled_normal": 34,
            "labelled_malicious": 412,
            "recall": 0.9237668161434978
        },
        "28": {
            "labelled_normal": 31,
            "labelled_malicious": 305,
            "recall": 0.9077380952380952
        },
        "29": {
            "labelled_normal": 43,
            "labelled_malicious": 350,
            "recall": 0.8905852417302799
        },
        "30": {
            "labelled_normal": 101,
            "labelled_malicious": 292,
            "recall": 0.7430025445292621
        },
        "31": {
            "labelled_normal": 0,
            "labelled_malicious": 405,
            "recall": 1.0
        },
        "32": {
            "labelled_normal": 1,
            "labelled_malicious": 367,
            "recall": 0.9972826086956522
        },
        "33": {
            "labelled_normal": 7,
            "labelled_malicious": 310,
            "recall": 0.9779179810725552
        },
        "34": {
            "labelled_normal": 10,
            "labelled_malicious": 370,
            "recall": 0.9736842105263158
        },
        "35": {
            "labelled_normal": 1599,
            "labelled_malicious": 605,
            "recall": 0.27450090744101635
        }
    },
    "attack_categories": {
        "0": {
            "labelled_normal": 41950,
            "labelled_malicious": 863,
            "recall": 0.9798425711816504
        },
        "1": {
            "labelled_normal": 145,
            "labelled_malicious": 1414,
            "recall": 0.9069916613213599
        },
        "2": {
            "labelled_normal": 1784,
            "labelled_malicious": 2549,
            "recall": 0.5882760212324025
        },
        "3": {
            "labelled_normal": 144,
            "labelled_malicious": 1560,
            "recall": 0.9154929577464789
        },
        "4": {
            "labelled_normal": 255,
            "labelled_malicious": 3790,
            "recall": 0.9369592088998764
        },
        "5": {
            "labelled_normal": 3,
            "labelled_malicious": 993,
            "recall": 0.9969879518072289
        },
        "6": {
            "labelled_normal": 38,
            "labelled_malicious": 402,
            "recall": 0.9136363636363637
        },
        "7": {
            "labelled_normal": 19,
            "labelled_malicious": 782,
            "recall": 0.9762796504369539
        }
    }
}