{
    "TP": 11779,
    "TN": 41897,
    "FP": 943,
    "FN": 1459,
    "accuracy": 0.957166803381005,
    "precision": 0.9258764345228737,
    "recall": 0.8897869768847257,
    "attack_types": {
        "0": {
            "labelled_normal": 41897,
            "labelled_malicious": 943,
            "recall": 0.9779878618113912
        },
        "1": {
            "labelled_normal": 3,
            "labelled_malicious": 381,
            "recall": 0.9921875
        },
        "2": {
            "labelled_normal": 713,
            "labelled_malicious": 747,
            "recall": 0.5116438356164383
        },
        "3": {
            "labelled_normal": 5,
            "labelled_malicious": 341,
            "recall": 0.9855491329479769
        },
        "4": {
            "labelled_normal": 0,
            "labelled_malicious": 425,
            "recall": 1.0
        },
        "5": {
            "labelled_normal": 0,
            "labelled_malicious": 293,
            "recall": 1.0
        },
        "6": {
            "labelled_normal": 48,
            "labelled_malicious": 332,
            "recall": 0.8736842105263158
        },
        "7": {
            "labelled_normal": 4,
            "labelled_malicious": 292,
            "recall": 0.9864864864864865
        },
        "8": {
            "labelled_normal": 14,
            "labelled_malicious": 355,
            "recall": 0.962059620596206
        },
        "9": {
            "labelled_normal": 11,
            "labelled_malicious": 297,
            "recall": 0.9642857142857143
        },
        "10": {
            "labelled_normal": 60,
            "labelled_malicious": 216,
            "recall": 0.782608695652174
        },
        "11": {
            "labelled_normal": 4,
            "labelled_malicious": 393,
            "recall": 0.9899244332493703
        },
        "12": {
            "labelled_normal": 3,
            "labelled_malicious": 377,
            "recall": 0.9921052631578947
        },
        "13": {
            "labelled_normal": 34,
            "labelled_malicious": 280,
            "recall": 0.89171974522293
        },
        "14": {
            "labelled_normal": 35,
            "labelled_malicious": 277,
            "recall": 0.8878205128205128
        },
        "15": {
            "labelled_normal": 47,
            "labelled_malicious": 265,
            "recall": 0.8493589743589743
        },
        "16": {
            "labelled_normal": 27,
            "labelled_malicious": 309,
            "recall": 0.9196428571428571
        },
        "17": {
            "labelled_normal": 9,
            "labelled_malicious": 274,
            "recall": 0.9681978798586572
        },
        "18": {
            "labelled_normal": 42,
            "labelled_malicious": 386,
            "recall": 0.9018691588785047
        },
        "19": {
            "labelled_normal": 2,
            "labelled_malicious": 338,
            "recall": 0.9941176470588236
        },
        "20": {
            "labelled_normal": 1,
            "labelled_malicious": 120,
            "recall": 0.9917355371900827
        },
        "21": {
            "labelled_normal": 1,
            "labelled_malicious": 363,
            "recall": 0.9972527472527473
        },
        "22": {
            "labelled_normal": 4,
            "labelled_malicious": 289,
            "recall": 0.9863481228668942
        },
        "23": {
            "labelled_normal": 3,
            "labelled_malicious": 421,
            "recall": 0.9929245283018868
        },
        "24": {
            "labelled_normal": 12,
            "labelled_malicious": 244,
            "recall": 0.953125
        },
        "25": {
            "labelled_normal": 48,
            "labelled_malicious": 247,
            "recall": 0.8372881355932204
        },
        "26": {
            "labelled_normal": 35,
            "labelled_malicious": 295,
            "recall": 0.8939393939393939
        },
        "27": {
            "labelled_normal": 23,
            "labelled_malicious": 378,
            "recall": 0.942643391521197
        },
        "28": {
            "labelled_normal": 44,
            "labelled_malicious": 362,
            "recall": 0.8916256157635468
        },
        "29": {
            "labelled_normal": 40,
            "labelled_malicious": 317,
            "recall": 0.8879551820728291
        },
        "30": {
            "labelled_normal": 125,
            "labelled_malicious": 321,
            "recall": 0.7197309417040358
        },
        "31": {
            "labelled_normal": 1,
            "labelled_malicious": 395,
            "recall": 0.9974747474747475
        },
        "32": {
            "labelled_normal": 2,
            "labelled_malicious": 367,
            "recall": 0.994579945799458
        },
        "33": {
            "labelled_normal": 18,
            "labelled_malicious": 288,
            "recall": 0.9411764705882353
        },
        "34": {
            "labelled_normal": 12,
            "labelled_malicious": 392,
            "recall": 0.9702970297029703
        },
        "35": {
            "labelled_normal": 29,
            "labelled_malicious": 402,
            "recall": 0.9327146171693735
        }
    },
    "attack_categories": {
        "0": {
            "labelled_normal": 41897,
            "labelled_malicious": 943,
            "recall": 0.9779878618113912
        },
        "1": {
            "labelled_normal": 168,
            "labelled_malicious": 1400,
            "recall": 0.8928571428571429
        },
        "2": {
            "labelled_normal": 209,
            "labelled_malicious": 2364,
            "recall": 0.9187718616401088
        },
        "3": {
            "labelled_normal": 152,
            "labelled_malicious": 1405,
            "recall": 0.9023763648041104
        },
        "4": {
            "labelled_normal": 865,
            "labelled_malicious": 4449,
            "recall": 0.8372224313135115
        },
        "5": {
            "labelled_normal": 7,
            "labelled_malicious": 990,
            "recall": 0.9929789368104313
        },
        "6": {
            "labelled_normal": 42,
            "labelled_malicious": 386,
            "recall": 0.9018691588785047
        },
        "7": {
            "labelled_normal": 16,
            "labelled_malicious": 785,
            "recall": 0.9800249687890137
        }
    }
}