{
    "TP": 12633,
    "TN": 42391,
    "FP": 637,
    "FN": 15564,
    "accuracy": 0.7725377325377325,
    "precision": 0.9519969856819894,
    "recall": 0.4480263857857219,
    "attack_types": {
        "0": {
            "labelled_normal": 42391,
            "labelled_malicious": 637,
            "recall": 0.9851956865297016
        },
        "1": {
            "labelled_normal": 1539,
            "labelled_malicious": 253,
            "recall": 0.14118303571428573
        },
        "2": {
            "labelled_normal": 1187,
            "labelled_malicious": 273,
            "recall": 0.18698630136986302
        },
        "3": {
            "labelled_normal": 1057,
            "labelled_malicious": 643,
            "recall": 0.37823529411764706
        },
        "4": {
            "labelled_normal": 1153,
            "labelled_malicious": 779,
            "recall": 0.40320910973084884
        },
        "5": {
            "labelled_normal": 966,
            "labelled_malicious": 450,
            "recall": 0.3177966101694915
        },
        "6": {
            "labelled_normal": 1588,
            "labelled_malicious": 438,
            "recall": 0.21618953603158933
        },
        "7": {
            "labelled_normal": 891,
            "labelled_malicious": 621,
            "recall": 0.4107142857142857
        },
        "8": {
            "labelled_normal": 1286,
            "labelled_malicious": 512,
            "recall": 0.28476084538375973
        },
        "9": {
            "labelled_normal": 1284,
            "labelled_malicious": 112,
            "recall": 0.08022922636103152
        },
        "10": {
            "labelled_normal": 1289,
            "labelled_malicious": 185,
            "recall": 0.1255088195386703
        },
        "11": {
            "labelled_normal": 1325,
            "labelled_malicious": 509,
            "recall": 0.27753544165757904
        },
        "12": {
            "labelled_normal": 1372,
            "labelled_malicious": 700,
            "recall": 0.33783783783783783
        },
        "13": {
            "labelled_normal": 33,
            "labelled_malicious": 291,
            "recall": 0.8981481481481481
        },
        "14": {
            "labelled_normal": 23,
            "labelled_malicious": 298,
            "recall": 0.9283489096573209
        },
        "15": {
            "labelled_normal": 33,
            "labelled_malicious": 261,
            "recall": 0.8877551020408163
        },
        "16": {
            "labelled_normal": 9,
            "labelled_malicious": 284,
            "recall": 0.9692832764505119
        },
        "17": {
            "labelled_normal": 11,
            "labelled_malicious": 267,
            "recall": 0.960431654676259
        },
        "18": {
            "labelled_normal": 49,
            "labelled_malicious": 359,
            "recall": 0.8799019607843137
        },
        "19": {
            "labelled_normal": 6,
            "labelled_malicious": 304,
            "recall": 0.9806451612903225
        },
        "20": {
            "labelled_normal": 7,
            "labelled_malicious": 134,
            "recall": 0.950354609929078
        },
        "21": {
            "labelled_normal": 2,
            "labelled_malicious": 317,
            "recall": 0.9937304075235109
        },
        "22": {
            "labelled_normal": 7,
            "labelled_malicious": 310,
            "recall": 0.9779179810725552
        },
        "23": {
            "labelled_normal": 7,
            "labelled_malicious": 376,
            "recall": 0.9817232375979112
        },
        "24": {
            "labelled_normal": 10,
            "labelled_malicious": 204,
            "recall": 0.9532710280373832
        },
        "25": {
            "labelled_normal": 36,
            "labelled_malicious": 261,
            "recall": 0.8787878787878788
        },
        "26": {
            "labelled_normal": 48,
            "labelled_malicious": 318,
            "recall": 0.8688524590163934
        },
        "27": {
            "labelled_normal": 30,
            "labelled_malicious": 389,
            "recall": 0.9284009546539379
        },
        "28": {
            "labelled_normal": 47,
            "labelled_malicious": 323,
            "recall": 0.8729729729729729
        },
        "29": {
            "labelled_normal": 97,
            "labelled_malicious": 269,
            "recall": 0.7349726775956285
        },
        "30": {
            "labelled_normal": 107,
            "labelled_malicious": 304,
            "recall": 0.7396593673965937
        },
        "31": {
            "labelled_normal": 1,
            "labelled_malicious": 357,
            "recall": 0.9972067039106145
        },
        "32": {
            "labelled_normal": 0,
            "labelled_malicious": 416,
            "recall": 1.0
        },
        "33": {
            "labelled_normal": 13,
            "labelled_malicious": 340,
            "recall": 0.9631728045325779
        },
        "34": {
            "labelled_normal": 16,
            "labelled_malicious": 391,
            "recall": 0.9606879606879607
        },
        "35": {
            "labelled_normal": 35,
            "labelled_malicious": 385,
            "recall": 0.9166666666666666
        }
    },
    "attack_categories": {
        "0": {
            "labelled_normal": 42391,
            "labelled_malicious": 637,
            "recall": 0.9851956865297016
        },
        "1": {
            "labelled_normal": 205,
            "labelled_malicious": 1346,
            "recall": 0.8678272082527402
        },
        "2": {
            "labelled_normal": 225,
            "labelled_malicious": 2407,
            "recall": 0.9145136778115501
        },
        "3": {
            "labelled_normal": 109,
            "labelled_malicious": 1401,
            "recall": 0.9278145695364238
        },
        "4": {
            "labelled_normal": 14937,
            "labelled_malicious": 5475,
            "recall": 0.2682245737801293
        },
        "5": {
            "labelled_normal": 15,
            "labelled_malicious": 931,
            "recall": 0.9841437632135307
        },
        "6": {
            "labelled_normal": 49,
            "labelled_malicious": 359,
            "recall": 0.8799019607843137
        },
        "7": {
            "labelled_normal": 24,
            "labelled_malicious": 714,
            "recall": 0.967479674796748
        }
    }
}