{
    "TP": 15313,
    "TN": 42052,
    "FP": 813,
    "FN": 2963,
    "accuracy": 0.9382411148002159,
    "precision": 0.9495845218901153,
    "recall": 0.8378748084920113,
    "attack_types": {
        "0": {
            "labelled_normal": 42052,
            "labelled_malicious": 813,
            "recall": 0.9810334771958474
        },
        "1": {
            "labelled_normal": 11,
            "labelled_malicious": 367,
            "recall": 0.9708994708994709
        },
        "2": {
            "labelled_normal": 45,
            "labelled_malicious": 246,
            "recall": 0.845360824742268
        },
        "3": {
            "labelled_normal": 0,
            "labelled_malicious": 295,
            "recall": 1.0
        },
        "4": {
            "labelled_normal": 2,
            "labelled_malicious": 411,
            "recall": 0.9951573849878934
        },
        "5": {
            "labelled_normal": 7,
            "labelled_malicious": 267,
            "recall": 0.9744525547445255
        },
        "6": {
            "labelled_normal": 74,
            "labelled_malicious": 344,
            "recall": 0.8229665071770335
        },
        "7": {
            "labelled_normal": 4,
            "labelled_malicious": 301,
            "recall": 0.9868852459016394
        },
        "8": {
            "labelled_normal": 17,
            "labelled_malicious": 333,
            "recall": 0.9514285714285714
        },
        "9": {
            "labelled_normal": 16,
            "labelled_malicious": 284,
            "recall": 0.9466666666666667
        },
        "10": {
            "labelled_normal": 63,
            "labelled_malicious": 223,
            "recall": 0.7797202797202797
        },
        "11": {
            "labelled_normal": 1,
            "labelled_malicious": 336,
            "recall": 0.9970326409495549
        },
        "12": {
            "labelled_normal": 4,
            "labelled_malicious": 449,
            "recall": 0.9911699779249448
        },
        "13": {
            "labelled_normal": 18,
            "labelled_malicious": 301,
            "recall": 0.9435736677115988
        },
        "14": {
            "labelled_normal": 22,
            "labelled_malicious": 319,
            "recall": 0.9354838709677419
        },
        "15": {
            "labelled_normal": 58,
            "labelled_malicious": 279,
            "recall": 0.827893175074184
        },
        "16": {
            "labelled_normal": 19,
            "labelled_malicious": 322,
            "recall": 0.9442815249266863
        },
        "17": {
            "labelled_normal": 9,
            "labelled_malicious": 266,
            "recall": 0.9672727272727273
        },
        "18": {
            "labelled_normal": 35,
            "labelled_malicious": 418,
            "recall": 0.9227373068432672
        },
        "19": {
            "labelled_normal": 4,
            "labelled_malicious": 312,
            "recall": 0.9873417721518988
        },
        "20": {
            "labelled_normal": 0,
            "labelled_malicious": 145,
            "recall": 1.0
        },
        "21": {
            "labelled_normal": 0,
            "labelled_malicious": 336,
            "recall": 1.0
        },
        "22": {
            "labelled_normal": 1,
            "labelled_malicious": 273,
            "recall": 0.9963503649635036
        },
        "23": {
            "labelled_normal": 4,
            "labelled_malicious": 449,
            "recall": 0.9911699779249448
        },
        "24": {
            "labelled_normal": 17,
            "labelled_malicious": 221,
            "recall": 0.9285714285714286
        },
        "25": {
            "labelled_normal": 42,
            "labelled_malicious": 230,
            "recall": 0.8455882352941176
        },
        "26": {
            "labelled_normal": 47,
            "labelled_malicious": 349,
            "recall": 0.8813131313131313
        },
        "27": {
            "labelled_normal": 38,
            "labelled_malicious": 370,
            "recall": 0.9068627450980392
        },
        "28": {
            "labelled_normal": 39,
            "labelled_malicious": 325,
            "recall": 0.8928571428571429
        },
        "29": {
            "labelled_normal": 397,
            "labelled_malicious": 1459,
            "recall": 0.7860991379310345
        },
        "30": {
            "labelled_normal": 1638,
            "labelled_malicious": 482,
            "recall": 0.22735849056603774
        },
        "31": {
            "labelled_normal": 122,
            "labelled_malicious": 1784,
            "recall": 0.9359916054564533
        },
        "32": {
            "labelled_normal": 137,
            "labelled_malicious": 1734,
            "recall": 0.9267771245323356
        },
        "33": {
            "labelled_normal": 10,
            "labelled_malicious": 298,
            "recall": 0.9675324675324676
        },
        "34": {
            "labelled_normal": 18,
            "labelled_malicious": 396,
            "recall": 0.9565217391304348
        },
        "35": {
            "labelled_normal": 44,
            "labelled_malicious": 389,
            "recall": 0.8983833718244804
        }
    },
    "attack_categories": {
        "0": {
            "labelled_normal": 42052,
            "labelled_malicious": 813,
            "recall": 0.9810334771958474
        },
        "1": {
            "labelled_normal": 2294,
            "labelled_malicious": 5459,
            "recall": 0.7041145363085257
        },
        "2": {
            "labelled_normal": 238,
            "labelled_malicious": 2357,
            "recall": 0.9082851637764933
        },
        "3": {
            "labelled_normal": 126,
            "labelled_malicious": 1487,
            "recall": 0.9218846869187849
        },
        "4": {
            "labelled_normal": 244,
            "labelled_malicious": 3856,
            "recall": 0.9404878048780487
        },
        "5": {
            "labelled_normal": 5,
            "labelled_malicious": 921,
            "recall": 0.9946004319654428
        },
        "6": {
            "labelled_normal": 35,
            "labelled_malicious": 418,
            "recall": 0.9227373068432672
        },
        "7": {
            "labelled_normal": 21,
            "labelled_malicious": 815,
            "recall": 0.9748803827751196
        }
    }
}