{
    "TP": 13067,
    "TN": 41969,
    "FP": 896,
    "FN": 2964,
    "accuracy": 0.9344607443629449,
    "precision": 0.9358304089379074,
    "recall": 0.8151082278086208,
    "attack_types": {
        "0": {
            "labelled_normal": 41969,
            "labelled_malicious": 896,
            "recall": 0.9790971655196548
        },
        "1": {
            "labelled_normal": 12,
            "labelled_malicious": 366,
            "recall": 0.9682539682539683
        },
        "2": {
            "labelled_normal": 46,
            "labelled_malicious": 245,
            "recall": 0.8419243986254296
        },
        "3": {
            "labelled_normal": 0,
            "labelled_malicious": 295,
            "recall": 1.0
        },
        "4": {
            "labelled_normal": 0,
            "labelled_malicious": 413,
            "recall": 1.0
        },
        "5": {
            "labelled_normal": 7,
            "labelled_malicious": 267,
            "recall": 0.9744525547445255
        },
        "6": {
            "labelled_normal": 73,
            "labelled_malicious": 345,
            "recall": 0.8253588516746412
        },
        "7": {
            "labelled_normal": 4,
            "labelled_malicious": 301,
            "recall": 0.9868852459016394
        },
        "8": {
            "labelled_normal": 17,
            "labelled_malicious": 333,
            "recall": 0.9514285714285714
        },
        "9": {
            "labelled_normal": 16,
            "labelled_malicious": 284,
            "recall": 0.9466666666666667
        },
        "10": {
            "labelled_normal": 64,
            "labelled_malicious": 222,
            "recall": 0.7762237762237763
        },
        "11": {
            "labelled_normal": 1,
            "labelled_malicious": 336,
            "recall": 0.9970326409495549
        },
        "12": {
            "labelled_normal": 1,
            "labelled_malicious": 452,
            "recall": 0.9977924944812362
        },
        "13": {
            "labelled_normal": 18,
            "labelled_malicious": 301,
            "recall": 0.9435736677115988
        },
        "14": {
            "labelled_normal": 21,
            "labelled_malicious": 320,
            "recall": 0.9384164222873901
        },
        "15": {
            "labelled_normal": 58,
            "labelled_malicious": 279,
            "recall": 0.827893175074184
        },
        "16": {
            "labelled_normal": 19,
            "labelled_malicious": 322,
            "recall": 0.9442815249266863
        },
        "17": {
            "labelled_normal": 8,
            "labelled_malicious": 267,
            "recall": 0.9709090909090909
        },
        "18": {
            "labelled_normal": 33,
            "labelled_malicious": 420,
            "recall": 0.9271523178807947
        },
        "19": {
            "labelled_normal": 930,
            "labelled_malicious": 704,
            "recall": 0.43084455324357407
        },
        "20": {
            "labelled_normal": 2,
            "labelled_malicious": 143,
            "recall": 0.9862068965517241
        },
        "21": {
            "labelled_normal": 669,
            "labelled_malicious": 1053,
            "recall": 0.6114982578397212
        },
        "22": {
            "labelled_normal": 600,
            "labelled_malicious": 942,
            "recall": 0.6108949416342413
        },
        "23": {
            "labelled_normal": 3,
            "labelled_malicious": 450,
            "recall": 0.9933774834437086
        },
        "24": {
            "labelled_normal": 16,
            "labelled_malicious": 222,
            "recall": 0.9327731092436975
        },
        "25": {
            "labelled_normal": 39,
            "labelled_malicious": 233,
            "recall": 0.8566176470588235
        },
        "26": {
            "labelled_normal": 44,
            "labelled_malicious": 352,
            "recall": 0.8888888888888888
        },
        "27": {
            "labelled_normal": 39,
            "labelled_malicious": 369,
            "recall": 0.9044117647058824
        },
        "28": {
            "labelled_normal": 35,
            "labelled_malicious": 329,
            "recall": 0.9038461538461539
        },
        "29": {
            "labelled_normal": 26,
            "labelled_malicious": 339,
            "recall": 0.9287671232876712
        },
        "30": {
            "labelled_normal": 95,
            "labelled_malicious": 336,
            "recall": 0.7795823665893271
        },
        "31": {
            "labelled_normal": 0,
            "labelled_malicious": 354,
            "recall": 1.0
        },
        "32": {
            "labelled_normal": 1,
            "labelled_malicious": 385,
            "recall": 0.9974093264248705
        },
        "33": {
            "labelled_normal": 10,
            "labelled_malicious": 298,
            "recall": 0.9675324675324676
        },
        "34": {
            "labelled_normal": 14,
            "labelled_malicious": 400,
            "recall": 0.966183574879227
        },
        "35": {
            "labelled_normal": 43,
            "labelled_malicious": 390,
            "recall": 0.9006928406466512
        }
    },
    "attack_categories": {
        "0": {
            "labelled_normal": 41969,
            "labelled_malicious": 896,
            "recall": 0.9790971655196548
        },
        "1": {
            "labelled_normal": 122,
            "labelled_malicious": 1414,
            "recall": 0.9205729166666666
        },
        "2": {
            "labelled_normal": 224,
            "labelled_malicious": 2371,
            "recall": 0.9136801541425819
        },
        "3": {
            "labelled_normal": 124,
            "labelled_malicious": 1489,
            "recall": 0.9231246125232486
        },
        "4": {
            "labelled_normal": 241,
            "labelled_malicious": 3859,
            "recall": 0.9412195121951219
        },
        "5": {
            "labelled_normal": 2199,
            "labelled_malicious": 2699,
            "recall": 0.5510412413229889
        },
        "6": {
            "labelled_normal": 33,
            "labelled_malicious": 420,
            "recall": 0.9271523178807947
        },
        "7": {
            "labelled_normal": 21,
            "labelled_malicious": 815,
            "recall": 0.9748803827751196
        }
    }
}