{
    "TP": 12463,
    "TN": 41914,
    "FP": 926,
    "FN": 1120,
    "accuracy": 0.9637381918721089,
    "precision": 0.9308387482261558,
    "recall": 0.9175439888095414,
    "attack_types": {
        "0": {
            "labelled_normal": 41914,
            "labelled_malicious": 926,
            "recall": 0.9783846872082166
        },
        "1": {
            "labelled_normal": 2,
            "labelled_malicious": 382,
            "recall": 0.9947916666666666
        },
        "2": {
            "labelled_normal": 67,
            "labelled_malicious": 239,
            "recall": 0.7810457516339869
        },
        "3": {
            "labelled_normal": 0,
            "labelled_malicious": 346,
            "recall": 1.0
        },
        "4": {
            "labelled_normal": 0,
            "labelled_malicious": 425,
            "recall": 1.0
        },
        "5": {
            "labelled_normal": 0,
            "labelled_malicious": 293,
            "recall": 1.0
        },
        "6": {
            "labelled_normal": 54,
            "labelled_malicious": 326,
            "recall": 0.8578947368421053
        },
        "7": {
            "labelled_normal": 4,
            "labelled_malicious": 292,
            "recall": 0.9864864864864865
        },
        "8": {
            "labelled_normal": 11,
            "labelled_malicious": 358,
            "recall": 0.9701897018970189
        },
        "9": {
            "labelled_normal": 10,
            "labelled_malicious": 298,
            "recall": 0.9675324675324676
        },
        "10": {
            "labelled_normal": 56,
            "labelled_malicious": 220,
            "recall": 0.7971014492753623
        },
        "11": {
            "labelled_normal": 4,
            "labelled_malicious": 393,
            "recall": 0.9899244332493703
        },
        "12": {
            "labelled_normal": 4,
            "labelled_malicious": 376,
            "recall": 0.9894736842105263
        },
        "13": {
            "labelled_normal": 30,
            "labelled_malicious": 284,
            "recall": 0.9044585987261147
        },
        "14": {
            "labelled_normal": 33,
            "labelled_malicious": 279,
            "recall": 0.8942307692307693
        },
        "15": {
            "labelled_normal": 46,
            "labelled_malicious": 266,
            "recall": 0.8525641025641025
        },
        "16": {
            "labelled_normal": 22,
            "labelled_malicious": 314,
            "recall": 0.9345238095238095
        },
        "17": {
            "labelled_normal": 11,
            "labelled_malicious": 272,
            "recall": 0.9611307420494699
        },
        "18": {
            "labelled_normal": 40,
            "labelled_malicious": 388,
            "recall": 0.9065420560747663
        },
        "19": {
            "labelled_normal": 1,
            "labelled_malicious": 339,
            "recall": 0.9970588235294118
        },
        "20": {
            "labelled_normal": 2,
            "labelled_malicious": 119,
            "recall": 0.9834710743801653
        },
        "21": {
            "labelled_normal": 1,
            "labelled_malicious": 363,
            "recall": 0.9972527472527473
        },
        "22": {
            "labelled_normal": 3,
            "labelled_malicious": 290,
            "recall": 0.9897610921501706
        },
        "23": {
            "labelled_normal": 2,
            "labelled_malicious": 422,
            "recall": 0.9952830188679245
        },
        "24": {
            "labelled_normal": 14,
            "labelled_malicious": 242,
            "recall": 0.9453125
        },
        "25": {
            "labelled_normal": 46,
            "labelled_malicious": 249,
            "recall": 0.8440677966101695
        },
        "26": {
            "labelled_normal": 40,
            "labelled_malicious": 290,
            "recall": 0.8787878787878788
        },
        "27": {
            "labelled_normal": 23,
            "labelled_malicious": 378,
            "recall": 0.942643391521197
        },
        "28": {
            "labelled_normal": 44,
            "labelled_malicious": 362,
            "recall": 0.8916256157635468
        },
        "29": {
            "labelled_normal": 359,
            "labelled_malicious": 1497,
            "recall": 0.806573275862069
        },
        "30": {
            "labelled_normal": 129,
            "labelled_malicious": 317,
            "recall": 0.7107623318385651
        },
        "31": {
            "labelled_normal": 1,
            "labelled_malicious": 395,
            "recall": 0.9974747474747475
        },
        "32": {
            "labelled_normal": 2,
            "labelled_malicious": 367,
            "recall": 0.994579945799458
        },
        "33": {
            "labelled_normal": 18,
            "labelled_malicious": 288,
            "recall": 0.9411764705882353
        },
        "34": {
            "labelled_normal": 13,
            "labelled_malicious": 391,
            "recall": 0.9678217821782178
        },
        "35": {
            "labelled_normal": 28,
            "labelled_malicious": 403,
            "recall": 0.9350348027842227
        }
    },
    "attack_categories": {
        "0": {
            "labelled_normal": 41914,
            "labelled_malicious": 926,
            "recall": 0.9783846872082166
        },
        "1": {
            "labelled_normal": 491,
            "labelled_malicious": 2576,
            "recall": 0.8399087055754809
        },
        "2": {
            "labelled_normal": 212,
            "labelled_malicious": 2361,
            "recall": 0.9176059075009716
        },
        "3": {
            "labelled_normal": 142,
            "labelled_malicious": 1415,
            "recall": 0.9087989723827874
        },
        "4": {
            "labelled_normal": 212,
            "labelled_malicious": 3948,
            "recall": 0.9490384615384615
        },
        "5": {
            "labelled_normal": 5,
            "labelled_malicious": 992,
            "recall": 0.9949849548645938
        },
        "6": {
            "labelled_normal": 40,
            "labelled_malicious": 388,
            "recall": 0.9065420560747663
        },
        "7": {
            "labelled_normal": 18,
            "labelled_malicious": 783,
            "recall": 0.9775280898876404
        }
    }
}