{
    "TP": 11371,
    "TN": 41918,
    "FP": 895,
    "FN": 1889,
    "accuracy": 0.9503504360387353,
    "precision": 0.9270340779390184,
    "recall": 0.8575414781297134,
    "attack_types": {
        "0": {
            "labelled_normal": 41918,
            "labelled_malicious": 895,
            "recall": 0.9790951346553617
        },
        "1": {
            "labelled_normal": 14,
            "labelled_malicious": 308,
            "recall": 0.9565217391304348
        },
        "2": {
            "labelled_normal": 57,
            "labelled_malicious": 246,
            "recall": 0.8118811881188119
        },
        "3": {
            "labelled_normal": 4,
            "labelled_malicious": 358,
            "recall": 0.988950276243094
        },
        "4": {
            "labelled_normal": 0,
            "labelled_malicious": 352,
            "recall": 1.0
        },
        "5": {
            "labelled_normal": 9,
            "labelled_malicious": 283,
            "recall": 0.9691780821917808
        },
        "6": {
            "labelled_normal": 66,
            "labelled_malicious": 340,
            "recall": 0.8374384236453202
        },
        "7": {
            "labelled_normal": 1,
            "labelled_malicious": 290,
            "recall": 0.9965635738831615
        },
        "8": {
            "labelled_normal": 22,
            "labelled_malicious": 329,
            "recall": 0.9373219373219374
        },
        "9": {
            "labelled_normal": 1088,
            "labelled_malicious": 308,
            "recall": 0.22063037249283668
        },
        "10": {
            "labelled_normal": 65,
            "labelled_malicious": 231,
            "recall": 0.7804054054054054
        },
        "11": {
            "labelled_normal": 7,
            "labelled_malicious": 356,
            "recall": 0.9807162534435262
        },
        "12": {
            "labelled_normal": 8,
            "labelled_malicious": 452,
            "recall": 0.9826086956521739
        },
        "13": {
            "labelled_normal": 26,
            "labelled_malicious": 333,
            "recall": 0.9275766016713092
        },
        "14": {
            "labelled_normal": 27,
            "labelled_malicious": 331,
            "recall": 0.9245810055865922
        },
        "15": {
            "labelled_normal": 63,
            "labelled_malicious": 257,
            "recall": 0.803125
        },
        "16": {
            "labelled_normal": 18,
            "labelled_malicious": 342,
            "recall": 0.95
        },
        "17": {
            "labelled_normal": 12,
            "labelled_malicious": 295,
            "recall": 0.9609120521172638
        },
        "18": {
            "labelled_normal": 36,
            "labelled_malicious": 404,
            "recall": 0.9181818181818182
        },
        "19": {
            "labelled_normal": 1,
            "labelled_malicious": 332,
            "recall": 0.996996996996997
        },
        "20": {
            "labelled_normal": 6,
            "labelled_malicious": 127,
            "recall": 0.9548872180451128
        },
        "21": {
            "labelled_normal": 1,
            "labelled_malicious": 343,
            "recall": 0.997093023255814
        },
        "22": {
            "labelled_normal": 0,
            "labelled_malicious": 319,
            "recall": 1.0
        },
        "23": {
            "labelled_normal": 5,
            "labelled_malicious": 452,
            "recall": 0.9890590809628009
        },
        "24": {
            "labelled_normal": 11,
            "labelled_malicious": 200,
            "recall": 0.9478672985781991
        },
        "25": {
            "labelled_normal": 51,
            "labelled_malicious": 256,
            "recall": 0.8338762214983714
        },
        "26": {
            "labelled_normal": 48,
            "labelled_malicious": 295,
            "recall": 0.8600583090379009
        },
        "27": {
            "labelled_normal": 33,
            "labelled_malicious": 413,
            "recall": 0.9260089686098655
        },
        "28": {
            "labelled_normal": 30,
            "labelled_malicious": 306,
            "recall": 0.9107142857142857
        },
        "29": {
            "labelled_normal": 40,
            "labelled_malicious": 353,
            "recall": 0.8982188295165394
        },
        "30": {
            "labelled_normal": 93,
            "labelled_malicious": 300,
            "recall": 0.7633587786259542
        },
        "31": {
            "labelled_normal": 1,
            "labelled_malicious": 404,
            "recall": 0.9975308641975309
        },
        "32": {
            "labelled_normal": 1,
            "labelled_malicious": 367,
            "recall": 0.9972826086956522
        },
        "33": {
            "labelled_normal": 6,
            "labelled_malicious": 311,
            "recall": 0.9810725552050473
        },
        "34": {
            "labelled_normal": 10,
            "labelled_malicious": 370,
            "recall": 0.9736842105263158
        },
        "35": {
            "labelled_normal": 29,
            "labelled_malicious": 408,
            "recall": 0.9336384439359268
        }
    },
    "attack_categories": {
        "0": {
            "labelled_normal": 41918,
            "labelled_malicious": 895,
            "recall": 0.9790951346553617
        },
        "1": {
            "labelled_normal": 135,
            "labelled_malicious": 1424,
            "recall": 0.9134060295060936
        },
        "2": {
            "labelled_normal": 207,
            "labelled_malicious": 2359,
            "recall": 0.9193296960249415
        },
        "3": {
            "labelled_normal": 146,
            "labelled_malicious": 1558,
            "recall": 0.9143192488262911
        },
        "4": {
            "labelled_normal": 1341,
            "labelled_malicious": 3853,
            "recall": 0.741817481709665
        },
        "5": {
            "labelled_normal": 2,
            "labelled_malicious": 994,
            "recall": 0.9979919678714859
        },
        "6": {
            "labelled_normal": 36,
            "labelled_malicious": 404,
            "recall": 0.9181818181818182
        },
        "7": {
            "labelled_normal": 22,
            "labelled_malicious": 779,
            "recall": 0.9725343320848939
        }
    }
}