{
    "TP": 12125,
    "TN": 42113,
    "FP": 917,
    "FN": 1203,
    "accuracy": 0.9623833351077044,
    "precision": 0.9296886980524459,
    "recall": 0.9097388955582233,
    "attack_types": {
        "0": {
            "labelled_normal": 42113,
            "labelled_malicious": 917,
            "recall": 0.9786892865442715
        },
        "1": {
            "labelled_normal": 8,
            "labelled_malicious": 310,
            "recall": 0.9748427672955975
        },
        "2": {
            "labelled_normal": 48,
            "labelled_malicious": 236,
            "recall": 0.8309859154929577
        },
        "3": {
            "labelled_normal": 1,
            "labelled_malicious": 336,
            "recall": 0.9970326409495549
        },
        "4": {
            "labelled_normal": 0,
            "labelled_malicious": 374,
            "recall": 1.0
        },
        "5": {
            "labelled_normal": 2,
            "labelled_malicious": 277,
            "recall": 0.992831541218638
        },
        "6": {
            "labelled_normal": 62,
            "labelled_malicious": 336,
            "recall": 0.8442211055276382
        },
        "7": {
            "labelled_normal": 3,
            "labelled_malicious": 290,
            "recall": 0.9897610921501706
        },
        "8": {
            "labelled_normal": 433,
            "labelled_malicious": 1365,
            "recall": 0.7591768631813126
        },
        "9": {
            "labelled_normal": 13,
            "labelled_malicious": 249,
            "recall": 0.950381679389313
        },
        "10": {
            "labelled_normal": 54,
            "labelled_malicious": 245,
            "recall": 0.8193979933110368
        },
        "11": {
            "labelled_normal": 4,
            "labelled_malicious": 384,
            "recall": 0.9896907216494846
        },
        "12": {
            "labelled_normal": 11,
            "labelled_malicious": 385,
            "recall": 0.9722222222222222
        },
        "13": {
            "labelled_normal": 29,
            "labelled_malicious": 249,
            "recall": 0.89568345323741
        },
        "14": {
            "labelled_normal": 32,
            "labelled_malicious": 312,
            "recall": 0.9069767441860465
        },
        "15": {
            "labelled_normal": 43,
            "labelled_malicious": 252,
            "recall": 0.8542372881355932
        },
        "16": {
            "labelled_normal": 20,
            "labelled_malicious": 308,
            "recall": 0.9390243902439024
        },
        "17": {
            "labelled_normal": 8,
            "labelled_malicious": 263,
            "recall": 0.9704797047970479
        },
        "18": {
            "labelled_normal": 40,
            "labelled_malicious": 407,
            "recall": 0.9105145413870246
        },
        "19": {
            "labelled_normal": 0,
            "labelled_malicious": 335,
            "recall": 1.0
        },
        "20": {
            "labelled_normal": 1,
            "labelled_malicious": 125,
            "recall": 0.9920634920634921
        },
        "21": {
            "labelled_normal": 1,
            "labelled_malicious": 358,
            "recall": 0.9972144846796658
        },
        "22": {
            "labelled_normal": 2,
            "labelled_malicious": 337,
            "recall": 0.9941002949852508
        },
        "23": {
            "labelled_normal": 4,
            "labelled_malicious": 327,
            "recall": 0.9879154078549849
        },
        "24": {
            "labelled_normal": 18,
            "labelled_malicious": 223,
            "recall": 0.9253112033195021
        },
        "25": {
            "labelled_normal": 44,
            "labelled_malicious": 257,
            "recall": 0.8538205980066446
        },
        "26": {
            "labelled_normal": 36,
            "labelled_malicious": 337,
            "recall": 0.903485254691689
        },
        "27": {
            "labelled_normal": 30,
            "labelled_malicious": 375,
            "recall": 0.9259259259259259
        },
        "28": {
            "labelled_normal": 38,
            "labelled_malicious": 344,
            "recall": 0.900523560209424
        },
        "29": {
            "labelled_normal": 46,
            "labelled_malicious": 329,
            "recall": 0.8773333333333333
        },
        "30": {
            "labelled_normal": 109,
            "labelled_malicious": 330,
            "recall": 0.7517084282460137
        },
        "31": {
            "labelled_normal": 1,
            "labelled_malicious": 392,
            "recall": 0.9974554707379135
        },
        "32": {
            "labelled_normal": 3,
            "labelled_malicious": 329,
            "recall": 0.9909638554216867
        },
        "33": {
            "labelled_normal": 5,
            "labelled_malicious": 315,
            "recall": 0.984375
        },
        "34": {
            "labelled_normal": 17,
            "labelled_malicious": 388,
            "recall": 0.9580246913580247
        },
        "35": {
            "labelled_normal": 37,
            "labelled_malicious": 446,
            "recall": 0.9233954451345756
        }
    },
    "attack_categories": {
        "0": {
            "labelled_normal": 42113,
            "labelled_malicious": 917,
            "recall": 0.9786892865442715
        },
        "1": {
            "labelled_normal": 159,
            "labelled_malicious": 1380,
            "recall": 0.8966861598440545
        },
        "2": {
            "labelled_normal": 207,
            "labelled_malicious": 2462,
            "recall": 0.9224428624953166
        },
        "3": {
            "labelled_normal": 132,
            "labelled_malicious": 1384,
            "recall": 0.9129287598944591
        },
        "4": {
            "labelled_normal": 639,
            "labelled_malicious": 4787,
            "recall": 0.8822336896424622
        },
        "5": {
            "labelled_normal": 3,
            "labelled_malicious": 1030,
            "recall": 0.9970958373668926
        },
        "6": {
            "labelled_normal": 40,
            "labelled_malicious": 407,
            "recall": 0.9105145413870246
        },
        "7": {
            "labelled_normal": 23,
            "labelled_malicious": 675,
            "recall": 0.9670487106017192
        }
    }
}