{
    "TP": 11586,
    "TN": 41910,
    "FP": 903,
    "FN": 2116,
    "accuracy": 0.946580553835265,
    "precision": 0.9276963728080712,
    "recall": 0.8455699897825135,
    "attack_types": {
        "0": {
            "labelled_normal": 41910,
            "labelled_malicious": 903,
            "recall": 0.9789082755237895
        },
        "1": {
            "labelled_normal": 14,
            "labelled_malicious": 308,
            "recall": 0.9565217391304348
        },
        "2": {
            "labelled_normal": 52,
            "labelled_malicious": 251,
            "recall": 0.8283828382838284
        },
        "3": {
            "labelled_normal": 3,
            "labelled_malicious": 359,
            "recall": 0.9917127071823204
        },
        "4": {
            "labelled_normal": 0,
            "labelled_malicious": 352,
            "recall": 1.0
        },
        "5": {
            "labelled_normal": 6,
            "labelled_malicious": 286,
            "recall": 0.9794520547945206
        },
        "6": {
            "labelled_normal": 67,
            "labelled_malicious": 339,
            "recall": 0.8349753694581281
        },
        "7": {
            "labelled_normal": 1,
            "labelled_malicious": 290,
            "recall": 0.9965635738831615
        },
        "8": {
            "labelled_normal": 19,
            "labelled_malicious": 332,
            "recall": 0.9458689458689459
        },
        "9": {
            "labelled_normal": 12,
            "labelled_malicious": 235,
            "recall": 0.951417004048583
        },
        "10": {
            "labelled_normal": 66,
            "labelled_malicious": 230,
            "recall": 0.777027027027027
        },
        "11": {
            "labelled_normal": 7,
            "labelled_malicious": 356,
            "recall": 0.9807162534435262
        },
        "12": {
            "labelled_normal": 6,
            "labelled_malicious": 454,
            "recall": 0.9869565217391304
        },
        "13": {
            "labelled_normal": 27,
            "labelled_malicious": 332,
            "recall": 0.924791086350975
        },
        "14": {
            "labelled_normal": 24,
            "labelled_malicious": 334,
            "recall": 0.9329608938547486
        },
        "15": {
            "labelled_normal": 64,
            "labelled_malicious": 256,
            "recall": 0.8
        },
        "16": {
            "labelled_normal": 18,
            "labelled_malicious": 342,
            "recall": 0.95
        },
        "17": {
            "labelled_normal": 10,
            "labelled_malicious": 297,
            "recall": 0.9674267100977199
        },
        "18": {
            "labelled_normal": 37,
            "labelled_malicious": 403,
            "recall": 0.9159090909090909
        },
        "19": {
            "labelled_normal": 2,
            "labelled_malicious": 331,
            "recall": 0.993993993993994
        },
        "20": {
            "labelled_normal": 6,
            "labelled_malicious": 127,
            "recall": 0.9548872180451128
        },
        "21": {
            "labelled_normal": 2,
            "labelled_malicious": 342,
            "recall": 0.9941860465116279
        },
        "22": {
            "labelled_normal": 0,
            "labelled_malicious": 319,
            "recall": 1.0
        },
        "23": {
            "labelled_normal": 1322,
            "labelled_malicious": 726,
            "recall": 0.3544921875
        },
        "24": {
            "labelled_normal": 11,
            "labelled_malicious": 200,
            "recall": 0.9478672985781991
        },
        "25": {
            "labelled_normal": 52,
            "labelled_malicious": 255,
            "recall": 0.8306188925081434
        },
        "26": {
            "labelled_normal": 48,
            "labelled_malicious": 295,
            "recall": 0.8600583090379009
        },
        "27": {
            "labelled_normal": 32,
            "labelled_malicious": 414,
            "recall": 0.9282511210762332
        },
        "28": {
            "labelled_normal": 31,
            "labelled_malicious": 305,
            "recall": 0.9077380952380952
        },
        "29": {
            "labelled_normal": 40,
            "labelled_malicious": 353,
            "recall": 0.8982188295165394
        },
        "30": {
            "labelled_normal": 93,
            "labelled_malicious": 300,
            "recall": 0.7633587786259542
        },
        "31": {
            "labelled_normal": 0,
            "labelled_malicious": 405,
            "recall": 1.0
        },
        "32": {
            "labelled_normal": 1,
            "labelled_malicious": 367,
            "recall": 0.9972826086956522
        },
        "33": {
            "labelled_normal": 6,
            "labelled_malicious": 311,
            "recall": 0.9810725552050473
        },
        "34": {
            "labelled_normal": 8,
            "labelled_malicious": 372,
            "recall": 0.9789473684210527
        },
        "35": {
            "labelled_normal": 29,
            "labelled_malicious": 408,
            "recall": 0.9336384439359268
        }
    },
    "attack_categories": {
        "0": {
            "labelled_normal": 41910,
            "labelled_malicious": 903,
            "recall": 0.9789082755237895
        },
        "1": {
            "labelled_normal": 134,
            "labelled_malicious": 1425,
            "recall": 0.914047466324567
        },
        "2": {
            "labelled_normal": 206,
            "labelled_malicious": 2360,
            "recall": 0.9197194076383476
        },
        "3": {
            "labelled_normal": 143,
            "labelled_malicious": 1561,
            "recall": 0.9160798122065728
        },
        "4": {
            "labelled_normal": 253,
            "labelled_malicious": 3792,
            "recall": 0.9374536464771323
        },
        "5": {
            "labelled_normal": 4,
            "labelled_malicious": 992,
            "recall": 0.9959839357429718
        },
        "6": {
            "labelled_normal": 37,
            "labelled_malicious": 403,
            "recall": 0.9159090909090909
        },
        "7": {
            "labelled_normal": 1339,
            "labelled_malicious": 1053,
            "recall": 0.44021739130434784
        }
    }
}