{
    "TP": 11471,
    "TN": 41939,
    "FP": 901,
    "FN": 2291,
    "accuracy": 0.9436062329953006,
    "precision": 0.9271742644681539,
    "recall": 0.8335271036186601,
    "attack_types": {
        "0": {
            "labelled_normal": 41939,
            "labelled_malicious": 901,
            "recall": 0.9789682539682539
        },
        "1": {
            "labelled_normal": 2,
            "labelled_malicious": 382,
            "recall": 0.9947916666666666
        },
        "2": {
            "labelled_normal": 67,
            "labelled_malicious": 239,
            "recall": 0.7810457516339869
        },
        "3": {
            "labelled_normal": 3,
            "labelled_malicious": 343,
            "recall": 0.9913294797687862
        },
        "4": {
            "labelled_normal": 0,
            "labelled_malicious": 425,
            "recall": 1.0
        },
        "5": {
            "labelled_normal": 0,
            "labelled_malicious": 293,
            "recall": 1.0
        },
        "6": {
            "labelled_normal": 51,
            "labelled_malicious": 329,
            "recall": 0.8657894736842106
        },
        "7": {
            "labelled_normal": 4,
            "labelled_malicious": 292,
            "recall": 0.9864864864864865
        },
        "8": {
            "labelled_normal": 11,
            "labelled_malicious": 358,
            "recall": 0.9701897018970189
        },
        "9": {
            "labelled_normal": 9,
            "labelled_malicious": 299,
            "recall": 0.9707792207792207
        },
        "10": {
            "labelled_normal": 54,
            "labelled_malicious": 222,
            "recall": 0.8043478260869565
        },
        "11": {
            "labelled_normal": 5,
            "labelled_malicious": 392,
            "recall": 0.9874055415617129
        },
        "12": {
            "labelled_normal": 2,
            "labelled_malicious": 378,
            "recall": 0.9947368421052631
        },
        "13": {
            "labelled_normal": 28,
            "labelled_malicious": 286,
            "recall": 0.910828025477707
        },
        "14": {
            "labelled_normal": 33,
            "labelled_malicious": 279,
            "recall": 0.8942307692307693
        },
        "15": {
            "labelled_normal": 48,
            "labelled_malicious": 264,
            "recall": 0.8461538461538461
        },
        "16": {
            "labelled_normal": 21,
            "labelled_malicious": 315,
            "recall": 0.9375
        },
        "17": {
            "labelled_normal": 9,
            "labelled_malicious": 274,
            "recall": 0.9681978798586572
        },
        "18": {
            "labelled_normal": 40,
            "labelled_malicious": 388,
            "recall": 0.9065420560747663
        },
        "19": {
            "labelled_normal": 1,
            "labelled_malicious": 339,
            "recall": 0.9970588235294118
        },
        "20": {
            "labelled_normal": 1,
            "labelled_malicious": 120,
            "recall": 0.9917355371900827
        },
        "21": {
            "labelled_normal": 1,
            "labelled_malicious": 363,
            "recall": 0.9972527472527473
        },
        "22": {
            "labelled_normal": 3,
            "labelled_malicious": 290,
            "recall": 0.9897610921501706
        },
        "23": {
            "labelled_normal": 1,
            "labelled_malicious": 423,
            "recall": 0.9976415094339622
        },
        "24": {
            "labelled_normal": 11,
            "labelled_malicious": 245,
            "recall": 0.95703125
        },
        "25": {
            "labelled_normal": 50,
            "labelled_malicious": 245,
            "recall": 0.8305084745762712
        },
        "26": {
            "labelled_normal": 35,
            "labelled_malicious": 295,
            "recall": 0.8939393939393939
        },
        "27": {
            "labelled_normal": 1512,
            "labelled_malicious": 567,
            "recall": 0.2727272727272727
        },
        "28": {
            "labelled_normal": 45,
            "labelled_malicious": 361,
            "recall": 0.8891625615763546
        },
        "29": {
            "labelled_normal": 39,
            "labelled_malicious": 318,
            "recall": 0.8907563025210085
        },
        "30": {
            "labelled_normal": 129,
            "labelled_malicious": 317,
            "recall": 0.7107623318385651
        },
        "31": {
            "labelled_normal": 1,
            "labelled_malicious": 395,
            "recall": 0.9974747474747475
        },
        "32": {
            "labelled_normal": 6,
            "labelled_malicious": 363,
            "recall": 0.983739837398374
        },
        "33": {
            "labelled_normal": 19,
            "labelled_malicious": 287,
            "recall": 0.9379084967320261
        },
        "34": {
            "labelled_normal": 18,
            "labelled_malicious": 386,
            "recall": 0.9554455445544554
        },
        "35": {
            "labelled_normal": 32,
            "labelled_malicious": 399,
            "recall": 0.925754060324826
        }
    },
    "attack_categories": {
        "0": {
            "labelled_normal": 41939,
            "labelled_malicious": 901,
            "recall": 0.9789682539682539
        },
        "1": {
            "labelled_normal": 175,
            "labelled_malicious": 1393,
            "recall": 0.8883928571428571
        },
        "2": {
            "labelled_normal": 1711,
            "labelled_malicious": 2540,
            "recall": 0.597506469066102
        },
        "3": {
            "labelled_normal": 139,
            "labelled_malicious": 1418,
            "recall": 0.9107257546563905
        },
        "4": {
            "labelled_normal": 208,
            "labelled_malicious": 3952,
            "recall": 0.95
        },
        "5": {
            "labelled_normal": 5,
            "labelled_malicious": 992,
            "recall": 0.9949849548645938
        },
        "6": {
            "labelled_normal": 40,
            "labelled_malicious": 388,
            "recall": 0.9065420560747663
        },
        "7": {
            "labelled_normal": 13,
            "labelled_malicious": 788,
            "recall": 0.9837702871410736
        }
    }
}