{
    "TP": 11829,
    "TN": 42105,
    "FP": 925,
    "FN": 1206,
    "accuracy": 0.9619905466868813,
    "precision": 0.9274737337305943,
    "recall": 0.9074798619102417,
    "attack_types": {
        "0": {
            "labelled_normal": 42105,
            "labelled_malicious": 925,
            "recall": 0.9785033697420404
        },
        "1": {
            "labelled_normal": 8,
            "labelled_malicious": 310,
            "recall": 0.9748427672955975
        },
        "2": {
            "labelled_normal": 48,
            "labelled_malicious": 236,
            "recall": 0.8309859154929577
        },
        "3": {
            "labelled_normal": 1,
            "labelled_malicious": 336,
            "recall": 0.9970326409495549
        },
        "4": {
            "labelled_normal": 0,
            "labelled_malicious": 374,
            "recall": 1.0
        },
        "5": {
            "labelled_normal": 426,
            "labelled_malicious": 990,
            "recall": 0.6991525423728814
        },
        "6": {
            "labelled_normal": 64,
            "labelled_malicious": 334,
            "recall": 0.8391959798994975
        },
        "7": {
            "labelled_normal": 3,
            "labelled_malicious": 290,
            "recall": 0.9897610921501706
        },
        "8": {
            "labelled_normal": 12,
            "labelled_malicious": 356,
            "recall": 0.967391304347826
        },
        "9": {
            "labelled_normal": 14,
            "labelled_malicious": 248,
            "recall": 0.9465648854961832
        },
        "10": {
            "labelled_normal": 53,
            "labelled_malicious": 246,
            "recall": 0.822742474916388
        },
        "11": {
            "labelled_normal": 2,
            "labelled_malicious": 386,
            "recall": 0.9948453608247423
        },
        "12": {
            "labelled_normal": 11,
            "labelled_malicious": 385,
            "recall": 0.9722222222222222
        },
        "13": {
            "labelled_normal": 31,
            "labelled_malicious": 247,
            "recall": 0.8884892086330936
        },
        "14": {
            "labelled_normal": 32,
            "labelled_malicious": 312,
            "recall": 0.9069767441860465
        },
        "15": {
            "labelled_normal": 42,
            "labelled_malicious": 253,
            "recall": 0.8576271186440678
        },
        "16": {
            "labelled_normal": 19,
            "labelled_malicious": 309,
            "recall": 0.9420731707317073
        },
        "17": {
            "labelled_normal": 8,
            "labelled_malicious": 263,
            "recall": 0.9704797047970479
        },
        "18": {
            "labelled_normal": 40,
            "labelled_malicious": 407,
            "recall": 0.9105145413870246
        },
        "19": {
            "labelled_normal": 0,
            "labelled_malicious": 335,
            "recall": 1.0
        },
        "20": {
            "labelled_normal": 0,
            "labelled_malicious": 126,
            "recall": 1.0
        },
        "21": {
            "labelled_normal": 1,
            "labelled_malicious": 358,
            "recall": 0.9972144846796658
        },
        "22": {
            "labelled_normal": 2,
            "labelled_malicious": 337,
            "recall": 0.9941002949852508
        },
        "23": {
            "labelled_normal": 4,
            "labelled_malicious": 327,
            "recall": 0.9879154078549849
        },
        "24": {
            "labelled_normal": 18,
            "labelled_malicious": 223,
            "recall": 0.9253112033195021
        },
        "25": {
            "labelled_normal": 44,
            "labelled_malicious": 257,
            "recall": 0.8538205980066446
        },
        "26": {
            "labelled_normal": 39,
            "labelled_malicious": 334,
            "recall": 0.8954423592493298
        },
        "27": {
            "labelled_normal": 31,
            "labelled_malicious": 374,
            "recall": 0.9234567901234568
        },
        "28": {
            "labelled_normal": 37,
            "labelled_malicious": 345,
            "recall": 0.9031413612565445
        },
        "29": {
            "labelled_normal": 48,
            "labelled_malicious": 327,
            "recall": 0.872
        },
        "30": {
            "labelled_normal": 107,
            "labelled_malicious": 332,
            "recall": 0.7562642369020501
        },
        "31": {
            "labelled_normal": 1,
            "labelled_malicious": 392,
            "recall": 0.9974554707379135
        },
        "32": {
            "labelled_normal": 1,
            "labelled_malicious": 331,
            "recall": 0.9969879518072289
        },
        "33": {
            "labelled_normal": 5,
            "labelled_malicious": 315,
            "recall": 0.984375
        },
        "34": {
            "labelled_normal": 17,
            "labelled_malicious": 388,
            "recall": 0.9580246913580247
        },
        "35": {
            "labelled_normal": 37,
            "labelled_malicious": 446,
            "recall": 0.9233954451345756
        }
    },
    "attack_categories": {
        "0": {
            "labelled_normal": 42105,
            "labelled_malicious": 925,
            "recall": 0.9785033697420404
        },
        "1": {
            "labelled_normal": 157,
            "labelled_malicious": 1382,
            "recall": 0.8979857050032488
        },
        "2": {
            "labelled_normal": 210,
            "labelled_malicious": 2459,
            "recall": 0.9213188460097415
        },
        "3": {
            "labelled_normal": 132,
            "labelled_malicious": 1384,
            "recall": 0.9129287598944591
        },
        "4": {
            "labelled_normal": 642,
            "labelled_malicious": 4491,
            "recall": 0.874926943308007
        },
        "5": {
            "labelled_normal": 3,
            "labelled_malicious": 1030,
            "recall": 0.9970958373668926
        },
        "6": {
            "labelled_normal": 40,
            "labelled_malicious": 407,
            "recall": 0.9105145413870246
        },
        "7": {
            "labelled_normal": 22,
            "labelled_malicious": 676,
            "recall": 0.9684813753581661
        }
    }
}