{
    "TP": 12056,
    "TN": 41899,
    "FP": 941,
    "FN": 1634,
    "accuracy": 0.9544489651512471,
    "precision": 0.927598676617681,
    "recall": 0.8806428049671293,
    "attack_types": {
        "0": {
            "labelled_normal": 41899,
            "labelled_malicious": 941,
            "recall": 0.9780345471521942
        },
        "1": {
            "labelled_normal": 2,
            "labelled_malicious": 382,
            "recall": 0.9947916666666666
        },
        "2": {
            "labelled_normal": 65,
            "labelled_malicious": 241,
            "recall": 0.7875816993464052
        },
        "3": {
            "labelled_normal": 1,
            "labelled_malicious": 345,
            "recall": 0.9971098265895953
        },
        "4": {
            "labelled_normal": 0,
            "labelled_malicious": 425,
            "recall": 1.0
        },
        "5": {
            "labelled_normal": 1,
            "labelled_malicious": 292,
            "recall": 0.9965870307167235
        },
        "6": {
            "labelled_normal": 52,
            "labelled_malicious": 328,
            "recall": 0.8631578947368421
        },
        "7": {
            "labelled_normal": 4,
            "labelled_malicious": 292,
            "recall": 0.9864864864864865
        },
        "8": {
            "labelled_normal": 11,
            "labelled_malicious": 358,
            "recall": 0.9701897018970189
        },
        "9": {
            "labelled_normal": 16,
            "labelled_malicious": 292,
            "recall": 0.948051948051948
        },
        "10": {
            "labelled_normal": 56,
            "labelled_malicious": 220,
            "recall": 0.7971014492753623
        },
        "11": {
            "labelled_normal": 5,
            "labelled_malicious": 392,
            "recall": 0.9874055415617129
        },
        "12": {
            "labelled_normal": 2,
            "labelled_malicious": 378,
            "recall": 0.9947368421052631
        },
        "13": {
            "labelled_normal": 30,
            "labelled_malicious": 284,
            "recall": 0.9044585987261147
        },
        "14": {
            "labelled_normal": 34,
            "labelled_malicious": 278,
            "recall": 0.8910256410256411
        },
        "15": {
            "labelled_normal": 45,
            "labelled_malicious": 267,
            "recall": 0.8557692307692307
        },
        "16": {
            "labelled_normal": 24,
            "labelled_malicious": 312,
            "recall": 0.9285714285714286
        },
        "17": {
            "labelled_normal": 9,
            "labelled_malicious": 274,
            "recall": 0.9681978798586572
        },
        "18": {
            "labelled_normal": 39,
            "labelled_malicious": 389,
            "recall": 0.9088785046728972
        },
        "19": {
            "labelled_normal": 2,
            "labelled_malicious": 338,
            "recall": 0.9941176470588236
        },
        "20": {
            "labelled_normal": 1,
            "labelled_malicious": 120,
            "recall": 0.9917355371900827
        },
        "21": {
            "labelled_normal": 1,
            "labelled_malicious": 363,
            "recall": 0.9972527472527473
        },
        "22": {
            "labelled_normal": 3,
            "labelled_malicious": 290,
            "recall": 0.9897610921501706
        },
        "23": {
            "labelled_normal": 2,
            "labelled_malicious": 422,
            "recall": 0.9952830188679245
        },
        "24": {
            "labelled_normal": 12,
            "labelled_malicious": 244,
            "recall": 0.953125
        },
        "25": {
            "labelled_normal": 47,
            "labelled_malicious": 248,
            "recall": 0.8406779661016949
        },
        "26": {
            "labelled_normal": 36,
            "labelled_malicious": 294,
            "recall": 0.8909090909090909
        },
        "27": {
            "labelled_normal": 24,
            "labelled_malicious": 377,
            "recall": 0.940149625935162
        },
        "28": {
            "labelled_normal": 45,
            "labelled_malicious": 361,
            "recall": 0.8891625615763546
        },
        "29": {
            "labelled_normal": 39,
            "labelled_malicious": 318,
            "recall": 0.8907563025210085
        },
        "30": {
            "labelled_normal": 130,
            "labelled_malicious": 316,
            "recall": 0.7085201793721974
        },
        "31": {
            "labelled_normal": 1,
            "labelled_malicious": 395,
            "recall": 0.9974747474747475
        },
        "32": {
            "labelled_normal": 3,
            "labelled_malicious": 366,
            "recall": 0.991869918699187
        },
        "33": {
            "labelled_normal": 18,
            "labelled_malicious": 288,
            "recall": 0.9411764705882353
        },
        "34": {
            "labelled_normal": 845,
            "labelled_malicious": 1165,
            "recall": 0.5796019900497512
        },
        "35": {
            "labelled_normal": 29,
            "labelled_malicious": 402,
            "recall": 0.9327146171693735
        }
    },
    "attack_categories": {
        "0": {
            "labelled_normal": 41899,
            "labelled_malicious": 941,
            "recall": 0.9780345471521942
        },
        "1": {
            "labelled_normal": 173,
            "labelled_malicious": 1395,
            "recall": 0.8896683673469388
        },
        "2": {
            "labelled_normal": 1044,
            "labelled_malicious": 3135,
            "recall": 0.7501794687724336
        },
        "3": {
            "labelled_normal": 142,
            "labelled_malicious": 1415,
            "recall": 0.9087989723827874
        },
        "4": {
            "labelled_normal": 215,
            "labelled_malicious": 3945,
            "recall": 0.9483173076923077
        },
        "5": {
            "labelled_normal": 6,
            "labelled_malicious": 991,
            "recall": 0.9939819458375125
        },
        "6": {
            "labelled_normal": 39,
            "labelled_malicious": 389,
            "recall": 0.9088785046728972
        },
        "7": {
            "labelled_normal": 15,
            "labelled_malicious": 786,
            "recall": 0.9812734082397003
        }
    }
}