{
    "TP": 11455,
    "TN": 41945,
    "FP": 868,
    "FN": 1954,
    "accuracy": 0.9498061257159119,
    "precision": 0.9295626065081555,
    "recall": 0.8542769781490044,
    "attack_types": {
        "0": {
            "labelled_normal": 41945,
            "labelled_malicious": 868,
            "recall": 0.9797257842244178
        },
        "1": {
            "labelled_normal": 14,
            "labelled_malicious": 308,
            "recall": 0.9565217391304348
        },
        "2": {
            "labelled_normal": 54,
            "labelled_malicious": 249,
            "recall": 0.8217821782178217
        },
        "3": {
            "labelled_normal": 3,
            "labelled_malicious": 359,
            "recall": 0.9917127071823204
        },
        "4": {
            "labelled_normal": 0,
            "labelled_malicious": 352,
            "recall": 1.0
        },
        "5": {
            "labelled_normal": 9,
            "labelled_malicious": 283,
            "recall": 0.9691780821917808
        },
        "6": {
            "labelled_normal": 67,
            "labelled_malicious": 339,
            "recall": 0.8349753694581281
        },
        "7": {
            "labelled_normal": 1,
            "labelled_malicious": 290,
            "recall": 0.9965635738831615
        },
        "8": {
            "labelled_normal": 17,
            "labelled_malicious": 334,
            "recall": 0.9515669515669516
        },
        "9": {
            "labelled_normal": 12,
            "labelled_malicious": 235,
            "recall": 0.951417004048583
        },
        "10": {
            "labelled_normal": 66,
            "labelled_malicious": 230,
            "recall": 0.777027027027027
        },
        "11": {
            "labelled_normal": 6,
            "labelled_malicious": 357,
            "recall": 0.9834710743801653
        },
        "12": {
            "labelled_normal": 10,
            "labelled_malicious": 450,
            "recall": 0.9782608695652174
        },
        "13": {
            "labelled_normal": 28,
            "labelled_malicious": 331,
            "recall": 0.9220055710306406
        },
        "14": {
            "labelled_normal": 24,
            "labelled_malicious": 334,
            "recall": 0.9329608938547486
        },
        "15": {
            "labelled_normal": 65,
            "labelled_malicious": 255,
            "recall": 0.796875
        },
        "16": {
            "labelled_normal": 1168,
            "labelled_malicious": 490,
            "recall": 0.2955367913148372
        },
        "17": {
            "labelled_normal": 12,
            "labelled_malicious": 295,
            "recall": 0.9609120521172638
        },
        "18": {
            "labelled_normal": 35,
            "labelled_malicious": 405,
            "recall": 0.9204545454545454
        },
        "19": {
            "labelled_normal": 1,
            "labelled_malicious": 332,
            "recall": 0.996996996996997
        },
        "20": {
            "labelled_normal": 6,
            "labelled_malicious": 127,
            "recall": 0.9548872180451128
        },
        "21": {
            "labelled_normal": 2,
            "labelled_malicious": 342,
            "recall": 0.9941860465116279
        },
        "22": {
            "labelled_normal": 0,
            "labelled_malicious": 319,
            "recall": 1.0
        },
        "23": {
            "labelled_normal": 5,
            "labelled_malicious": 452,
            "recall": 0.9890590809628009
        },
        "24": {
            "labelled_normal": 11,
            "labelled_malicious": 200,
            "recall": 0.9478672985781991
        },
        "25": {
            "labelled_normal": 47,
            "labelled_malicious": 260,
            "recall": 0.8469055374592834
        },
        "26": {
            "labelled_normal": 47,
            "labelled_malicious": 296,
            "recall": 0.8629737609329446
        },
        "27": {
            "labelled_normal": 32,
            "labelled_malicious": 414,
            "recall": 0.9282511210762332
        },
        "28": {
            "labelled_normal": 31,
            "labelled_malicious": 305,
            "recall": 0.9077380952380952
        },
        "29": {
            "labelled_normal": 44,
            "labelled_malicious": 349,
            "recall": 0.8880407124681934
        },
        "30": {
            "labelled_normal": 93,
            "labelled_malicious": 300,
            "recall": 0.7633587786259542
        },
        "31": {
            "labelled_normal": 0,
            "labelled_malicious": 405,
            "recall": 1.0
        },
        "32": {
            "labelled_normal": 1,
            "labelled_malicious": 367,
            "recall": 0.9972826086956522
        },
        "33": {
            "labelled_normal": 6,
            "labelled_malicious": 311,
            "recall": 0.9810725552050473
        },
        "34": {
            "labelled_normal": 8,
            "labelled_malicious": 372,
            "recall": 0.9789473684210527
        },
        "35": {
            "labelled_normal": 29,
            "labelled_malicious": 408,
            "recall": 0.9336384439359268
        }
    },
    "attack_categories": {
        "0": {
            "labelled_normal": 41945,
            "labelled_malicious": 868,
            "recall": 0.9797257842244178
        },
        "1": {
            "labelled_normal": 138,
            "labelled_malicious": 1421,
            "recall": 0.9114817190506735
        },
        "2": {
            "labelled_normal": 200,
            "labelled_malicious": 2366,
            "recall": 0.9220576773187841
        },
        "3": {
            "labelled_normal": 1297,
            "labelled_malicious": 1705,
            "recall": 0.5679546968687542
        },
        "4": {
            "labelled_normal": 259,
            "labelled_malicious": 3786,
            "recall": 0.9359703337453646
        },
        "5": {
            "labelled_normal": 3,
            "labelled_malicious": 993,
            "recall": 0.9969879518072289
        },
        "6": {
            "labelled_normal": 35,
            "labelled_malicious": 405,
            "recall": 0.9204545454545454
        },
        "7": {
            "labelled_normal": 22,
            "labelled_malicious": 779,
            "recall": 0.9725343320848939
        }
    }
}