{
    "TP": 12456,
    "TN": 41932,
    "FP": 881,
    "FN": 1177,
    "accuracy": 0.9635403748715586,
    "precision": 0.9339431656294519,
    "recall": 0.9136653707914619,
    "attack_types": {
        "0": {
            "labelled_normal": 41932,
            "labelled_malicious": 881,
            "recall": 0.979422138135613
        },
        "1": {
            "labelled_normal": 14,
            "labelled_malicious": 308,
            "recall": 0.9565217391304348
        },
        "2": {
            "labelled_normal": 53,
            "labelled_malicious": 250,
            "recall": 0.8250825082508251
        },
        "3": {
            "labelled_normal": 3,
            "labelled_malicious": 359,
            "recall": 0.9917127071823204
        },
        "4": {
            "labelled_normal": 0,
            "labelled_malicious": 352,
            "recall": 1.0
        },
        "5": {
            "labelled_normal": 6,
            "labelled_malicious": 286,
            "recall": 0.9794520547945206
        },
        "6": {
            "labelled_normal": 67,
            "labelled_malicious": 339,
            "recall": 0.8349753694581281
        },
        "7": {
            "labelled_normal": 1,
            "labelled_malicious": 290,
            "recall": 0.9965635738831615
        },
        "8": {
            "labelled_normal": 18,
            "labelled_malicious": 333,
            "recall": 0.9487179487179487
        },
        "9": {
            "labelled_normal": 12,
            "labelled_malicious": 235,
            "recall": 0.951417004048583
        },
        "10": {
            "labelled_normal": 63,
            "labelled_malicious": 233,
            "recall": 0.7871621621621622
        },
        "11": {
            "labelled_normal": 7,
            "labelled_malicious": 356,
            "recall": 0.9807162534435262
        },
        "12": {
            "labelled_normal": 6,
            "labelled_malicious": 454,
            "recall": 0.9869565217391304
        },
        "13": {
            "labelled_normal": 27,
            "labelled_malicious": 332,
            "recall": 0.924791086350975
        },
        "14": {
            "labelled_normal": 27,
            "labelled_malicious": 331,
            "recall": 0.9245810055865922
        },
        "15": {
            "labelled_normal": 65,
            "labelled_malicious": 255,
            "recall": 0.796875
        },
        "16": {
            "labelled_normal": 18,
            "labelled_malicious": 342,
            "recall": 0.95
        },
        "17": {
            "labelled_normal": 10,
            "labelled_malicious": 297,
            "recall": 0.9674267100977199
        },
        "18": {
            "labelled_normal": 37,
            "labelled_malicious": 403,
            "recall": 0.9159090909090909
        },
        "19": {
            "labelled_normal": 2,
            "labelled_malicious": 331,
            "recall": 0.993993993993994
        },
        "20": {
            "labelled_normal": 6,
            "labelled_malicious": 127,
            "recall": 0.9548872180451128
        },
        "21": {
            "labelled_normal": 1,
            "labelled_malicious": 343,
            "recall": 0.997093023255814
        },
        "22": {
            "labelled_normal": 0,
            "labelled_malicious": 319,
            "recall": 1.0
        },
        "23": {
            "labelled_normal": 6,
            "labelled_malicious": 451,
            "recall": 0.986870897155361
        },
        "24": {
            "labelled_normal": 12,
            "labelled_malicious": 199,
            "recall": 0.943127962085308
        },
        "25": {
            "labelled_normal": 53,
            "labelled_malicious": 254,
            "recall": 0.8273615635179153
        },
        "26": {
            "labelled_normal": 41,
            "labelled_malicious": 302,
            "recall": 0.880466472303207
        },
        "27": {
            "labelled_normal": 33,
            "labelled_malicious": 413,
            "recall": 0.9260089686098655
        },
        "28": {
            "labelled_normal": 401,
            "labelled_malicious": 1457,
            "recall": 0.7841765339074274
        },
        "29": {
            "labelled_normal": 44,
            "labelled_malicious": 349,
            "recall": 0.8880407124681934
        },
        "30": {
            "labelled_normal": 95,
            "labelled_malicious": 298,
            "recall": 0.7582697201017812
        },
        "31": {
            "labelled_normal": 0,
            "labelled_malicious": 405,
            "recall": 1.0
        },
        "32": {
            "labelled_normal": 1,
            "labelled_malicious": 367,
            "recall": 0.9972826086956522
        },
        "33": {
            "labelled_normal": 6,
            "labelled_malicious": 311,
            "recall": 0.9810725552050473
        },
        "34": {
            "labelled_normal": 12,
            "labelled_malicious": 368,
            "recall": 0.968421052631579
        },
        "35": {
            "labelled_normal": 30,
            "labelled_malicious": 407,
            "recall": 0.931350114416476
        }
    },
    "attack_categories": {
        "0": {
            "labelled_normal": 41932,
            "labelled_malicious": 881,
            "recall": 0.979422138135613
        },
        "1": {
            "labelled_normal": 140,
            "labelled_malicious": 1419,
            "recall": 0.9101988454137268
        },
        "2": {
            "labelled_normal": 576,
            "labelled_malicious": 3512,
            "recall": 0.8590998043052838
        },
        "3": {
            "labelled_normal": 147,
            "labelled_malicious": 1557,
            "recall": 0.9137323943661971
        },
        "4": {
            "labelled_normal": 250,
            "labelled_malicious": 3795,
            "recall": 0.9381953028430161
        },
        "5": {
            "labelled_normal": 3,
            "labelled_malicious": 993,
            "recall": 0.9969879518072289
        },
        "6": {
            "labelled_normal": 37,
            "labelled_malicious": 403,
            "recall": 0.9159090909090909
        },
        "7": {
            "labelled_normal": 24,
            "labelled_malicious": 777,
            "recall": 0.9700374531835206
        }
    }
}