{
    "TP": 11928,
    "TN": 41890,
    "FP": 950,
    "FN": 1848,
    "accuracy": 0.9505793415288964,
    "precision": 0.9262307811772015,
    "recall": 0.8658536585365854,
    "attack_types": {
        "0": {
            "labelled_normal": 41890,
            "labelled_malicious": 950,
            "recall": 0.9778244631185807
        },
        "1": {
            "labelled_normal": 2,
            "labelled_malicious": 382,
            "recall": 0.9947916666666666
        },
        "2": {
            "labelled_normal": 69,
            "labelled_malicious": 237,
            "recall": 0.7745098039215687
        },
        "3": {
            "labelled_normal": 0,
            "labelled_malicious": 346,
            "recall": 1.0
        },
        "4": {
            "labelled_normal": 0,
            "labelled_malicious": 425,
            "recall": 1.0
        },
        "5": {
            "labelled_normal": 0,
            "labelled_malicious": 293,
            "recall": 1.0
        },
        "6": {
            "labelled_normal": 54,
            "labelled_malicious": 326,
            "recall": 0.8578947368421053
        },
        "7": {
            "labelled_normal": 4,
            "labelled_malicious": 292,
            "recall": 0.9864864864864865
        },
        "8": {
            "labelled_normal": 11,
            "labelled_malicious": 358,
            "recall": 0.9701897018970189
        },
        "9": {
            "labelled_normal": 13,
            "labelled_malicious": 295,
            "recall": 0.9577922077922078
        },
        "10": {
            "labelled_normal": 56,
            "labelled_malicious": 220,
            "recall": 0.7971014492753623
        },
        "11": {
            "labelled_normal": 5,
            "labelled_malicious": 392,
            "recall": 0.9874055415617129
        },
        "12": {
            "labelled_normal": 1052,
            "labelled_malicious": 1020,
            "recall": 0.4922779922779923
        },
        "13": {
            "labelled_normal": 29,
            "labelled_malicious": 285,
            "recall": 0.9076433121019108
        },
        "14": {
            "labelled_normal": 36,
            "labelled_malicious": 276,
            "recall": 0.8846153846153846
        },
        "15": {
            "labelled_normal": 47,
            "labelled_malicious": 265,
            "recall": 0.8493589743589743
        },
        "16": {
            "labelled_normal": 22,
            "labelled_malicious": 314,
            "recall": 0.9345238095238095
        },
        "17": {
            "labelled_normal": 9,
            "labelled_malicious": 274,
            "recall": 0.9681978798586572
        },
        "18": {
            "labelled_normal": 40,
            "labelled_malicious": 388,
            "recall": 0.9065420560747663
        },
        "19": {
            "labelled_normal": 3,
            "labelled_malicious": 337,
            "recall": 0.9911764705882353
        },
        "20": {
            "labelled_normal": 1,
            "labelled_malicious": 120,
            "recall": 0.9917355371900827
        },
        "21": {
            "labelled_normal": 1,
            "labelled_malicious": 363,
            "recall": 0.9972527472527473
        },
        "22": {
            "labelled_normal": 3,
            "labelled_malicious": 290,
            "recall": 0.9897610921501706
        },
        "23": {
            "labelled_normal": 1,
            "labelled_malicious": 423,
            "recall": 0.9976415094339622
        },
        "24": {
            "labelled_normal": 11,
            "labelled_malicious": 245,
            "recall": 0.95703125
        },
        "25": {
            "labelled_normal": 47,
            "labelled_malicious": 248,
            "recall": 0.8406779661016949
        },
        "26": {
            "labelled_normal": 37,
            "labelled_malicious": 293,
            "recall": 0.8878787878787879
        },
        "27": {
            "labelled_normal": 24,
            "labelled_malicious": 377,
            "recall": 0.940149625935162
        },
        "28": {
            "labelled_normal": 45,
            "labelled_malicious": 361,
            "recall": 0.8891625615763546
        },
        "29": {
            "labelled_normal": 37,
            "labelled_malicious": 320,
            "recall": 0.896358543417367
        },
        "30": {
            "labelled_normal": 127,
            "labelled_malicious": 319,
            "recall": 0.7152466367713004
        },
        "31": {
            "labelled_normal": 1,
            "labelled_malicious": 395,
            "recall": 0.9974747474747475
        },
        "32": {
            "labelled_normal": 2,
            "labelled_malicious": 367,
            "recall": 0.994579945799458
        },
        "33": {
            "labelled_normal": 18,
            "labelled_malicious": 288,
            "recall": 0.9411764705882353
        },
        "34": {
            "labelled_normal": 13,
            "labelled_malicious": 391,
            "recall": 0.9678217821782178
        },
        "35": {
            "labelled_normal": 28,
            "labelled_malicious": 403,
            "recall": 0.9350348027842227
        }
    },
    "attack_categories": {
        "0": {
            "labelled_normal": 41890,
            "labelled_malicious": 950,
            "recall": 0.9778244631185807
        },
        "1": {
            "labelled_normal": 167,
            "labelled_malicious": 1401,
            "recall": 0.8934948979591837
        },
        "2": {
            "labelled_normal": 212,
            "labelled_malicious": 2361,
            "recall": 0.9176059075009716
        },
        "3": {
            "labelled_normal": 143,
            "labelled_malicious": 1414,
            "recall": 0.9081567116249197
        },
        "4": {
            "labelled_normal": 1266,
            "labelled_malicious": 4586,
            "recall": 0.7836637047163363
        },
        "5": {
            "labelled_normal": 7,
            "labelled_malicious": 990,
            "recall": 0.9929789368104313
        },
        "6": {
            "labelled_normal": 40,
            "labelled_malicious": 388,
            "recall": 0.9065420560747663
        },
        "7": {
            "labelled_normal": 13,
            "labelled_malicious": 788,
            "recall": 0.9837702871410736
        }
    }
}