{
    "TP": 12045,
    "TN": 41986,
    "FP": 879,
    "FN": 1622,
    "accuracy": 0.9557595698011746,
    "precision": 0.9319870009285051,
    "recall": 0.8813199678056632,
    "attack_types": {
        "0": {
            "labelled_normal": 41986,
            "labelled_malicious": 879,
            "recall": 0.9794937594774291
        },
        "1": {
            "labelled_normal": 11,
            "labelled_malicious": 367,
            "recall": 0.9708994708994709
        },
        "2": {
            "labelled_normal": 46,
            "labelled_malicious": 245,
            "recall": 0.8419243986254296
        },
        "3": {
            "labelled_normal": 0,
            "labelled_malicious": 295,
            "recall": 1.0
        },
        "4": {
            "labelled_normal": 0,
            "labelled_malicious": 413,
            "recall": 1.0
        },
        "5": {
            "labelled_normal": 7,
            "labelled_malicious": 267,
            "recall": 0.9744525547445255
        },
        "6": {
            "labelled_normal": 931,
            "labelled_malicious": 1095,
            "recall": 0.5404738400789734
        },
        "7": {
            "labelled_normal": 4,
            "labelled_malicious": 301,
            "recall": 0.9868852459016394
        },
        "8": {
            "labelled_normal": 18,
            "labelled_malicious": 332,
            "recall": 0.9485714285714286
        },
        "9": {
            "labelled_normal": 16,
            "labelled_malicious": 284,
            "recall": 0.9466666666666667
        },
        "10": {
            "labelled_normal": 61,
            "labelled_malicious": 225,
            "recall": 0.7867132867132867
        },
        "11": {
            "labelled_normal": 1,
            "labelled_malicious": 336,
            "recall": 0.9970326409495549
        },
        "12": {
            "labelled_normal": 2,
            "labelled_malicious": 451,
            "recall": 0.9955849889624724
        },
        "13": {
            "labelled_normal": 18,
            "labelled_malicious": 301,
            "recall": 0.9435736677115988
        },
        "14": {
            "labelled_normal": 20,
            "labelled_malicious": 321,
            "recall": 0.9413489736070382
        },
        "15": {
            "labelled_normal": 54,
            "labelled_malicious": 283,
            "recall": 0.8397626112759644
        },
        "16": {
            "labelled_normal": 18,
            "labelled_malicious": 323,
            "recall": 0.9472140762463344
        },
        "17": {
            "labelled_normal": 8,
            "labelled_malicious": 267,
            "recall": 0.9709090909090909
        },
        "18": {
            "labelled_normal": 37,
            "labelled_malicious": 416,
            "recall": 0.9183222958057395
        },
        "19": {
            "labelled_normal": 3,
            "labelled_malicious": 313,
            "recall": 0.990506329113924
        },
        "20": {
            "labelled_normal": 0,
            "labelled_malicious": 145,
            "recall": 1.0
        },
        "21": {
            "labelled_normal": 0,
            "labelled_malicious": 336,
            "recall": 1.0
        },
        "22": {
            "labelled_normal": 1,
            "labelled_malicious": 273,
            "recall": 0.9963503649635036
        },
        "23": {
            "labelled_normal": 4,
            "labelled_malicious": 449,
            "recall": 0.9911699779249448
        },
        "24": {
            "labelled_normal": 14,
            "labelled_malicious": 224,
            "recall": 0.9411764705882353
        },
        "25": {
            "labelled_normal": 39,
            "labelled_malicious": 233,
            "recall": 0.8566176470588235
        },
        "26": {
            "labelled_normal": 46,
            "labelled_malicious": 350,
            "recall": 0.8838383838383839
        },
        "27": {
            "labelled_normal": 39,
            "labelled_malicious": 369,
            "recall": 0.9044117647058824
        },
        "28": {
            "labelled_normal": 36,
            "labelled_malicious": 328,
            "recall": 0.9010989010989011
        },
        "29": {
            "labelled_normal": 27,
            "labelled_malicious": 338,
            "recall": 0.9260273972602739
        },
        "30": {
            "labelled_normal": 94,
            "labelled_malicious": 337,
            "recall": 0.7819025522041764
        },
        "31": {
            "labelled_normal": 0,
            "labelled_malicious": 354,
            "recall": 1.0
        },
        "32": {
            "labelled_normal": 1,
            "labelled_malicious": 385,
            "recall": 0.9974093264248705
        },
        "33": {
            "labelled_normal": 10,
            "labelled_malicious": 298,
            "recall": 0.9675324675324676
        },
        "34": {
            "labelled_normal": 15,
            "labelled_malicious": 399,
            "recall": 0.9637681159420289
        },
        "35": {
            "labelled_normal": 41,
            "labelled_malicious": 392,
            "recall": 0.9053117782909931
        }
    },
    "attack_categories": {
        "0": {
            "labelled_normal": 41986,
            "labelled_malicious": 879,
            "recall": 0.9794937594774291
        },
        "1": {
            "labelled_normal": 122,
            "labelled_malicious": 1414,
            "recall": 0.9205729166666666
        },
        "2": {
            "labelled_normal": 226,
            "labelled_malicious": 2369,
            "recall": 0.9129094412331407
        },
        "3": {
            "labelled_normal": 118,
            "labelled_malicious": 1495,
            "recall": 0.9268443893366398
        },
        "4": {
            "labelled_normal": 1097,
            "labelled_malicious": 4611,
            "recall": 0.8078135949544499
        },
        "5": {
            "labelled_normal": 4,
            "labelled_malicious": 922,
            "recall": 0.9956803455723542
        },
        "6": {
            "labelled_normal": 37,
            "labelled_malicious": 416,
            "recall": 0.9183222958057395
        },
        "7": {
            "labelled_normal": 18,
            "labelled_malicious": 818,
            "recall": 0.9784688995215312
        }
    }
}