{
    "TP": 12107,
    "TN": 41939,
    "FP": 874,
    "FN": 1227,
    "accuracy": 0.9625803693875007,
    "precision": 0.9326708265927124,
    "recall": 0.907979601019949,
    "attack_types": {
        "0": {
            "labelled_normal": 41939,
            "labelled_malicious": 874,
            "recall": 0.9795856398757387
        },
        "1": {
            "labelled_normal": 14,
            "labelled_malicious": 308,
            "recall": 0.9565217391304348
        },
        "2": {
            "labelled_normal": 56,
            "labelled_malicious": 247,
            "recall": 0.8151815181518152
        },
        "3": {
            "labelled_normal": 4,
            "labelled_malicious": 358,
            "recall": 0.988950276243094
        },
        "4": {
            "labelled_normal": 0,
            "labelled_malicious": 352,
            "recall": 1.0
        },
        "5": {
            "labelled_normal": 4,
            "labelled_malicious": 288,
            "recall": 0.9863013698630136
        },
        "6": {
            "labelled_normal": 67,
            "labelled_malicious": 339,
            "recall": 0.8349753694581281
        },
        "7": {
            "labelled_normal": 1,
            "labelled_malicious": 290,
            "recall": 0.9965635738831615
        },
        "8": {
            "labelled_normal": 20,
            "labelled_malicious": 331,
            "recall": 0.9430199430199431
        },
        "9": {
            "labelled_normal": 12,
            "labelled_malicious": 235,
            "recall": 0.951417004048583
        },
        "10": {
            "labelled_normal": 66,
            "labelled_malicious": 230,
            "recall": 0.777027027027027
        },
        "11": {
            "labelled_normal": 6,
            "labelled_malicious": 357,
            "recall": 0.9834710743801653
        },
        "12": {
            "labelled_normal": 8,
            "labelled_malicious": 452,
            "recall": 0.9826086956521739
        },
        "13": {
            "labelled_normal": 27,
            "labelled_malicious": 332,
            "recall": 0.924791086350975
        },
        "14": {
            "labelled_normal": 24,
            "labelled_malicious": 334,
            "recall": 0.9329608938547486
        },
        "15": {
            "labelled_normal": 65,
            "labelled_malicious": 255,
            "recall": 0.796875
        },
        "16": {
            "labelled_normal": 18,
            "labelled_malicious": 342,
            "recall": 0.95
        },
        "17": {
            "labelled_normal": 8,
            "labelled_malicious": 299,
            "recall": 0.9739413680781759
        },
        "18": {
            "labelled_normal": 36,
            "labelled_malicious": 404,
            "recall": 0.9181818181818182
        },
        "19": {
            "labelled_normal": 2,
            "labelled_malicious": 331,
            "recall": 0.993993993993994
        },
        "20": {
            "labelled_normal": 7,
            "labelled_malicious": 126,
            "recall": 0.9473684210526315
        },
        "21": {
            "labelled_normal": 2,
            "labelled_malicious": 342,
            "recall": 0.9941860465116279
        },
        "22": {
            "labelled_normal": 423,
            "labelled_malicious": 1119,
            "recall": 0.72568093385214
        },
        "23": {
            "labelled_normal": 5,
            "labelled_malicious": 452,
            "recall": 0.9890590809628009
        },
        "24": {
            "labelled_normal": 11,
            "labelled_malicious": 200,
            "recall": 0.9478672985781991
        },
        "25": {
            "labelled_normal": 54,
            "labelled_malicious": 253,
            "recall": 0.8241042345276873
        },
        "26": {
            "labelled_normal": 45,
            "labelled_malicious": 298,
            "recall": 0.8688046647230321
        },
        "27": {
            "labelled_normal": 33,
            "labelled_malicious": 413,
            "recall": 0.9260089686098655
        },
        "28": {
            "labelled_normal": 32,
            "labelled_malicious": 304,
            "recall": 0.9047619047619048
        },
        "29": {
            "labelled_normal": 40,
            "labelled_malicious": 353,
            "recall": 0.8982188295165394
        },
        "30": {
            "labelled_normal": 93,
            "labelled_malicious": 300,
            "recall": 0.7633587786259542
        },
        "31": {
            "labelled_normal": 0,
            "labelled_malicious": 405,
            "recall": 1.0
        },
        "32": {
            "labelled_normal": 1,
            "labelled_malicious": 367,
            "recall": 0.9972826086956522
        },
        "33": {
            "labelled_normal": 6,
            "labelled_malicious": 311,
            "recall": 0.9810725552050473
        },
        "34": {
            "labelled_normal": 8,
            "labelled_malicious": 372,
            "recall": 0.9789473684210527
        },
        "35": {
            "labelled_normal": 29,
            "labelled_malicious": 408,
            "recall": 0.9336384439359268
        }
    },
    "attack_categories": {
        "0": {
            "labelled_normal": 41939,
            "labelled_malicious": 874,
            "recall": 0.9795856398757387
        },
        "1": {
            "labelled_normal": 134,
            "labelled_malicious": 1425,
            "recall": 0.914047466324567
        },
        "2": {
            "labelled_normal": 207,
            "labelled_malicious": 2359,
            "recall": 0.9193296960249415
        },
        "3": {
            "labelled_normal": 142,
            "labelled_malicious": 1562,
            "recall": 0.9166666666666666
        },
        "4": {
            "labelled_normal": 258,
            "labelled_malicious": 3787,
            "recall": 0.9362175525339926
        },
        "5": {
            "labelled_normal": 427,
            "labelled_malicious": 1792,
            "recall": 0.807570977917981
        },
        "6": {
            "labelled_normal": 36,
            "labelled_malicious": 404,
            "recall": 0.9181818181818182
        },
        "7": {
            "labelled_normal": 23,
            "labelled_malicious": 778,
            "recall": 0.9712858926342073
        }
    }
}