{
    "TP": 11998,
    "TN": 41972,
    "FP": 893,
    "FN": 1203,
    "accuracy": 0.9626154888880962,
    "precision": 0.9307268637033589,
    "recall": 0.9088705401105976,
    "attack_types": {
        "0": {
            "labelled_normal": 41972,
            "labelled_malicious": 893,
            "recall": 0.9791671526886737
        },
        "1": {
            "labelled_normal": 11,
            "labelled_malicious": 367,
            "recall": 0.9708994708994709
        },
        "2": {
            "labelled_normal": 45,
            "labelled_malicious": 246,
            "recall": 0.845360824742268
        },
        "3": {
            "labelled_normal": 0,
            "labelled_malicious": 295,
            "recall": 1.0
        },
        "4": {
            "labelled_normal": 0,
            "labelled_malicious": 413,
            "recall": 1.0
        },
        "5": {
            "labelled_normal": 456,
            "labelled_malicious": 960,
            "recall": 0.6779661016949152
        },
        "6": {
            "labelled_normal": 73,
            "labelled_malicious": 345,
            "recall": 0.8253588516746412
        },
        "7": {
            "labelled_normal": 4,
            "labelled_malicious": 301,
            "recall": 0.9868852459016394
        },
        "8": {
            "labelled_normal": 17,
            "labelled_malicious": 333,
            "recall": 0.9514285714285714
        },
        "9": {
            "labelled_normal": 16,
            "labelled_malicious": 284,
            "recall": 0.9466666666666667
        },
        "10": {
            "labelled_normal": 62,
            "labelled_malicious": 224,
            "recall": 0.7832167832167832
        },
        "11": {
            "labelled_normal": 1,
            "labelled_malicious": 336,
            "recall": 0.9970326409495549
        },
        "12": {
            "labelled_normal": 1,
            "labelled_malicious": 452,
            "recall": 0.9977924944812362
        },
        "13": {
            "labelled_normal": 18,
            "labelled_malicious": 301,
            "recall": 0.9435736677115988
        },
        "14": {
            "labelled_normal": 21,
            "labelled_malicious": 320,
            "recall": 0.9384164222873901
        },
        "15": {
            "labelled_normal": 56,
            "labelled_malicious": 281,
            "recall": 0.8338278931750742
        },
        "16": {
            "labelled_normal": 17,
            "labelled_malicious": 324,
            "recall": 0.9501466275659824
        },
        "17": {
            "labelled_normal": 9,
            "labelled_malicious": 266,
            "recall": 0.9672727272727273
        },
        "18": {
            "labelled_normal": 33,
            "labelled_malicious": 420,
            "recall": 0.9271523178807947
        },
        "19": {
            "labelled_normal": 2,
            "labelled_malicious": 314,
            "recall": 0.9936708860759493
        },
        "20": {
            "labelled_normal": 0,
            "labelled_malicious": 145,
            "recall": 1.0
        },
        "21": {
            "labelled_normal": 0,
            "labelled_malicious": 336,
            "recall": 1.0
        },
        "22": {
            "labelled_normal": 0,
            "labelled_malicious": 274,
            "recall": 1.0
        },
        "23": {
            "labelled_normal": 3,
            "labelled_malicious": 450,
            "recall": 0.9933774834437086
        },
        "24": {
            "labelled_normal": 16,
            "labelled_malicious": 222,
            "recall": 0.9327731092436975
        },
        "25": {
            "labelled_normal": 35,
            "labelled_malicious": 237,
            "recall": 0.8713235294117647
        },
        "26": {
            "labelled_normal": 47,
            "labelled_malicious": 349,
            "recall": 0.8813131313131313
        },
        "27": {
            "labelled_normal": 38,
            "labelled_malicious": 370,
            "recall": 0.9068627450980392
        },
        "28": {
            "labelled_normal": 34,
            "labelled_malicious": 330,
            "recall": 0.9065934065934066
        },
        "29": {
            "labelled_normal": 26,
            "labelled_malicious": 339,
            "recall": 0.9287671232876712
        },
        "30": {
            "labelled_normal": 94,
            "labelled_malicious": 337,
            "recall": 0.7819025522041764
        },
        "31": {
            "labelled_normal": 0,
            "labelled_malicious": 354,
            "recall": 1.0
        },
        "32": {
            "labelled_normal": 1,
            "labelled_malicious": 385,
            "recall": 0.9974093264248705
        },
        "33": {
            "labelled_normal": 10,
            "labelled_malicious": 298,
            "recall": 0.9675324675324676
        },
        "34": {
            "labelled_normal": 14,
            "labelled_malicious": 400,
            "recall": 0.966183574879227
        },
        "35": {
            "labelled_normal": 43,
            "labelled_malicious": 390,
            "recall": 0.9006928406466512
        }
    },
    "attack_categories": {
        "0": {
            "labelled_normal": 41972,
            "labelled_malicious": 893,
            "recall": 0.9791671526886737
        },
        "1": {
            "labelled_normal": 121,
            "labelled_malicious": 1415,
            "recall": 0.9212239583333334
        },
        "2": {
            "labelled_normal": 221,
            "labelled_malicious": 2374,
            "recall": 0.9148362235067438
        },
        "3": {
            "labelled_normal": 121,
            "labelled_malicious": 1492,
            "recall": 0.9249845009299442
        },
        "4": {
            "labelled_normal": 686,
            "labelled_malicious": 4556,
            "recall": 0.8691339183517741
        },
        "5": {
            "labelled_normal": 2,
            "labelled_malicious": 924,
            "recall": 0.9978401727861771
        },
        "6": {
            "labelled_normal": 33,
            "labelled_malicious": 420,
            "recall": 0.9271523178807947
        },
        "7": {
            "labelled_normal": 19,
            "labelled_malicious": 817,
            "recall": 0.9772727272727273
        }
    }
}