{
    "TP": 11933,
    "TN": 41893,
    "FP": 947,
    "FN": 1445,
    "accuracy": 0.957451350101391,
    "precision": 0.9264751552795031,
    "recall": 0.8919868440723576,
    "attack_types": {
        "0": {
            "labelled_normal": 41893,
            "labelled_malicious": 947,
            "recall": 0.9778944911297852
        },
        "1": {
            "labelled_normal": 2,
            "labelled_malicious": 382,
            "recall": 0.9947916666666666
        },
        "2": {
            "labelled_normal": 70,
            "labelled_malicious": 236,
            "recall": 0.7712418300653595
        },
        "3": {
            "labelled_normal": 2,
            "labelled_malicious": 344,
            "recall": 0.9942196531791907
        },
        "4": {
            "labelled_normal": 0,
            "labelled_malicious": 425,
            "recall": 1.0
        },
        "5": {
            "labelled_normal": 0,
            "labelled_malicious": 293,
            "recall": 1.0
        },
        "6": {
            "labelled_normal": 53,
            "labelled_malicious": 327,
            "recall": 0.8605263157894737
        },
        "7": {
            "labelled_normal": 4,
            "labelled_malicious": 292,
            "recall": 0.9864864864864865
        },
        "8": {
            "labelled_normal": 11,
            "labelled_malicious": 358,
            "recall": 0.9701897018970189
        },
        "9": {
            "labelled_normal": 15,
            "labelled_malicious": 293,
            "recall": 0.9512987012987013
        },
        "10": {
            "labelled_normal": 56,
            "labelled_malicious": 220,
            "recall": 0.7971014492753623
        },
        "11": {
            "labelled_normal": 4,
            "labelled_malicious": 393,
            "recall": 0.9899244332493703
        },
        "12": {
            "labelled_normal": 2,
            "labelled_malicious": 378,
            "recall": 0.9947368421052631
        },
        "13": {
            "labelled_normal": 31,
            "labelled_malicious": 283,
            "recall": 0.9012738853503185
        },
        "14": {
            "labelled_normal": 34,
            "labelled_malicious": 278,
            "recall": 0.8910256410256411
        },
        "15": {
            "labelled_normal": 46,
            "labelled_malicious": 266,
            "recall": 0.8525641025641025
        },
        "16": {
            "labelled_normal": 20,
            "labelled_malicious": 316,
            "recall": 0.9404761904761905
        },
        "17": {
            "labelled_normal": 10,
            "labelled_malicious": 273,
            "recall": 0.9646643109540636
        },
        "18": {
            "labelled_normal": 39,
            "labelled_malicious": 389,
            "recall": 0.9088785046728972
        },
        "19": {
            "labelled_normal": 646,
            "labelled_malicious": 988,
            "recall": 0.6046511627906976
        },
        "20": {
            "labelled_normal": 1,
            "labelled_malicious": 120,
            "recall": 0.9917355371900827
        },
        "21": {
            "labelled_normal": 1,
            "labelled_malicious": 363,
            "recall": 0.9972527472527473
        },
        "22": {
            "labelled_normal": 4,
            "labelled_malicious": 289,
            "recall": 0.9863481228668942
        },
        "23": {
            "labelled_normal": 3,
            "labelled_malicious": 421,
            "recall": 0.9929245283018868
        },
        "24": {
            "labelled_normal": 12,
            "labelled_malicious": 244,
            "recall": 0.953125
        },
        "25": {
            "labelled_normal": 48,
            "labelled_malicious": 247,
            "recall": 0.8372881355932204
        },
        "26": {
            "labelled_normal": 35,
            "labelled_malicious": 295,
            "recall": 0.8939393939393939
        },
        "27": {
            "labelled_normal": 24,
            "labelled_malicious": 377,
            "recall": 0.940149625935162
        },
        "28": {
            "labelled_normal": 45,
            "labelled_malicious": 361,
            "recall": 0.8891625615763546
        },
        "29": {
            "labelled_normal": 38,
            "labelled_malicious": 319,
            "recall": 0.8935574229691877
        },
        "30": {
            "labelled_normal": 127,
            "labelled_malicious": 319,
            "recall": 0.7152466367713004
        },
        "31": {
            "labelled_normal": 1,
            "labelled_malicious": 395,
            "recall": 0.9974747474747475
        },
        "32": {
            "labelled_normal": 2,
            "labelled_malicious": 367,
            "recall": 0.994579945799458
        },
        "33": {
            "labelled_normal": 18,
            "labelled_malicious": 288,
            "recall": 0.9411764705882353
        },
        "34": {
            "labelled_normal": 13,
            "labelled_malicious": 391,
            "recall": 0.9678217821782178
        },
        "35": {
            "labelled_normal": 28,
            "labelled_malicious": 403,
            "recall": 0.9350348027842227
        }
    },
    "attack_categories": {
        "0": {
            "labelled_normal": 41893,
            "labelled_malicious": 947,
            "recall": 0.9778944911297852
        },
        "1": {
            "labelled_normal": 168,
            "labelled_malicious": 1400,
            "recall": 0.8928571428571429
        },
        "2": {
            "labelled_normal": 211,
            "labelled_malicious": 2362,
            "recall": 0.917994558880684
        },
        "3": {
            "labelled_normal": 141,
            "labelled_malicious": 1416,
            "recall": 0.9094412331406551
        },
        "4": {
            "labelled_normal": 219,
            "labelled_malicious": 3941,
            "recall": 0.9473557692307693
        },
        "5": {
            "labelled_normal": 651,
            "labelled_malicious": 1640,
            "recall": 0.7158446093408992
        },
        "6": {
            "labelled_normal": 39,
            "labelled_malicious": 389,
            "recall": 0.9088785046728972
        },
        "7": {
            "labelled_normal": 16,
            "labelled_malicious": 785,
            "recall": 0.9800249687890137
        }
    }
}