{
    "TP": 11235,
    "TN": 42146,
    "FP": 884,
    "FN": 2337,
    "accuracy": 0.9430938836083531,
    "precision": 0.9270566878455319,
    "recall": 0.8278072502210433,
    "attack_types": {
        "0": {
            "labelled_normal": 42146,
            "labelled_malicious": 884,
            "recall": 0.9794561933534743
        },
        "1": {
            "labelled_normal": 8,
            "labelled_malicious": 310,
            "recall": 0.9748427672955975
        },
        "2": {
            "labelled_normal": 48,
            "labelled_malicious": 236,
            "recall": 0.8309859154929577
        },
        "3": {
            "labelled_normal": 0,
            "labelled_malicious": 337,
            "recall": 1.0
        },
        "4": {
            "labelled_normal": 0,
            "labelled_malicious": 374,
            "recall": 1.0
        },
        "5": {
            "labelled_normal": 2,
            "labelled_malicious": 277,
            "recall": 0.992831541218638
        },
        "6": {
            "labelled_normal": 61,
            "labelled_malicious": 337,
            "recall": 0.8467336683417085
        },
        "7": {
            "labelled_normal": 3,
            "labelled_malicious": 290,
            "recall": 0.9897610921501706
        },
        "8": {
            "labelled_normal": 15,
            "labelled_malicious": 353,
            "recall": 0.9592391304347826
        },
        "9": {
            "labelled_normal": 14,
            "labelled_malicious": 248,
            "recall": 0.9465648854961832
        },
        "10": {
            "labelled_normal": 56,
            "labelled_malicious": 243,
            "recall": 0.8127090301003345
        },
        "11": {
            "labelled_normal": 2,
            "labelled_malicious": 386,
            "recall": 0.9948453608247423
        },
        "12": {
            "labelled_normal": 13,
            "labelled_malicious": 383,
            "recall": 0.9671717171717171
        },
        "13": {
            "labelled_normal": 30,
            "labelled_malicious": 248,
            "recall": 0.8920863309352518
        },
        "14": {
            "labelled_normal": 33,
            "labelled_malicious": 311,
            "recall": 0.9040697674418605
        },
        "15": {
            "labelled_normal": 46,
            "labelled_malicious": 249,
            "recall": 0.8440677966101695
        },
        "16": {
            "labelled_normal": 21,
            "labelled_malicious": 307,
            "recall": 0.9359756097560976
        },
        "17": {
            "labelled_normal": 8,
            "labelled_malicious": 263,
            "recall": 0.9704797047970479
        },
        "18": {
            "labelled_normal": 40,
            "labelled_malicious": 407,
            "recall": 0.9105145413870246
        },
        "19": {
            "labelled_normal": 0,
            "labelled_malicious": 335,
            "recall": 1.0
        },
        "20": {
            "labelled_normal": 0,
            "labelled_malicious": 126,
            "recall": 1.0
        },
        "21": {
            "labelled_normal": 0,
            "labelled_malicious": 359,
            "recall": 1.0
        },
        "22": {
            "labelled_normal": 2,
            "labelled_malicious": 337,
            "recall": 0.9941002949852508
        },
        "23": {
            "labelled_normal": 4,
            "labelled_malicious": 327,
            "recall": 0.9879154078549849
        },
        "24": {
            "labelled_normal": 17,
            "labelled_malicious": 224,
            "recall": 0.9294605809128631
        },
        "25": {
            "labelled_normal": 43,
            "labelled_malicious": 258,
            "recall": 0.8571428571428571
        },
        "26": {
            "labelled_normal": 35,
            "labelled_malicious": 338,
            "recall": 0.9061662198391421
        },
        "27": {
            "labelled_normal": 1585,
            "labelled_malicious": 494,
            "recall": 0.2376142376142376
        },
        "28": {
            "labelled_normal": 38,
            "labelled_malicious": 344,
            "recall": 0.900523560209424
        },
        "29": {
            "labelled_normal": 44,
            "labelled_malicious": 331,
            "recall": 0.8826666666666667
        },
        "30": {
            "labelled_normal": 109,
            "labelled_malicious": 330,
            "recall": 0.7517084282460137
        },
        "31": {
            "labelled_normal": 2,
            "labelled_malicious": 391,
            "recall": 0.9949109414758269
        },
        "32": {
            "labelled_normal": 1,
            "labelled_malicious": 331,
            "recall": 0.9969879518072289
        },
        "33": {
            "labelled_normal": 5,
            "labelled_malicious": 315,
            "recall": 0.984375
        },
        "34": {
            "labelled_normal": 15,
            "labelled_malicious": 390,
            "recall": 0.9629629629629629
        },
        "35": {
            "labelled_normal": 37,
            "labelled_malicious": 446,
            "recall": 0.9233954451345756
        }
    },
    "attack_categories": {
        "0": {
            "labelled_normal": 42146,
            "labelled_malicious": 884,
            "recall": 0.9794561933534743
        },
        "1": {
            "labelled_normal": 156,
            "labelled_malicious": 1383,
            "recall": 0.898635477582846
        },
        "2": {
            "labelled_normal": 1758,
            "labelled_malicious": 2585,
            "recall": 0.5952106838590836
        },
        "3": {
            "labelled_normal": 138,
            "labelled_malicious": 1378,
            "recall": 0.9089709762532981
        },
        "4": {
            "labelled_normal": 222,
            "labelled_malicious": 3774,
            "recall": 0.9444444444444444
        },
        "5": {
            "labelled_normal": 2,
            "labelled_malicious": 1031,
            "recall": 0.9980638915779284
        },
        "6": {
            "labelled_normal": 40,
            "labelled_malicious": 407,
            "recall": 0.9105145413870246
        },
        "7": {
            "labelled_normal": 21,
            "labelled_malicious": 677,
            "recall": 0.9699140401146131
        }
    }
}