{
    "TP": 11984,
    "TN": 42119,
    "FP": 911,
    "FN": 1085,
    "accuracy": 0.9644200431380239,
    "precision": 0.9293524621946491,
    "recall": 0.9169791108730584,
    "attack_types": {
        "0": {
            "labelled_normal": 42119,
            "labelled_malicious": 911,
            "recall": 0.9788287241459447
        },
        "1": {
            "labelled_normal": 9,
            "labelled_malicious": 309,
            "recall": 0.9716981132075472
        },
        "2": {
            "labelled_normal": 46,
            "labelled_malicious": 238,
            "recall": 0.8380281690140845
        },
        "3": {
            "labelled_normal": 2,
            "labelled_malicious": 335,
            "recall": 0.9940652818991098
        },
        "4": {
            "labelled_normal": 0,
            "labelled_malicious": 374,
            "recall": 1.0
        },
        "5": {
            "labelled_normal": 2,
            "labelled_malicious": 277,
            "recall": 0.992831541218638
        },
        "6": {
            "labelled_normal": 62,
            "labelled_malicious": 336,
            "recall": 0.8442211055276382
        },
        "7": {
            "labelled_normal": 3,
            "labelled_malicious": 290,
            "recall": 0.9897610921501706
        },
        "8": {
            "labelled_normal": 14,
            "labelled_malicious": 354,
            "recall": 0.9619565217391305
        },
        "9": {
            "labelled_normal": 14,
            "labelled_malicious": 248,
            "recall": 0.9465648854961832
        },
        "10": {
            "labelled_normal": 53,
            "labelled_malicious": 246,
            "recall": 0.822742474916388
        },
        "11": {
            "labelled_normal": 2,
            "labelled_malicious": 386,
            "recall": 0.9948453608247423
        },
        "12": {
            "labelled_normal": 7,
            "labelled_malicious": 389,
            "recall": 0.9823232323232324
        },
        "13": {
            "labelled_normal": 30,
            "labelled_malicious": 248,
            "recall": 0.8920863309352518
        },
        "14": {
            "labelled_normal": 32,
            "labelled_malicious": 312,
            "recall": 0.9069767441860465
        },
        "15": {
            "labelled_normal": 43,
            "labelled_malicious": 252,
            "recall": 0.8542372881355932
        },
        "16": {
            "labelled_normal": 21,
            "labelled_malicious": 307,
            "recall": 0.9359756097560976
        },
        "17": {
            "labelled_normal": 8,
            "labelled_malicious": 263,
            "recall": 0.9704797047970479
        },
        "18": {
            "labelled_normal": 40,
            "labelled_malicious": 407,
            "recall": 0.9105145413870246
        },
        "19": {
            "labelled_normal": 0,
            "labelled_malicious": 335,
            "recall": 1.0
        },
        "20": {
            "labelled_normal": 1,
            "labelled_malicious": 125,
            "recall": 0.9920634920634921
        },
        "21": {
            "labelled_normal": 1,
            "labelled_malicious": 358,
            "recall": 0.9972144846796658
        },
        "22": {
            "labelled_normal": 2,
            "labelled_malicious": 337,
            "recall": 0.9941002949852508
        },
        "23": {
            "labelled_normal": 4,
            "labelled_malicious": 327,
            "recall": 0.9879154078549849
        },
        "24": {
            "labelled_normal": 18,
            "labelled_malicious": 223,
            "recall": 0.9253112033195021
        },
        "25": {
            "labelled_normal": 340,
            "labelled_malicious": 1132,
            "recall": 0.7690217391304348
        },
        "26": {
            "labelled_normal": 40,
            "labelled_malicious": 333,
            "recall": 0.8927613941018767
        },
        "27": {
            "labelled_normal": 28,
            "labelled_malicious": 377,
            "recall": 0.9308641975308642
        },
        "28": {
            "labelled_normal": 38,
            "labelled_malicious": 344,
            "recall": 0.900523560209424
        },
        "29": {
            "labelled_normal": 50,
            "labelled_malicious": 325,
            "recall": 0.8666666666666667
        },
        "30": {
            "labelled_normal": 109,
            "labelled_malicious": 330,
            "recall": 0.7517084282460137
        },
        "31": {
            "labelled_normal": 1,
            "labelled_malicious": 392,
            "recall": 0.9974554707379135
        },
        "32": {
            "labelled_normal": 2,
            "labelled_malicious": 330,
            "recall": 0.9939759036144579
        },
        "33": {
            "labelled_normal": 8,
            "labelled_malicious": 312,
            "recall": 0.975
        },
        "34": {
            "labelled_normal": 18,
            "labelled_malicious": 387,
            "recall": 0.9555555555555556
        },
        "35": {
            "labelled_normal": 37,
            "labelled_malicious": 446,
            "recall": 0.9233954451345756
        }
    },
    "attack_categories": {
        "0": {
            "labelled_normal": 42119,
            "labelled_malicious": 911,
            "recall": 0.9788287241459447
        },
        "1": {
            "labelled_normal": 162,
            "labelled_malicious": 1377,
            "recall": 0.8947368421052632
        },
        "2": {
            "labelled_normal": 509,
            "labelled_malicious": 3331,
            "recall": 0.8674479166666667
        },
        "3": {
            "labelled_normal": 134,
            "labelled_malicious": 1382,
            "recall": 0.9116094986807388
        },
        "4": {
            "labelled_normal": 214,
            "labelled_malicious": 3782,
            "recall": 0.9464464464464465
        },
        "5": {
            "labelled_normal": 3,
            "labelled_malicious": 1030,
            "recall": 0.9970958373668926
        },
        "6": {
            "labelled_normal": 40,
            "labelled_malicious": 407,
            "recall": 0.9105145413870246
        },
        "7": {
            "labelled_normal": 23,
            "labelled_malicious": 675,
            "recall": 0.9670487106017192
        }
    }
}