{
    "TP": 12740,
    "TN": 42109,
    "FP": 921,
    "FN": 3023,
    "accuracy": 0.9329171840185057,
    "precision": 0.9325818022106728,
    "recall": 0.8082217851931739,
    "attack_types": {
        "0": {
            "labelled_normal": 42109,
            "labelled_malicious": 921,
            "recall": 0.9785963281431559
        },
        "1": {
            "labelled_normal": 10,
            "labelled_malicious": 308,
            "recall": 0.9685534591194969
        },
        "2": {
            "labelled_normal": 48,
            "labelled_malicious": 236,
            "recall": 0.8309859154929577
        },
        "3": {
            "labelled_normal": 1,
            "labelled_malicious": 336,
            "recall": 0.9970326409495549
        },
        "4": {
            "labelled_normal": 0,
            "labelled_malicious": 374,
            "recall": 1.0
        },
        "5": {
            "labelled_normal": 2,
            "labelled_malicious": 277,
            "recall": 0.992831541218638
        },
        "6": {
            "labelled_normal": 63,
            "labelled_malicious": 335,
            "recall": 0.8417085427135679
        },
        "7": {
            "labelled_normal": 3,
            "labelled_malicious": 290,
            "recall": 0.9897610921501706
        },
        "8": {
            "labelled_normal": 12,
            "labelled_malicious": 356,
            "recall": 0.967391304347826
        },
        "9": {
            "labelled_normal": 12,
            "labelled_malicious": 250,
            "recall": 0.9541984732824428
        },
        "10": {
            "labelled_normal": 54,
            "labelled_malicious": 245,
            "recall": 0.8193979933110368
        },
        "11": {
            "labelled_normal": 2,
            "labelled_malicious": 386,
            "recall": 0.9948453608247423
        },
        "12": {
            "labelled_normal": 11,
            "labelled_malicious": 385,
            "recall": 0.9722222222222222
        },
        "13": {
            "labelled_normal": 30,
            "labelled_malicious": 248,
            "recall": 0.8920863309352518
        },
        "14": {
            "labelled_normal": 31,
            "labelled_malicious": 313,
            "recall": 0.9098837209302325
        },
        "15": {
            "labelled_normal": 43,
            "labelled_malicious": 252,
            "recall": 0.8542372881355932
        },
        "16": {
            "labelled_normal": 21,
            "labelled_malicious": 307,
            "recall": 0.9359756097560976
        },
        "17": {
            "labelled_normal": 8,
            "labelled_malicious": 263,
            "recall": 0.9704797047970479
        },
        "18": {
            "labelled_normal": 40,
            "labelled_malicious": 407,
            "recall": 0.9105145413870246
        },
        "19": {
            "labelled_normal": 894,
            "labelled_malicious": 740,
            "recall": 0.4528763769889841
        },
        "20": {
            "labelled_normal": 3,
            "labelled_malicious": 123,
            "recall": 0.9761904761904762
        },
        "21": {
            "labelled_normal": 773,
            "labelled_malicious": 949,
            "recall": 0.5511033681765389
        },
        "22": {
            "labelled_normal": 572,
            "labelled_malicious": 970,
            "recall": 0.62905317769131
        },
        "23": {
            "labelled_normal": 4,
            "labelled_malicious": 327,
            "recall": 0.9879154078549849
        },
        "24": {
            "labelled_normal": 21,
            "labelled_malicious": 220,
            "recall": 0.9128630705394191
        },
        "25": {
            "labelled_normal": 40,
            "labelled_malicious": 261,
            "recall": 0.867109634551495
        },
        "26": {
            "labelled_normal": 41,
            "labelled_malicious": 332,
            "recall": 0.8900804289544236
        },
        "27": {
            "labelled_normal": 29,
            "labelled_malicious": 376,
            "recall": 0.928395061728395
        },
        "28": {
            "labelled_normal": 38,
            "labelled_malicious": 344,
            "recall": 0.900523560209424
        },
        "29": {
            "labelled_normal": 46,
            "labelled_malicious": 329,
            "recall": 0.8773333333333333
        },
        "30": {
            "labelled_normal": 109,
            "labelled_malicious": 330,
            "recall": 0.7517084282460137
        },
        "31": {
            "labelled_normal": 1,
            "labelled_malicious": 392,
            "recall": 0.9974554707379135
        },
        "32": {
            "labelled_normal": 2,
            "labelled_malicious": 330,
            "recall": 0.9939759036144579
        },
        "33": {
            "labelled_normal": 5,
            "labelled_malicious": 315,
            "recall": 0.984375
        },
        "34": {
            "labelled_normal": 17,
            "labelled_malicious": 388,
            "recall": 0.9580246913580247
        },
        "35": {
            "labelled_normal": 37,
            "labelled_malicious": 446,
            "recall": 0.9233954451345756
        }
    },
    "attack_categories": {
        "0": {
            "labelled_normal": 42109,
            "labelled_malicious": 921,
            "recall": 0.9785963281431559
        },
        "1": {
            "labelled_normal": 158,
            "labelled_malicious": 1381,
            "recall": 0.8973359324236517
        },
        "2": {
            "labelled_normal": 207,
            "labelled_malicious": 2462,
            "recall": 0.9224428624953166
        },
        "3": {
            "labelled_normal": 133,
            "labelled_malicious": 1383,
            "recall": 0.912269129287599
        },
        "4": {
            "labelled_normal": 218,
            "labelled_malicious": 3778,
            "recall": 0.9454454454454454
        },
        "5": {
            "labelled_normal": 2239,
            "labelled_malicious": 2659,
            "recall": 0.5428746427113107
        },
        "6": {
            "labelled_normal": 40,
            "labelled_malicious": 407,
            "recall": 0.9105145413870246
        },
        "7": {
            "labelled_normal": 28,
            "labelled_malicious": 670,
            "recall": 0.9598853868194842
        }
    }
}