{
    "TP": 12357,
    "TN": 41918,
    "FP": 895,
    "FN": 1201,
    "accuracy": 0.9628177609054301,
    "precision": 0.9324630244491398,
    "recall": 0.9114176132172886,
    "attack_types": {
        "0": {
            "labelled_normal": 41918,
            "labelled_malicious": 895,
            "recall": 0.9790951346553617
        },
        "1": {
            "labelled_normal": 14,
            "labelled_malicious": 308,
            "recall": 0.9565217391304348
        },
        "2": {
            "labelled_normal": 53,
            "labelled_malicious": 250,
            "recall": 0.8250825082508251
        },
        "3": {
            "labelled_normal": 4,
            "labelled_malicious": 358,
            "recall": 0.988950276243094
        },
        "4": {
            "labelled_normal": 0,
            "labelled_malicious": 352,
            "recall": 1.0
        },
        "5": {
            "labelled_normal": 7,
            "labelled_malicious": 285,
            "recall": 0.976027397260274
        },
        "6": {
            "labelled_normal": 65,
            "labelled_malicious": 341,
            "recall": 0.8399014778325123
        },
        "7": {
            "labelled_normal": 1,
            "labelled_malicious": 290,
            "recall": 0.9965635738831615
        },
        "8": {
            "labelled_normal": 422,
            "labelled_malicious": 1376,
            "recall": 0.7652947719688543
        },
        "9": {
            "labelled_normal": 12,
            "labelled_malicious": 235,
            "recall": 0.951417004048583
        },
        "10": {
            "labelled_normal": 65,
            "labelled_malicious": 231,
            "recall": 0.7804054054054054
        },
        "11": {
            "labelled_normal": 6,
            "labelled_malicious": 357,
            "recall": 0.9834710743801653
        },
        "12": {
            "labelled_normal": 9,
            "labelled_malicious": 451,
            "recall": 0.9804347826086957
        },
        "13": {
            "labelled_normal": 27,
            "labelled_malicious": 332,
            "recall": 0.924791086350975
        },
        "14": {
            "labelled_normal": 25,
            "labelled_malicious": 333,
            "recall": 0.9301675977653632
        },
        "15": {
            "labelled_normal": 65,
            "labelled_malicious": 255,
            "recall": 0.796875
        },
        "16": {
            "labelled_normal": 18,
            "labelled_malicious": 342,
            "recall": 0.95
        },
        "17": {
            "labelled_normal": 9,
            "labelled_malicious": 298,
            "recall": 0.9706840390879479
        },
        "18": {
            "labelled_normal": 35,
            "labelled_malicious": 405,
            "recall": 0.9204545454545454
        },
        "19": {
            "labelled_normal": 1,
            "labelled_malicious": 332,
            "recall": 0.996996996996997
        },
        "20": {
            "labelled_normal": 6,
            "labelled_malicious": 127,
            "recall": 0.9548872180451128
        },
        "21": {
            "labelled_normal": 1,
            "labelled_malicious": 343,
            "recall": 0.997093023255814
        },
        "22": {
            "labelled_normal": 1,
            "labelled_malicious": 318,
            "recall": 0.9968652037617555
        },
        "23": {
            "labelled_normal": 5,
            "labelled_malicious": 452,
            "recall": 0.9890590809628009
        },
        "24": {
            "labelled_normal": 11,
            "labelled_malicious": 200,
            "recall": 0.9478672985781991
        },
        "25": {
            "labelled_normal": 52,
            "labelled_malicious": 255,
            "recall": 0.8306188925081434
        },
        "26": {
            "labelled_normal": 42,
            "labelled_malicious": 301,
            "recall": 0.8775510204081632
        },
        "27": {
            "labelled_normal": 33,
            "labelled_malicious": 413,
            "recall": 0.9260089686098655
        },
        "28": {
            "labelled_normal": 30,
            "labelled_malicious": 306,
            "recall": 0.9107142857142857
        },
        "29": {
            "labelled_normal": 45,
            "labelled_malicious": 348,
            "recall": 0.8854961832061069
        },
        "30": {
            "labelled_normal": 93,
            "labelled_malicious": 300,
            "recall": 0.7633587786259542
        },
        "31": {
            "labelled_normal": 0,
            "labelled_malicious": 405,
            "recall": 1.0
        },
        "32": {
            "labelled_normal": 1,
            "labelled_malicious": 367,
            "recall": 0.9972826086956522
        },
        "33": {
            "labelled_normal": 6,
            "labelled_malicious": 311,
            "recall": 0.9810725552050473
        },
        "34": {
            "labelled_normal": 8,
            "labelled_malicious": 372,
            "recall": 0.9789473684210527
        },
        "35": {
            "labelled_normal": 29,
            "labelled_malicious": 408,
            "recall": 0.9336384439359268
        }
    },
    "attack_categories": {
        "0": {
            "labelled_normal": 41918,
            "labelled_malicious": 895,
            "recall": 0.9790951346553617
        },
        "1": {
            "labelled_normal": 139,
            "labelled_malicious": 1420,
            "recall": 0.9108402822322001
        },
        "2": {
            "labelled_normal": 200,
            "labelled_malicious": 2366,
            "recall": 0.9220576773187841
        },
        "3": {
            "labelled_normal": 144,
            "labelled_malicious": 1560,
            "recall": 0.9154929577464789
        },
        "4": {
            "labelled_normal": 658,
            "labelled_malicious": 4834,
            "recall": 0.880189366351056
        },
        "5": {
            "labelled_normal": 3,
            "labelled_malicious": 993,
            "recall": 0.9969879518072289
        },
        "6": {
            "labelled_normal": 35,
            "labelled_malicious": 405,
            "recall": 0.9204545454545454
        },
        "7": {
            "labelled_normal": 22,
            "labelled_malicious": 779,
            "recall": 0.9725343320848939
        }
    }
}