{
    "TP": 11229,
    "TN": 42116,
    "FP": 912,
    "FN": 1784,
    "accuracy": 0.9518923645188344,
    "precision": 0.9248826291079812,
    "recall": 0.862906324444786,
    "attack_types": {
        "0": {
            "labelled_normal": 42116,
            "labelled_malicious": 912,
            "recall": 0.9788044993957423
        },
        "1": {
            "labelled_normal": 7,
            "labelled_malicious": 383,
            "recall": 0.982051282051282
        },
        "2": {
            "labelled_normal": 39,
            "labelled_malicious": 237,
            "recall": 0.8586956521739131
        },
        "3": {
            "labelled_normal": 1,
            "labelled_malicious": 359,
            "recall": 0.9972222222222222
        },
        "4": {
            "labelled_normal": 0,
            "labelled_malicious": 368,
            "recall": 1.0
        },
        "5": {
            "labelled_normal": 7,
            "labelled_malicious": 271,
            "recall": 0.9748201438848921
        },
        "6": {
            "labelled_normal": 66,
            "labelled_malicious": 358,
            "recall": 0.8443396226415094
        },
        "7": {
            "labelled_normal": 1,
            "labelled_malicious": 326,
            "recall": 0.9969418960244648
        },
        "8": {
            "labelled_normal": 16,
            "labelled_malicious": 344,
            "recall": 0.9555555555555556
        },
        "9": {
            "labelled_normal": 1070,
            "labelled_malicious": 326,
            "recall": 0.2335243553008596
        },
        "10": {
            "labelled_normal": 71,
            "labelled_malicious": 246,
            "recall": 0.7760252365930599
        },
        "11": {
            "labelled_normal": 4,
            "labelled_malicious": 345,
            "recall": 0.9885386819484241
        },
        "12": {
            "labelled_normal": 7,
            "labelled_malicious": 376,
            "recall": 0.9817232375979112
        },
        "13": {
            "labelled_normal": 24,
            "labelled_malicious": 300,
            "recall": 0.9259259259259259
        },
        "14": {
            "labelled_normal": 24,
            "labelled_malicious": 297,
            "recall": 0.9252336448598131
        },
        "15": {
            "labelled_normal": 34,
            "labelled_malicious": 260,
            "recall": 0.8843537414965986
        },
        "16": {
            "labelled_normal": 7,
            "labelled_malicious": 286,
            "recall": 0.9761092150170648
        },
        "17": {
            "labelled_normal": 9,
            "labelled_malicious": 269,
            "recall": 0.9676258992805755
        },
        "18": {
            "labelled_normal": 35,
            "labelled_malicious": 373,
            "recall": 0.9142156862745098
        },
        "19": {
            "labelled_normal": 4,
            "labelled_malicious": 306,
            "recall": 0.9870967741935484
        },
        "20": {
            "labelled_normal": 1,
            "labelled_malicious": 140,
            "recall": 0.9929078014184397
        },
        "21": {
            "labelled_normal": 4,
            "labelled_malicious": 315,
            "recall": 0.987460815047022
        },
        "22": {
            "labelled_normal": 3,
            "labelled_malicious": 314,
            "recall": 0.9905362776025236
        },
        "23": {
            "labelled_normal": 1,
            "labelled_malicious": 382,
            "recall": 0.9973890339425587
        },
        "24": {
            "labelled_normal": 13,
            "labelled_malicious": 201,
            "recall": 0.9392523364485982
        },
        "25": {
            "labelled_normal": 33,
            "labelled_malicious": 264,
            "recall": 0.8888888888888888
        },
        "26": {
            "labelled_normal": 46,
            "labelled_malicious": 320,
            "recall": 0.8743169398907104
        },
        "27": {
            "labelled_normal": 30,
            "labelled_malicious": 389,
            "recall": 0.9284009546539379
        },
        "28": {
            "labelled_normal": 29,
            "labelled_malicious": 341,
            "recall": 0.9216216216216216
        },
        "29": {
            "labelled_normal": 34,
            "labelled_malicious": 332,
            "recall": 0.907103825136612
        },
        "30": {
            "labelled_normal": 104,
            "labelled_malicious": 307,
            "recall": 0.7469586374695864
        },
        "31": {
            "labelled_normal": 2,
            "labelled_malicious": 356,
            "recall": 0.994413407821229
        },
        "32": {
            "labelled_normal": 0,
            "labelled_malicious": 416,
            "recall": 1.0
        },
        "33": {
            "labelled_normal": 9,
            "labelled_malicious": 344,
            "recall": 0.9745042492917847
        },
        "34": {
            "labelled_normal": 14,
            "labelled_malicious": 393,
            "recall": 0.9656019656019657
        },
        "35": {
            "labelled_normal": 35,
            "labelled_malicious": 385,
            "recall": 0.9166666666666666
        }
    },
    "attack_categories": {
        "0": {
            "labelled_normal": 42116,
            "labelled_malicious": 912,
            "recall": 0.9788044993957423
        },
        "1": {
            "labelled_normal": 140,
            "labelled_malicious": 1411,
            "recall": 0.9097356544165055
        },
        "2": {
            "labelled_normal": 196,
            "labelled_malicious": 2436,
            "recall": 0.925531914893617
        },
        "3": {
            "labelled_normal": 98,
            "labelled_malicious": 1412,
            "recall": 0.9350993377483444
        },
        "4": {
            "labelled_normal": 1289,
            "labelled_malicious": 3939,
            "recall": 0.7534429992348891
        },
        "5": {
            "labelled_normal": 11,
            "labelled_malicious": 935,
            "recall": 0.9883720930232558
        },
        "6": {
            "labelled_normal": 35,
            "labelled_malicious": 373,
            "recall": 0.9142156862745098
        },
        "7": {
            "labelled_normal": 15,
            "labelled_malicious": 723,
            "recall": 0.9796747967479674
        }
    }
}