{
    "TP": 11073,
    "TN": 42132,
    "FP": 898,
    "FN": 2157,
    "accuracy": 0.9456985424813367,
    "precision": 0.924985381338234,
    "recall": 0.8369614512471655,
    "attack_types": {
        "0": {
            "labelled_normal": 42132,
            "labelled_malicious": 898,
            "recall": 0.9791308389495701
        },
        "1": {
            "labelled_normal": 8,
            "labelled_malicious": 310,
            "recall": 0.9748427672955975
        },
        "2": {
            "labelled_normal": 49,
            "labelled_malicious": 235,
            "recall": 0.8274647887323944
        },
        "3": {
            "labelled_normal": 1,
            "labelled_malicious": 336,
            "recall": 0.9970326409495549
        },
        "4": {
            "labelled_normal": 0,
            "labelled_malicious": 374,
            "recall": 1.0
        },
        "5": {
            "labelled_normal": 2,
            "labelled_malicious": 277,
            "recall": 0.992831541218638
        },
        "6": {
            "labelled_normal": 66,
            "labelled_malicious": 332,
            "recall": 0.8341708542713567
        },
        "7": {
            "labelled_normal": 3,
            "labelled_malicious": 290,
            "recall": 0.9897610921501706
        },
        "8": {
            "labelled_normal": 12,
            "labelled_malicious": 356,
            "recall": 0.967391304347826
        },
        "9": {
            "labelled_normal": 12,
            "labelled_malicious": 250,
            "recall": 0.9541984732824428
        },
        "10": {
            "labelled_normal": 51,
            "labelled_malicious": 248,
            "recall": 0.8294314381270903
        },
        "11": {
            "labelled_normal": 3,
            "labelled_malicious": 385,
            "recall": 0.9922680412371134
        },
        "12": {
            "labelled_normal": 11,
            "labelled_malicious": 385,
            "recall": 0.9722222222222222
        },
        "13": {
            "labelled_normal": 28,
            "labelled_malicious": 250,
            "recall": 0.8992805755395683
        },
        "14": {
            "labelled_normal": 1416,
            "labelled_malicious": 260,
            "recall": 0.15513126491646778
        },
        "15": {
            "labelled_normal": 41,
            "labelled_malicious": 254,
            "recall": 0.8610169491525423
        },
        "16": {
            "labelled_normal": 20,
            "labelled_malicious": 308,
            "recall": 0.9390243902439024
        },
        "17": {
            "labelled_normal": 7,
            "labelled_malicious": 264,
            "recall": 0.974169741697417
        },
        "18": {
            "labelled_normal": 37,
            "labelled_malicious": 410,
            "recall": 0.9172259507829977
        },
        "19": {
            "labelled_normal": 0,
            "labelled_malicious": 335,
            "recall": 1.0
        },
        "20": {
            "labelled_normal": 1,
            "labelled_malicious": 125,
            "recall": 0.9920634920634921
        },
        "21": {
            "labelled_normal": 0,
            "labelled_malicious": 359,
            "recall": 1.0
        },
        "22": {
            "labelled_normal": 2,
            "labelled_malicious": 337,
            "recall": 0.9941002949852508
        },
        "23": {
            "labelled_normal": 4,
            "labelled_malicious": 327,
            "recall": 0.9879154078549849
        },
        "24": {
            "labelled_normal": 18,
            "labelled_malicious": 223,
            "recall": 0.9253112033195021
        },
        "25": {
            "labelled_normal": 45,
            "labelled_malicious": 256,
            "recall": 0.8504983388704319
        },
        "26": {
            "labelled_normal": 36,
            "labelled_malicious": 337,
            "recall": 0.903485254691689
        },
        "27": {
            "labelled_normal": 30,
            "labelled_malicious": 375,
            "recall": 0.9259259259259259
        },
        "28": {
            "labelled_normal": 36,
            "labelled_malicious": 346,
            "recall": 0.9057591623036649
        },
        "29": {
            "labelled_normal": 48,
            "labelled_malicious": 327,
            "recall": 0.872
        },
        "30": {
            "labelled_normal": 107,
            "labelled_malicious": 332,
            "recall": 0.7562642369020501
        },
        "31": {
            "labelled_normal": 1,
            "labelled_malicious": 392,
            "recall": 0.9974554707379135
        },
        "32": {
            "labelled_normal": 2,
            "labelled_malicious": 330,
            "recall": 0.9939759036144579
        },
        "33": {
            "labelled_normal": 6,
            "labelled_malicious": 314,
            "recall": 0.98125
        },
        "34": {
            "labelled_normal": 17,
            "labelled_malicious": 388,
            "recall": 0.9580246913580247
        },
        "35": {
            "labelled_normal": 37,
            "labelled_malicious": 446,
            "recall": 0.9233954451345756
        }
    },
    "attack_categories": {
        "0": {
            "labelled_normal": 42132,
            "labelled_malicious": 898,
            "recall": 0.9791308389495701
        },
        "1": {
            "labelled_normal": 158,
            "labelled_malicious": 1381,
            "recall": 0.8973359324236517
        },
        "2": {
            "labelled_normal": 207,
            "labelled_malicious": 2462,
            "recall": 0.9224428624953166
        },
        "3": {
            "labelled_normal": 1512,
            "labelled_malicious": 1336,
            "recall": 0.4691011235955056
        },
        "4": {
            "labelled_normal": 218,
            "labelled_malicious": 3778,
            "recall": 0.9454454454454454
        },
        "5": {
            "labelled_normal": 2,
            "labelled_malicious": 1031,
            "recall": 0.9980638915779284
        },
        "6": {
            "labelled_normal": 37,
            "labelled_malicious": 410,
            "recall": 0.9172259507829977
        },
        "7": {
            "labelled_normal": 23,
            "labelled_malicious": 675,
            "recall": 0.9670487106017192
        }
    }
}