{
    "TP": 12663,
    "TN": 42144,
    "FP": 696,
    "FN": 15673,
    "accuracy": 0.7700207935259076,
    "precision": 0.9479002919380193,
    "recall": 0.44688735177865613,
    "attack_types": {
        "0": {
            "labelled_normal": 42144,
            "labelled_malicious": 696,
            "recall": 0.9837535014005602
        },
        "1": {
            "labelled_normal": 1519,
            "labelled_malicious": 273,
            "recall": 0.15234375
        },
        "2": {
            "labelled_normal": 1183,
            "labelled_malicious": 277,
            "recall": 0.18972602739726027
        },
        "3": {
            "labelled_normal": 1006,
            "labelled_malicious": 694,
            "recall": 0.4082352941176471
        },
        "4": {
            "labelled_normal": 1198,
            "labelled_malicious": 734,
            "recall": 0.37991718426501037
        },
        "5": {
            "labelled_normal": 966,
            "labelled_malicious": 450,
            "recall": 0.3177966101694915
        },
        "6": {
            "labelled_normal": 1598,
            "labelled_malicious": 428,
            "recall": 0.21125370187561698
        },
        "7": {
            "labelled_normal": 865,
            "labelled_malicious": 647,
            "recall": 0.4279100529100529
        },
        "8": {
            "labelled_normal": 1268,
            "labelled_malicious": 530,
            "recall": 0.29477196885428253
        },
        "9": {
            "labelled_normal": 1269,
            "labelled_malicious": 127,
            "recall": 0.09097421203438395
        },
        "10": {
            "labelled_normal": 1269,
            "labelled_malicious": 205,
            "recall": 0.1390773405698779
        },
        "11": {
            "labelled_normal": 1340,
            "labelled_malicious": 494,
            "recall": 0.2693565976008724
        },
        "12": {
            "labelled_normal": 1463,
            "labelled_malicious": 609,
            "recall": 0.2939189189189189
        },
        "13": {
            "labelled_normal": 40,
            "labelled_malicious": 274,
            "recall": 0.8726114649681529
        },
        "14": {
            "labelled_normal": 32,
            "labelled_malicious": 280,
            "recall": 0.8974358974358975
        },
        "15": {
            "labelled_normal": 54,
            "labelled_malicious": 258,
            "recall": 0.8269230769230769
        },
        "16": {
            "labelled_normal": 31,
            "labelled_malicious": 305,
            "recall": 0.9077380952380952
        },
        "17": {
            "labelled_normal": 13,
            "labelled_malicious": 270,
            "recall": 0.9540636042402827
        },
        "18": {
            "labelled_normal": 55,
            "labelled_malicious": 373,
            "recall": 0.8714953271028038
        },
        "19": {
            "labelled_normal": 5,
            "labelled_malicious": 335,
            "recall": 0.9852941176470589
        },
        "20": {
            "labelled_normal": 8,
            "labelled_malicious": 113,
            "recall": 0.9338842975206612
        },
        "21": {
            "labelled_normal": 5,
            "labelled_malicious": 359,
            "recall": 0.9862637362637363
        },
        "22": {
            "labelled_normal": 4,
            "labelled_malicious": 289,
            "recall": 0.9863481228668942
        },
        "23": {
            "labelled_normal": 5,
            "labelled_malicious": 419,
            "recall": 0.9882075471698113
        },
        "24": {
            "labelled_normal": 17,
            "labelled_malicious": 239,
            "recall": 0.93359375
        },
        "25": {
            "labelled_normal": 54,
            "labelled_malicious": 241,
            "recall": 0.8169491525423729
        },
        "26": {
            "labelled_normal": 40,
            "labelled_malicious": 290,
            "recall": 0.8787878787878788
        },
        "27": {
            "labelled_normal": 26,
            "labelled_malicious": 375,
            "recall": 0.9351620947630923
        },
        "28": {
            "labelled_normal": 53,
            "labelled_malicious": 353,
            "recall": 0.8694581280788177
        },
        "29": {
            "labelled_normal": 95,
            "labelled_malicious": 262,
            "recall": 0.7338935574229691
        },
        "30": {
            "labelled_normal": 127,
            "labelled_malicious": 319,
            "recall": 0.7152466367713004
        },
        "31": {
            "labelled_normal": 1,
            "labelled_malicious": 395,
            "recall": 0.9974747474747475
        },
        "32": {
            "labelled_normal": 3,
            "labelled_malicious": 366,
            "recall": 0.991869918699187
        },
        "33": {
            "labelled_normal": 18,
            "labelled_malicious": 288,
            "recall": 0.9411764705882353
        },
        "34": {
            "labelled_normal": 12,
            "labelled_malicious": 392,
            "recall": 0.9702970297029703
        },
        "35": {
            "labelled_normal": 31,
            "labelled_malicious": 400,
            "recall": 0.9280742459396751
        }
    },
    "attack_categories": {
        "0": {
            "labelled_normal": 42144,
            "labelled_malicious": 696,
            "recall": 0.9837535014005602
        },
        "1": {
            "labelled_normal": 226,
            "labelled_malicious": 1342,
            "recall": 0.8558673469387755
        },
        "2": {
            "labelled_normal": 234,
            "labelled_malicious": 2339,
            "recall": 0.9090555771472989
        },
        "3": {
            "labelled_normal": 170,
            "labelled_malicious": 1387,
            "recall": 0.8908156711624919
        },
        "4": {
            "labelled_normal": 14944,
            "labelled_malicious": 5468,
            "recall": 0.2678816382520086
        },
        "5": {
            "labelled_normal": 14,
            "labelled_malicious": 983,
            "recall": 0.9859578736208626
        },
        "6": {
            "labelled_normal": 55,
            "labelled_malicious": 373,
            "recall": 0.8714953271028038
        },
        "7": {
            "labelled_normal": 30,
            "labelled_malicious": 771,
            "recall": 0.9625468164794008
        }
    }
}