{
    "TP": 12006,
    "TN": 41929,
    "FP": 884,
    "FN": 1576,
    "accuracy": 0.9563791116233709,
    "precision": 0.9314197051978278,
    "recall": 0.8839640700927699,
    "attack_types": {
        "0": {
            "labelled_normal": 41929,
            "labelled_malicious": 884,
            "recall": 0.9793520659612734
        },
        "1": {
            "labelled_normal": 14,
            "labelled_malicious": 308,
            "recall": 0.9565217391304348
        },
        "2": {
            "labelled_normal": 52,
            "labelled_malicious": 251,
            "recall": 0.8283828382838284
        },
        "3": {
            "labelled_normal": 4,
            "labelled_malicious": 358,
            "recall": 0.988950276243094
        },
        "4": {
            "labelled_normal": 0,
            "labelled_malicious": 352,
            "recall": 1.0
        },
        "5": {
            "labelled_normal": 3,
            "labelled_malicious": 289,
            "recall": 0.9897260273972602
        },
        "6": {
            "labelled_normal": 68,
            "labelled_malicious": 338,
            "recall": 0.8325123152709359
        },
        "7": {
            "labelled_normal": 1,
            "labelled_malicious": 290,
            "recall": 0.9965635738831615
        },
        "8": {
            "labelled_normal": 22,
            "labelled_malicious": 329,
            "recall": 0.9373219373219374
        },
        "9": {
            "labelled_normal": 12,
            "labelled_malicious": 235,
            "recall": 0.951417004048583
        },
        "10": {
            "labelled_normal": 66,
            "labelled_malicious": 230,
            "recall": 0.777027027027027
        },
        "11": {
            "labelled_normal": 789,
            "labelled_malicious": 1045,
            "recall": 0.5697928026172301
        },
        "12": {
            "labelled_normal": 8,
            "labelled_malicious": 452,
            "recall": 0.9826086956521739
        },
        "13": {
            "labelled_normal": 27,
            "labelled_malicious": 332,
            "recall": 0.924791086350975
        },
        "14": {
            "labelled_normal": 25,
            "labelled_malicious": 333,
            "recall": 0.9301675977653632
        },
        "15": {
            "labelled_normal": 62,
            "labelled_malicious": 258,
            "recall": 0.80625
        },
        "16": {
            "labelled_normal": 18,
            "labelled_malicious": 342,
            "recall": 0.95
        },
        "17": {
            "labelled_normal": 8,
            "labelled_malicious": 299,
            "recall": 0.9739413680781759
        },
        "18": {
            "labelled_normal": 36,
            "labelled_malicious": 404,
            "recall": 0.9181818181818182
        },
        "19": {
            "labelled_normal": 1,
            "labelled_malicious": 332,
            "recall": 0.996996996996997
        },
        "20": {
            "labelled_normal": 6,
            "labelled_malicious": 127,
            "recall": 0.9548872180451128
        },
        "21": {
            "labelled_normal": 2,
            "labelled_malicious": 342,
            "recall": 0.9941860465116279
        },
        "22": {
            "labelled_normal": 1,
            "labelled_malicious": 318,
            "recall": 0.9968652037617555
        },
        "23": {
            "labelled_normal": 5,
            "labelled_malicious": 452,
            "recall": 0.9890590809628009
        },
        "24": {
            "labelled_normal": 11,
            "labelled_malicious": 200,
            "recall": 0.9478672985781991
        },
        "25": {
            "labelled_normal": 46,
            "labelled_malicious": 261,
            "recall": 0.8501628664495114
        },
        "26": {
            "labelled_normal": 44,
            "labelled_malicious": 299,
            "recall": 0.8717201166180758
        },
        "27": {
            "labelled_normal": 33,
            "labelled_malicious": 413,
            "recall": 0.9260089686098655
        },
        "28": {
            "labelled_normal": 30,
            "labelled_malicious": 306,
            "recall": 0.9107142857142857
        },
        "29": {
            "labelled_normal": 45,
            "labelled_malicious": 348,
            "recall": 0.8854961832061069
        },
        "30": {
            "labelled_normal": 93,
            "labelled_malicious": 300,
            "recall": 0.7633587786259542
        },
        "31": {
            "labelled_normal": 0,
            "labelled_malicious": 405,
            "recall": 1.0
        },
        "32": {
            "labelled_normal": 1,
            "labelled_malicious": 367,
            "recall": 0.9972826086956522
        },
        "33": {
            "labelled_normal": 6,
            "labelled_malicious": 311,
            "recall": 0.9810725552050473
        },
        "34": {
            "labelled_normal": 8,
            "labelled_malicious": 372,
            "recall": 0.9789473684210527
        },
        "35": {
            "labelled_normal": 29,
            "labelled_malicious": 408,
            "recall": 0.9336384439359268
        }
    },
    "attack_categories": {
        "0": {
            "labelled_normal": 41929,
            "labelled_malicious": 884,
            "recall": 0.9793520659612734
        },
        "1": {
            "labelled_normal": 139,
            "labelled_malicious": 1420,
            "recall": 0.9108402822322001
        },
        "2": {
            "labelled_normal": 196,
            "labelled_malicious": 2370,
            "recall": 0.9236165237724084
        },
        "3": {
            "labelled_normal": 140,
            "labelled_malicious": 1564,
            "recall": 0.9178403755868545
        },
        "4": {
            "labelled_normal": 1039,
            "labelled_malicious": 4477,
            "recall": 0.8116388687454678
        },
        "5": {
            "labelled_normal": 4,
            "labelled_malicious": 992,
            "recall": 0.9959839357429718
        },
        "6": {
            "labelled_normal": 36,
            "labelled_malicious": 404,
            "recall": 0.9181818181818182
        },
        "7": {
            "labelled_normal": 22,
            "labelled_malicious": 779,
            "recall": 0.9725343320848939
        }
    }
}