{
    "TP": 11287,
    "TN": 42118,
    "FP": 912,
    "FN": 1941,
    "accuracy": 0.9492872124853354,
    "precision": 0.9252397737519469,
    "recall": 0.8532657998185667,
    "attack_types": {
        "0": {
            "labelled_normal": 42118,
            "labelled_malicious": 912,
            "recall": 0.9788054845456658
        },
        "1": {
            "labelled_normal": 8,
            "labelled_malicious": 310,
            "recall": 0.9748427672955975
        },
        "2": {
            "labelled_normal": 49,
            "labelled_malicious": 235,
            "recall": 0.8274647887323944
        },
        "3": {
            "labelled_normal": 3,
            "labelled_malicious": 334,
            "recall": 0.9910979228486647
        },
        "4": {
            "labelled_normal": 0,
            "labelled_malicious": 374,
            "recall": 1.0
        },
        "5": {
            "labelled_normal": 2,
            "labelled_malicious": 277,
            "recall": 0.992831541218638
        },
        "6": {
            "labelled_normal": 62,
            "labelled_malicious": 336,
            "recall": 0.8442211055276382
        },
        "7": {
            "labelled_normal": 3,
            "labelled_malicious": 290,
            "recall": 0.9897610921501706
        },
        "8": {
            "labelled_normal": 14,
            "labelled_malicious": 354,
            "recall": 0.9619565217391305
        },
        "9": {
            "labelled_normal": 13,
            "labelled_malicious": 249,
            "recall": 0.950381679389313
        },
        "10": {
            "labelled_normal": 52,
            "labelled_malicious": 247,
            "recall": 0.8260869565217391
        },
        "11": {
            "labelled_normal": 3,
            "labelled_malicious": 385,
            "recall": 0.9922680412371134
        },
        "12": {
            "labelled_normal": 14,
            "labelled_malicious": 382,
            "recall": 0.9646464646464646
        },
        "13": {
            "labelled_normal": 31,
            "labelled_malicious": 247,
            "recall": 0.8884892086330936
        },
        "14": {
            "labelled_normal": 32,
            "labelled_malicious": 312,
            "recall": 0.9069767441860465
        },
        "15": {
            "labelled_normal": 44,
            "labelled_malicious": 251,
            "recall": 0.8508474576271187
        },
        "16": {
            "labelled_normal": 1168,
            "labelled_malicious": 490,
            "recall": 0.2955367913148372
        },
        "17": {
            "labelled_normal": 8,
            "labelled_malicious": 263,
            "recall": 0.9704797047970479
        },
        "18": {
            "labelled_normal": 40,
            "labelled_malicious": 407,
            "recall": 0.9105145413870246
        },
        "19": {
            "labelled_normal": 0,
            "labelled_malicious": 335,
            "recall": 1.0
        },
        "20": {
            "labelled_normal": 1,
            "labelled_malicious": 125,
            "recall": 0.9920634920634921
        },
        "21": {
            "labelled_normal": 1,
            "labelled_malicious": 358,
            "recall": 0.9972144846796658
        },
        "22": {
            "labelled_normal": 2,
            "labelled_malicious": 337,
            "recall": 0.9941002949852508
        },
        "23": {
            "labelled_normal": 4,
            "labelled_malicious": 327,
            "recall": 0.9879154078549849
        },
        "24": {
            "labelled_normal": 19,
            "labelled_malicious": 222,
            "recall": 0.921161825726141
        },
        "25": {
            "labelled_normal": 39,
            "labelled_malicious": 262,
            "recall": 0.8704318936877077
        },
        "26": {
            "labelled_normal": 38,
            "labelled_malicious": 335,
            "recall": 0.8981233243967829
        },
        "27": {
            "labelled_normal": 31,
            "labelled_malicious": 374,
            "recall": 0.9234567901234568
        },
        "28": {
            "labelled_normal": 38,
            "labelled_malicious": 344,
            "recall": 0.900523560209424
        },
        "29": {
            "labelled_normal": 49,
            "labelled_malicious": 326,
            "recall": 0.8693333333333333
        },
        "30": {
            "labelled_normal": 109,
            "labelled_malicious": 330,
            "recall": 0.7517084282460137
        },
        "31": {
            "labelled_normal": 1,
            "labelled_malicious": 392,
            "recall": 0.9974554707379135
        },
        "32": {
            "labelled_normal": 1,
            "labelled_malicious": 331,
            "recall": 0.9969879518072289
        },
        "33": {
            "labelled_normal": 6,
            "labelled_malicious": 314,
            "recall": 0.98125
        },
        "34": {
            "labelled_normal": 17,
            "labelled_malicious": 388,
            "recall": 0.9580246913580247
        },
        "35": {
            "labelled_normal": 39,
            "labelled_malicious": 444,
            "recall": 0.9192546583850931
        }
    },
    "attack_categories": {
        "0": {
            "labelled_normal": 42118,
            "labelled_malicious": 912,
            "recall": 0.9788054845456658
        },
        "1": {
            "labelled_normal": 160,
            "labelled_malicious": 1379,
            "recall": 0.8960363872644574
        },
        "2": {
            "labelled_normal": 208,
            "labelled_malicious": 2461,
            "recall": 0.9220681903334582
        },
        "3": {
            "labelled_normal": 1283,
            "labelled_malicious": 1563,
            "recall": 0.5491918482080113
        },
        "4": {
            "labelled_normal": 223,
            "labelled_malicious": 3773,
            "recall": 0.9441941941941941
        },
        "5": {
            "labelled_normal": 3,
            "labelled_malicious": 1030,
            "recall": 0.9970958373668926
        },
        "6": {
            "labelled_normal": 40,
            "labelled_malicious": 407,
            "recall": 0.9105145413870246
        },
        "7": {
            "labelled_normal": 24,
            "labelled_malicious": 674,
            "recall": 0.9656160458452722
        }
    }
}