{
    "TP": 12173,
    "TN": 41935,
    "FP": 878,
    "FN": 1408,
    "accuracy": 0.9594637727417811,
    "precision": 0.9327254616504482,
    "recall": 0.896325749208453,
    "attack_types": {
        "0": {
            "labelled_normal": 41935,
            "labelled_malicious": 878,
            "recall": 0.9794922103099526
        },
        "1": {
            "labelled_normal": 619,
            "labelled_malicious": 1173,
            "recall": 0.6545758928571429
        },
        "2": {
            "labelled_normal": 53,
            "labelled_malicious": 250,
            "recall": 0.8250825082508251
        },
        "3": {
            "labelled_normal": 3,
            "labelled_malicious": 359,
            "recall": 0.9917127071823204
        },
        "4": {
            "labelled_normal": 0,
            "labelled_malicious": 352,
            "recall": 1.0
        },
        "5": {
            "labelled_normal": 3,
            "labelled_malicious": 289,
            "recall": 0.9897260273972602
        },
        "6": {
            "labelled_normal": 75,
            "labelled_malicious": 331,
            "recall": 0.8152709359605911
        },
        "7": {
            "labelled_normal": 1,
            "labelled_malicious": 290,
            "recall": 0.9965635738831615
        },
        "8": {
            "labelled_normal": 21,
            "labelled_malicious": 330,
            "recall": 0.9401709401709402
        },
        "9": {
            "labelled_normal": 12,
            "labelled_malicious": 235,
            "recall": 0.951417004048583
        },
        "10": {
            "labelled_normal": 67,
            "labelled_malicious": 229,
            "recall": 0.7736486486486487
        },
        "11": {
            "labelled_normal": 6,
            "labelled_malicious": 357,
            "recall": 0.9834710743801653
        },
        "12": {
            "labelled_normal": 8,
            "labelled_malicious": 452,
            "recall": 0.9826086956521739
        },
        "13": {
            "labelled_normal": 27,
            "labelled_malicious": 332,
            "recall": 0.924791086350975
        },
        "14": {
            "labelled_normal": 24,
            "labelled_malicious": 334,
            "recall": 0.9329608938547486
        },
        "15": {
            "labelled_normal": 64,
            "labelled_malicious": 256,
            "recall": 0.8
        },
        "16": {
            "labelled_normal": 18,
            "labelled_malicious": 342,
            "recall": 0.95
        },
        "17": {
            "labelled_normal": 8,
            "labelled_malicious": 299,
            "recall": 0.9739413680781759
        },
        "18": {
            "labelled_normal": 36,
            "labelled_malicious": 404,
            "recall": 0.9181818181818182
        },
        "19": {
            "labelled_normal": 1,
            "labelled_malicious": 332,
            "recall": 0.996996996996997
        },
        "20": {
            "labelled_normal": 6,
            "labelled_malicious": 127,
            "recall": 0.9548872180451128
        },
        "21": {
            "labelled_normal": 2,
            "labelled_malicious": 342,
            "recall": 0.9941860465116279
        },
        "22": {
            "labelled_normal": 1,
            "labelled_malicious": 318,
            "recall": 0.9968652037617555
        },
        "23": {
            "labelled_normal": 5,
            "labelled_malicious": 452,
            "recall": 0.9890590809628009
        },
        "24": {
            "labelled_normal": 11,
            "labelled_malicious": 200,
            "recall": 0.9478672985781991
        },
        "25": {
            "labelled_normal": 50,
            "labelled_malicious": 257,
            "recall": 0.8371335504885994
        },
        "26": {
            "labelled_normal": 46,
            "labelled_malicious": 297,
            "recall": 0.8658892128279884
        },
        "27": {
            "labelled_normal": 33,
            "labelled_malicious": 413,
            "recall": 0.9260089686098655
        },
        "28": {
            "labelled_normal": 31,
            "labelled_malicious": 305,
            "recall": 0.9077380952380952
        },
        "29": {
            "labelled_normal": 40,
            "labelled_malicious": 353,
            "recall": 0.8982188295165394
        },
        "30": {
            "labelled_normal": 93,
            "labelled_malicious": 300,
            "recall": 0.7633587786259542
        },
        "31": {
            "labelled_normal": 0,
            "labelled_malicious": 405,
            "recall": 1.0
        },
        "32": {
            "labelled_normal": 1,
            "labelled_malicious": 367,
            "recall": 0.9972826086956522
        },
        "33": {
            "labelled_normal": 6,
            "labelled_malicious": 311,
            "recall": 0.9810725552050473
        },
        "34": {
            "labelled_normal": 8,
            "labelled_malicious": 372,
            "recall": 0.9789473684210527
        },
        "35": {
            "labelled_normal": 29,
            "labelled_malicious": 408,
            "recall": 0.9336384439359268
        }
    },
    "attack_categories": {
        "0": {
            "labelled_normal": 41935,
            "labelled_malicious": 878,
            "recall": 0.9794922103099526
        },
        "1": {
            "labelled_normal": 134,
            "labelled_malicious": 1425,
            "recall": 0.914047466324567
        },
        "2": {
            "labelled_normal": 203,
            "labelled_malicious": 2363,
            "recall": 0.9208885424785659
        },
        "3": {
            "labelled_normal": 141,
            "labelled_malicious": 1563,
            "recall": 0.9172535211267606
        },
        "4": {
            "labelled_normal": 868,
            "labelled_malicious": 4647,
            "recall": 0.8426110607434271
        },
        "5": {
            "labelled_normal": 4,
            "labelled_malicious": 992,
            "recall": 0.9959839357429718
        },
        "6": {
            "labelled_normal": 36,
            "labelled_malicious": 404,
            "recall": 0.9181818181818182
        },
        "7": {
            "labelled_normal": 22,
            "labelled_malicious": 779,
            "recall": 0.9725343320848939
        }
    }
}