{
    "TP": 12636,
    "TN": 41983,
    "FP": 882,
    "FN": 908,
    "accuracy": 0.9682674750483079,
    "precision": 0.9347536617842876,
    "recall": 0.9329592439456585,
    "attack_types": {
        "0": {
            "labelled_normal": 41983,
            "labelled_malicious": 882,
            "recall": 0.9794237723084102
        },
        "1": {
            "labelled_normal": 11,
            "labelled_malicious": 367,
            "recall": 0.9708994708994709
        },
        "2": {
            "labelled_normal": 46,
            "labelled_malicious": 245,
            "recall": 0.8419243986254296
        },
        "3": {
            "labelled_normal": 1,
            "labelled_malicious": 294,
            "recall": 0.9966101694915255
        },
        "4": {
            "labelled_normal": 0,
            "labelled_malicious": 413,
            "recall": 1.0
        },
        "5": {
            "labelled_normal": 6,
            "labelled_malicious": 268,
            "recall": 0.9781021897810219
        },
        "6": {
            "labelled_normal": 71,
            "labelled_malicious": 347,
            "recall": 0.8301435406698564
        },
        "7": {
            "labelled_normal": 4,
            "labelled_malicious": 301,
            "recall": 0.9868852459016394
        },
        "8": {
            "labelled_normal": 17,
            "labelled_malicious": 333,
            "recall": 0.9514285714285714
        },
        "9": {
            "labelled_normal": 17,
            "labelled_malicious": 283,
            "recall": 0.9433333333333334
        },
        "10": {
            "labelled_normal": 63,
            "labelled_malicious": 223,
            "recall": 0.7797202797202797
        },
        "11": {
            "labelled_normal": 1,
            "labelled_malicious": 336,
            "recall": 0.9970326409495549
        },
        "12": {
            "labelled_normal": 1,
            "labelled_malicious": 452,
            "recall": 0.9977924944812362
        },
        "13": {
            "labelled_normal": 18,
            "labelled_malicious": 301,
            "recall": 0.9435736677115988
        },
        "14": {
            "labelled_normal": 20,
            "labelled_malicious": 321,
            "recall": 0.9413489736070382
        },
        "15": {
            "labelled_normal": 58,
            "labelled_malicious": 279,
            "recall": 0.827893175074184
        },
        "16": {
            "labelled_normal": 18,
            "labelled_malicious": 323,
            "recall": 0.9472140762463344
        },
        "17": {
            "labelled_normal": 8,
            "labelled_malicious": 267,
            "recall": 0.9709090909090909
        },
        "18": {
            "labelled_normal": 33,
            "labelled_malicious": 420,
            "recall": 0.9271523178807947
        },
        "19": {
            "labelled_normal": 4,
            "labelled_malicious": 312,
            "recall": 0.9873417721518988
        },
        "20": {
            "labelled_normal": 0,
            "labelled_malicious": 145,
            "recall": 1.0
        },
        "21": {
            "labelled_normal": 0,
            "labelled_malicious": 336,
            "recall": 1.0
        },
        "22": {
            "labelled_normal": 1,
            "labelled_malicious": 273,
            "recall": 0.9963503649635036
        },
        "23": {
            "labelled_normal": 4,
            "labelled_malicious": 449,
            "recall": 0.9911699779249448
        },
        "24": {
            "labelled_normal": 15,
            "labelled_malicious": 223,
            "recall": 0.9369747899159664
        },
        "25": {
            "labelled_normal": 42,
            "labelled_malicious": 230,
            "recall": 0.8455882352941176
        },
        "26": {
            "labelled_normal": 44,
            "labelled_malicious": 352,
            "recall": 0.8888888888888888
        },
        "27": {
            "labelled_normal": 38,
            "labelled_malicious": 370,
            "recall": 0.9068627450980392
        },
        "28": {
            "labelled_normal": 35,
            "labelled_malicious": 329,
            "recall": 0.9038461538461539
        },
        "29": {
            "labelled_normal": 26,
            "labelled_malicious": 339,
            "recall": 0.9287671232876712
        },
        "30": {
            "labelled_normal": 92,
            "labelled_malicious": 339,
            "recall": 0.7865429234338747
        },
        "31": {
            "labelled_normal": 0,
            "labelled_malicious": 354,
            "recall": 1.0
        },
        "32": {
            "labelled_normal": 145,
            "labelled_malicious": 1726,
            "recall": 0.9225013361838589
        },
        "33": {
            "labelled_normal": 10,
            "labelled_malicious": 298,
            "recall": 0.9675324675324676
        },
        "34": {
            "labelled_normal": 17,
            "labelled_malicious": 397,
            "recall": 0.9589371980676329
        },
        "35": {
            "labelled_normal": 42,
            "labelled_malicious": 391,
            "recall": 0.9030023094688222
        }
    },
    "attack_categories": {
        "0": {
            "labelled_normal": 41983,
            "labelled_malicious": 882,
            "recall": 0.9794237723084102
        },
        "1": {
            "labelled_normal": 263,
            "labelled_malicious": 2758,
            "recall": 0.9129427341939755
        },
        "2": {
            "labelled_normal": 228,
            "labelled_malicious": 2367,
            "recall": 0.9121387283236995
        },
        "3": {
            "labelled_normal": 122,
            "labelled_malicious": 1491,
            "recall": 0.9243645381277124
        },
        "4": {
            "labelled_normal": 238,
            "labelled_malicious": 3862,
            "recall": 0.9419512195121951
        },
        "5": {
            "labelled_normal": 5,
            "labelled_malicious": 921,
            "recall": 0.9946004319654428
        },
        "6": {
            "labelled_normal": 33,
            "labelled_malicious": 420,
            "recall": 0.9271523178807947
        },
        "7": {
            "labelled_normal": 19,
            "labelled_malicious": 817,
            "recall": 0.9772727272727273
        }
    }
}