{
    "TP": 12711,
    "TN": 41932,
    "FP": 881,
    "FN": 901,
    "accuracy": 0.9684182543198937,
    "precision": 0.9351824602707475,
    "recall": 0.9338084043491037,
    "attack_types": {
        "0": {
            "labelled_normal": 41932,
            "labelled_malicious": 881,
            "recall": 0.979422138135613
        },
        "1": {
            "labelled_normal": 14,
            "labelled_malicious": 308,
            "recall": 0.9565217391304348
        },
        "2": {
            "labelled_normal": 53,
            "labelled_malicious": 250,
            "recall": 0.8250825082508251
        },
        "3": {
            "labelled_normal": 4,
            "labelled_malicious": 358,
            "recall": 0.988950276243094
        },
        "4": {
            "labelled_normal": 0,
            "labelled_malicious": 352,
            "recall": 1.0
        },
        "5": {
            "labelled_normal": 7,
            "labelled_malicious": 285,
            "recall": 0.976027397260274
        },
        "6": {
            "labelled_normal": 67,
            "labelled_malicious": 339,
            "recall": 0.8349753694581281
        },
        "7": {
            "labelled_normal": 1,
            "labelled_malicious": 290,
            "recall": 0.9965635738831615
        },
        "8": {
            "labelled_normal": 18,
            "labelled_malicious": 333,
            "recall": 0.9487179487179487
        },
        "9": {
            "labelled_normal": 12,
            "labelled_malicious": 235,
            "recall": 0.951417004048583
        },
        "10": {
            "labelled_normal": 66,
            "labelled_malicious": 230,
            "recall": 0.777027027027027
        },
        "11": {
            "labelled_normal": 6,
            "labelled_malicious": 357,
            "recall": 0.9834710743801653
        },
        "12": {
            "labelled_normal": 8,
            "labelled_malicious": 452,
            "recall": 0.9826086956521739
        },
        "13": {
            "labelled_normal": 27,
            "labelled_malicious": 332,
            "recall": 0.924791086350975
        },
        "14": {
            "labelled_normal": 24,
            "labelled_malicious": 334,
            "recall": 0.9329608938547486
        },
        "15": {
            "labelled_normal": 65,
            "labelled_malicious": 255,
            "recall": 0.796875
        },
        "16": {
            "labelled_normal": 18,
            "labelled_malicious": 342,
            "recall": 0.95
        },
        "17": {
            "labelled_normal": 8,
            "labelled_malicious": 299,
            "recall": 0.9739413680781759
        },
        "18": {
            "labelled_normal": 35,
            "labelled_malicious": 405,
            "recall": 0.9204545454545454
        },
        "19": {
            "labelled_normal": 1,
            "labelled_malicious": 332,
            "recall": 0.996996996996997
        },
        "20": {
            "labelled_normal": 6,
            "labelled_malicious": 127,
            "recall": 0.9548872180451128
        },
        "21": {
            "labelled_normal": 1,
            "labelled_malicious": 343,
            "recall": 0.997093023255814
        },
        "22": {
            "labelled_normal": 0,
            "labelled_malicious": 319,
            "recall": 1.0
        },
        "23": {
            "labelled_normal": 5,
            "labelled_malicious": 452,
            "recall": 0.9890590809628009
        },
        "24": {
            "labelled_normal": 11,
            "labelled_malicious": 200,
            "recall": 0.9478672985781991
        },
        "25": {
            "labelled_normal": 57,
            "labelled_malicious": 250,
            "recall": 0.8143322475570033
        },
        "26": {
            "labelled_normal": 42,
            "labelled_malicious": 301,
            "recall": 0.8775510204081632
        },
        "27": {
            "labelled_normal": 33,
            "labelled_malicious": 413,
            "recall": 0.9260089686098655
        },
        "28": {
            "labelled_normal": 29,
            "labelled_malicious": 307,
            "recall": 0.9136904761904762
        },
        "29": {
            "labelled_normal": 40,
            "labelled_malicious": 353,
            "recall": 0.8982188295165394
        },
        "30": {
            "labelled_normal": 93,
            "labelled_malicious": 300,
            "recall": 0.7633587786259542
        },
        "31": {
            "labelled_normal": 105,
            "labelled_malicious": 1801,
            "recall": 0.9449108079748164
        },
        "32": {
            "labelled_normal": 1,
            "labelled_malicious": 367,
            "recall": 0.9972826086956522
        },
        "33": {
            "labelled_normal": 6,
            "labelled_malicious": 311,
            "recall": 0.9810725552050473
        },
        "34": {
            "labelled_normal": 9,
            "labelled_malicious": 371,
            "recall": 0.9763157894736842
        },
        "35": {
            "labelled_normal": 29,
            "labelled_malicious": 408,
            "recall": 0.9336384439359268
        }
    },
    "attack_categories": {
        "0": {
            "labelled_normal": 41932,
            "labelled_malicious": 881,
            "recall": 0.979422138135613
        },
        "1": {
            "labelled_normal": 239,
            "labelled_malicious": 2821,
            "recall": 0.9218954248366014
        },
        "2": {
            "labelled_normal": 205,
            "labelled_malicious": 2361,
            "recall": 0.9201091192517536
        },
        "3": {
            "labelled_normal": 142,
            "labelled_malicious": 1562,
            "recall": 0.9166666666666666
        },
        "4": {
            "labelled_normal": 256,
            "labelled_malicious": 3789,
            "recall": 0.9367119901112485
        },
        "5": {
            "labelled_normal": 2,
            "labelled_malicious": 994,
            "recall": 0.9979919678714859
        },
        "6": {
            "labelled_normal": 35,
            "labelled_malicious": 405,
            "recall": 0.9204545454545454
        },
        "7": {
            "labelled_normal": 22,
            "labelled_malicious": 779,
            "recall": 0.9725343320848939
        }
    }
}