{
    "TP": 12192,
    "TN": 42120,
    "FP": 910,
    "FN": 1182,
    "accuracy": 0.9629104318842635,
    "precision": 0.930544954968707,
    "recall": 0.91161956034096,
    "attack_types": {
        "0": {
            "labelled_normal": 42120,
            "labelled_malicious": 910,
            "recall": 0.9788519637462235
        },
        "1": {
            "labelled_normal": 9,
            "labelled_malicious": 309,
            "recall": 0.9716981132075472
        },
        "2": {
            "labelled_normal": 50,
            "labelled_malicious": 234,
            "recall": 0.823943661971831
        },
        "3": {
            "labelled_normal": 2,
            "labelled_malicious": 335,
            "recall": 0.9940652818991098
        },
        "4": {
            "labelled_normal": 0,
            "labelled_malicious": 374,
            "recall": 1.0
        },
        "5": {
            "labelled_normal": 3,
            "labelled_malicious": 276,
            "recall": 0.989247311827957
        },
        "6": {
            "labelled_normal": 62,
            "labelled_malicious": 336,
            "recall": 0.8442211055276382
        },
        "7": {
            "labelled_normal": 3,
            "labelled_malicious": 290,
            "recall": 0.9897610921501706
        },
        "8": {
            "labelled_normal": 14,
            "labelled_malicious": 354,
            "recall": 0.9619565217391305
        },
        "9": {
            "labelled_normal": 12,
            "labelled_malicious": 250,
            "recall": 0.9541984732824428
        },
        "10": {
            "labelled_normal": 53,
            "labelled_malicious": 246,
            "recall": 0.822742474916388
        },
        "11": {
            "labelled_normal": 4,
            "labelled_malicious": 384,
            "recall": 0.9896907216494846
        },
        "12": {
            "labelled_normal": 12,
            "labelled_malicious": 384,
            "recall": 0.9696969696969697
        },
        "13": {
            "labelled_normal": 30,
            "labelled_malicious": 248,
            "recall": 0.8920863309352518
        },
        "14": {
            "labelled_normal": 31,
            "labelled_malicious": 313,
            "recall": 0.9098837209302325
        },
        "15": {
            "labelled_normal": 43,
            "labelled_malicious": 252,
            "recall": 0.8542372881355932
        },
        "16": {
            "labelled_normal": 21,
            "labelled_malicious": 307,
            "recall": 0.9359756097560976
        },
        "17": {
            "labelled_normal": 8,
            "labelled_malicious": 263,
            "recall": 0.9704797047970479
        },
        "18": {
            "labelled_normal": 40,
            "labelled_malicious": 407,
            "recall": 0.9105145413870246
        },
        "19": {
            "labelled_normal": 1,
            "labelled_malicious": 334,
            "recall": 0.9970149253731343
        },
        "20": {
            "labelled_normal": 2,
            "labelled_malicious": 124,
            "recall": 0.9841269841269841
        },
        "21": {
            "labelled_normal": 1,
            "labelled_malicious": 358,
            "recall": 0.9972144846796658
        },
        "22": {
            "labelled_normal": 2,
            "labelled_malicious": 337,
            "recall": 0.9941002949852508
        },
        "23": {
            "labelled_normal": 4,
            "labelled_malicious": 327,
            "recall": 0.9879154078549849
        },
        "24": {
            "labelled_normal": 19,
            "labelled_malicious": 222,
            "recall": 0.921161825726141
        },
        "25": {
            "labelled_normal": 42,
            "labelled_malicious": 259,
            "recall": 0.8604651162790697
        },
        "26": {
            "labelled_normal": 38,
            "labelled_malicious": 335,
            "recall": 0.8981233243967829
        },
        "27": {
            "labelled_normal": 28,
            "labelled_malicious": 377,
            "recall": 0.9308641975308642
        },
        "28": {
            "labelled_normal": 415,
            "labelled_malicious": 1443,
            "recall": 0.7766415500538213
        },
        "29": {
            "labelled_normal": 47,
            "labelled_malicious": 328,
            "recall": 0.8746666666666667
        },
        "30": {
            "labelled_normal": 114,
            "labelled_malicious": 325,
            "recall": 0.7403189066059226
        },
        "31": {
            "labelled_normal": 2,
            "labelled_malicious": 391,
            "recall": 0.9949109414758269
        },
        "32": {
            "labelled_normal": 3,
            "labelled_malicious": 329,
            "recall": 0.9909638554216867
        },
        "33": {
            "labelled_normal": 7,
            "labelled_malicious": 313,
            "recall": 0.978125
        },
        "34": {
            "labelled_normal": 19,
            "labelled_malicious": 386,
            "recall": 0.9530864197530864
        },
        "35": {
            "labelled_normal": 41,
            "labelled_malicious": 442,
            "recall": 0.9151138716356108
        }
    },
    "attack_categories": {
        "0": {
            "labelled_normal": 42120,
            "labelled_malicious": 910,
            "recall": 0.9788519637462235
        },
        "1": {
            "labelled_normal": 166,
            "labelled_malicious": 1373,
            "recall": 0.8921377517868746
        },
        "2": {
            "labelled_normal": 590,
            "labelled_malicious": 3555,
            "recall": 0.8576598311218335
        },
        "3": {
            "labelled_normal": 133,
            "labelled_malicious": 1383,
            "recall": 0.912269129287599
        },
        "4": {
            "labelled_normal": 224,
            "labelled_malicious": 3772,
            "recall": 0.943943943943944
        },
        "5": {
            "labelled_normal": 4,
            "labelled_malicious": 1029,
            "recall": 0.9961277831558567
        },
        "6": {
            "labelled_normal": 40,
            "labelled_malicious": 407,
            "recall": 0.9105145413870246
        },
        "7": {
            "labelled_normal": 25,
            "labelled_malicious": 673,
            "recall": 0.9641833810888252
        }
    }
}