{
    "TP": 12750,
    "TN": 41886,
    "FP": 954,
    "FN": 841,
    "accuracy": 0.9681912424022258,
    "precision": 0.930385288966725,
    "recall": 0.9381208152453829,
    "attack_types": {
        "0": {
            "labelled_normal": 41886,
            "labelled_malicious": 954,
            "recall": 0.9777310924369748
        },
        "1": {
            "labelled_normal": 2,
            "labelled_malicious": 382,
            "recall": 0.9947916666666666
        },
        "2": {
            "labelled_normal": 67,
            "labelled_malicious": 239,
            "recall": 0.7810457516339869
        },
        "3": {
            "labelled_normal": 0,
            "labelled_malicious": 346,
            "recall": 1.0
        },
        "4": {
            "labelled_normal": 59,
            "labelled_malicious": 1873,
            "recall": 0.9694616977225673
        },
        "5": {
            "labelled_normal": 0,
            "labelled_malicious": 293,
            "recall": 1.0
        },
        "6": {
            "labelled_normal": 53,
            "labelled_malicious": 327,
            "recall": 0.8605263157894737
        },
        "7": {
            "labelled_normal": 4,
            "labelled_malicious": 292,
            "recall": 0.9864864864864865
        },
        "8": {
            "labelled_normal": 11,
            "labelled_malicious": 358,
            "recall": 0.9701897018970189
        },
        "9": {
            "labelled_normal": 10,
            "labelled_malicious": 298,
            "recall": 0.9675324675324676
        },
        "10": {
            "labelled_normal": 56,
            "labelled_malicious": 220,
            "recall": 0.7971014492753623
        },
        "11": {
            "labelled_normal": 4,
            "labelled_malicious": 393,
            "recall": 0.9899244332493703
        },
        "12": {
            "labelled_normal": 2,
            "labelled_malicious": 378,
            "recall": 0.9947368421052631
        },
        "13": {
            "labelled_normal": 30,
            "labelled_malicious": 284,
            "recall": 0.9044585987261147
        },
        "14": {
            "labelled_normal": 33,
            "labelled_malicious": 279,
            "recall": 0.8942307692307693
        },
        "15": {
            "labelled_normal": 45,
            "labelled_malicious": 267,
            "recall": 0.8557692307692307
        },
        "16": {
            "labelled_normal": 20,
            "labelled_malicious": 316,
            "recall": 0.9404761904761905
        },
        "17": {
            "labelled_normal": 10,
            "labelled_malicious": 273,
            "recall": 0.9646643109540636
        },
        "18": {
            "labelled_normal": 40,
            "labelled_malicious": 388,
            "recall": 0.9065420560747663
        },
        "19": {
            "labelled_normal": 1,
            "labelled_malicious": 339,
            "recall": 0.9970588235294118
        },
        "20": {
            "labelled_normal": 1,
            "labelled_malicious": 120,
            "recall": 0.9917355371900827
        },
        "21": {
            "labelled_normal": 1,
            "labelled_malicious": 363,
            "recall": 0.9972527472527473
        },
        "22": {
            "labelled_normal": 4,
            "labelled_malicious": 289,
            "recall": 0.9863481228668942
        },
        "23": {
            "labelled_normal": 1,
            "labelled_malicious": 423,
            "recall": 0.9976415094339622
        },
        "24": {
            "labelled_normal": 11,
            "labelled_malicious": 245,
            "recall": 0.95703125
        },
        "25": {
            "labelled_normal": 41,
            "labelled_malicious": 254,
            "recall": 0.8610169491525423
        },
        "26": {
            "labelled_normal": 39,
            "labelled_malicious": 291,
            "recall": 0.8818181818181818
        },
        "27": {
            "labelled_normal": 24,
            "labelled_malicious": 377,
            "recall": 0.940149625935162
        },
        "28": {
            "labelled_normal": 45,
            "labelled_malicious": 361,
            "recall": 0.8891625615763546
        },
        "29": {
            "labelled_normal": 38,
            "labelled_malicious": 319,
            "recall": 0.8935574229691877
        },
        "30": {
            "labelled_normal": 127,
            "labelled_malicious": 319,
            "recall": 0.7152466367713004
        },
        "31": {
            "labelled_normal": 1,
            "labelled_malicious": 395,
            "recall": 0.9974747474747475
        },
        "32": {
            "labelled_normal": 2,
            "labelled_malicious": 367,
            "recall": 0.994579945799458
        },
        "33": {
            "labelled_normal": 18,
            "labelled_malicious": 288,
            "recall": 0.9411764705882353
        },
        "34": {
            "labelled_normal": 13,
            "labelled_malicious": 391,
            "recall": 0.9678217821782178
        },
        "35": {
            "labelled_normal": 28,
            "labelled_malicious": 403,
            "recall": 0.9350348027842227
        }
    },
    "attack_categories": {
        "0": {
            "labelled_normal": 41886,
            "labelled_malicious": 954,
            "recall": 0.9777310924369748
        },
        "1": {
            "labelled_normal": 168,
            "labelled_malicious": 1400,
            "recall": 0.8928571428571429
        },
        "2": {
            "labelled_normal": 208,
            "labelled_malicious": 2365,
            "recall": 0.9191605130198213
        },
        "3": {
            "labelled_normal": 138,
            "labelled_malicious": 1419,
            "recall": 0.9113680154142582
        },
        "4": {
            "labelled_normal": 268,
            "labelled_malicious": 5399,
            "recall": 0.9527086641962238
        },
        "5": {
            "labelled_normal": 6,
            "labelled_malicious": 991,
            "recall": 0.9939819458375125
        },
        "6": {
            "labelled_normal": 40,
            "labelled_malicious": 388,
            "recall": 0.9065420560747663
        },
        "7": {
            "labelled_normal": 13,
            "labelled_malicious": 788,
            "recall": 0.9837702871410736
        }
    }
}