{
    "TP": 11899,
    "TN": 41889,
    "FP": 951,
    "FN": 1622,
    "accuracy": 0.9543478646581857,
    "precision": 0.9259922178988327,
    "recall": 0.8800384586938836,
    "attack_types": {
        "0": {
            "labelled_normal": 41889,
            "labelled_malicious": 951,
            "recall": 0.9778011204481792
        },
        "1": {
            "labelled_normal": 2,
            "labelled_malicious": 382,
            "recall": 0.9947916666666666
        },
        "2": {
            "labelled_normal": 70,
            "labelled_malicious": 236,
            "recall": 0.7712418300653595
        },
        "3": {
            "labelled_normal": 1,
            "labelled_malicious": 345,
            "recall": 0.9971098265895953
        },
        "4": {
            "labelled_normal": 0,
            "labelled_malicious": 425,
            "recall": 1.0
        },
        "5": {
            "labelled_normal": 1,
            "labelled_malicious": 292,
            "recall": 0.9965870307167235
        },
        "6": {
            "labelled_normal": 54,
            "labelled_malicious": 326,
            "recall": 0.8578947368421053
        },
        "7": {
            "labelled_normal": 4,
            "labelled_malicious": 292,
            "recall": 0.9864864864864865
        },
        "8": {
            "labelled_normal": 12,
            "labelled_malicious": 357,
            "recall": 0.967479674796748
        },
        "9": {
            "labelled_normal": 14,
            "labelled_malicious": 294,
            "recall": 0.9545454545454546
        },
        "10": {
            "labelled_normal": 55,
            "labelled_malicious": 221,
            "recall": 0.8007246376811594
        },
        "11": {
            "labelled_normal": 814,
            "labelled_malicious": 1020,
            "recall": 0.5561613958560524
        },
        "12": {
            "labelled_normal": 5,
            "labelled_malicious": 375,
            "recall": 0.9868421052631579
        },
        "13": {
            "labelled_normal": 29,
            "labelled_malicious": 285,
            "recall": 0.9076433121019108
        },
        "14": {
            "labelled_normal": 35,
            "labelled_malicious": 277,
            "recall": 0.8878205128205128
        },
        "15": {
            "labelled_normal": 48,
            "labelled_malicious": 264,
            "recall": 0.8461538461538461
        },
        "16": {
            "labelled_normal": 24,
            "labelled_malicious": 312,
            "recall": 0.9285714285714286
        },
        "17": {
            "labelled_normal": 9,
            "labelled_malicious": 274,
            "recall": 0.9681978798586572
        },
        "18": {
            "labelled_normal": 39,
            "labelled_malicious": 389,
            "recall": 0.9088785046728972
        },
        "19": {
            "labelled_normal": 2,
            "labelled_malicious": 338,
            "recall": 0.9941176470588236
        },
        "20": {
            "labelled_normal": 1,
            "labelled_malicious": 120,
            "recall": 0.9917355371900827
        },
        "21": {
            "labelled_normal": 1,
            "labelled_malicious": 363,
            "recall": 0.9972527472527473
        },
        "22": {
            "labelled_normal": 4,
            "labelled_malicious": 289,
            "recall": 0.9863481228668942
        },
        "23": {
            "labelled_normal": 2,
            "labelled_malicious": 422,
            "recall": 0.9952830188679245
        },
        "24": {
            "labelled_normal": 11,
            "labelled_malicious": 245,
            "recall": 0.95703125
        },
        "25": {
            "labelled_normal": 52,
            "labelled_malicious": 243,
            "recall": 0.823728813559322
        },
        "26": {
            "labelled_normal": 35,
            "labelled_malicious": 295,
            "recall": 0.8939393939393939
        },
        "27": {
            "labelled_normal": 24,
            "labelled_malicious": 377,
            "recall": 0.940149625935162
        },
        "28": {
            "labelled_normal": 45,
            "labelled_malicious": 361,
            "recall": 0.8891625615763546
        },
        "29": {
            "labelled_normal": 40,
            "labelled_malicious": 317,
            "recall": 0.8879551820728291
        },
        "30": {
            "labelled_normal": 127,
            "labelled_malicious": 319,
            "recall": 0.7152466367713004
        },
        "31": {
            "labelled_normal": 1,
            "labelled_malicious": 395,
            "recall": 0.9974747474747475
        },
        "32": {
            "labelled_normal": 2,
            "labelled_malicious": 367,
            "recall": 0.994579945799458
        },
        "33": {
            "labelled_normal": 18,
            "labelled_malicious": 288,
            "recall": 0.9411764705882353
        },
        "34": {
            "labelled_normal": 13,
            "labelled_malicious": 391,
            "recall": 0.9678217821782178
        },
        "35": {
            "labelled_normal": 28,
            "labelled_malicious": 403,
            "recall": 0.9350348027842227
        }
    },
    "attack_categories": {
        "0": {
            "labelled_normal": 41889,
            "labelled_malicious": 951,
            "recall": 0.9778011204481792
        },
        "1": {
            "labelled_normal": 170,
            "labelled_malicious": 1398,
            "recall": 0.8915816326530612
        },
        "2": {
            "labelled_normal": 215,
            "labelled_malicious": 2358,
            "recall": 0.9164399533618345
        },
        "3": {
            "labelled_normal": 145,
            "labelled_malicious": 1412,
            "recall": 0.9068721901091843
        },
        "4": {
            "labelled_normal": 1032,
            "labelled_malicious": 4565,
            "recall": 0.8156155083080222
        },
        "5": {
            "labelled_normal": 7,
            "labelled_malicious": 990,
            "recall": 0.9929789368104313
        },
        "6": {
            "labelled_normal": 39,
            "labelled_malicious": 389,
            "recall": 0.9088785046728972
        },
        "7": {
            "labelled_normal": 14,
            "labelled_malicious": 787,
            "recall": 0.982521847690387
        }
    }
}