{
    "TP": 12392,
    "TN": 42112,
    "FP": 918,
    "FN": 869,
    "accuracy": 0.968254250235384,
    "precision": 0.9310293012772352,
    "recall": 0.9344694970213407,
    "attack_types": {
        "0": {
            "labelled_normal": 42112,
            "labelled_malicious": 918,
            "recall": 0.9786660469439926
        },
        "1": {
            "labelled_normal": 8,
            "labelled_malicious": 310,
            "recall": 0.9748427672955975
        },
        "2": {
            "labelled_normal": 48,
            "labelled_malicious": 236,
            "recall": 0.8309859154929577
        },
        "3": {
            "labelled_normal": 88,
            "labelled_malicious": 1612,
            "recall": 0.9482352941176471
        },
        "4": {
            "labelled_normal": 0,
            "labelled_malicious": 374,
            "recall": 1.0
        },
        "5": {
            "labelled_normal": 2,
            "labelled_malicious": 277,
            "recall": 0.992831541218638
        },
        "6": {
            "labelled_normal": 62,
            "labelled_malicious": 336,
            "recall": 0.8442211055276382
        },
        "7": {
            "labelled_normal": 3,
            "labelled_malicious": 290,
            "recall": 0.9897610921501706
        },
        "8": {
            "labelled_normal": 15,
            "labelled_malicious": 353,
            "recall": 0.9592391304347826
        },
        "9": {
            "labelled_normal": 14,
            "labelled_malicious": 248,
            "recall": 0.9465648854961832
        },
        "10": {
            "labelled_normal": 52,
            "labelled_malicious": 247,
            "recall": 0.8260869565217391
        },
        "11": {
            "labelled_normal": 3,
            "labelled_malicious": 385,
            "recall": 0.9922680412371134
        },
        "12": {
            "labelled_normal": 14,
            "labelled_malicious": 382,
            "recall": 0.9646464646464646
        },
        "13": {
            "labelled_normal": 30,
            "labelled_malicious": 248,
            "recall": 0.8920863309352518
        },
        "14": {
            "labelled_normal": 31,
            "labelled_malicious": 313,
            "recall": 0.9098837209302325
        },
        "15": {
            "labelled_normal": 43,
            "labelled_malicious": 252,
            "recall": 0.8542372881355932
        },
        "16": {
            "labelled_normal": 21,
            "labelled_malicious": 307,
            "recall": 0.9359756097560976
        },
        "17": {
            "labelled_normal": 8,
            "labelled_malicious": 263,
            "recall": 0.9704797047970479
        },
        "18": {
            "labelled_normal": 40,
            "labelled_malicious": 407,
            "recall": 0.9105145413870246
        },
        "19": {
            "labelled_normal": 0,
            "labelled_malicious": 335,
            "recall": 1.0
        },
        "20": {
            "labelled_normal": 1,
            "labelled_malicious": 125,
            "recall": 0.9920634920634921
        },
        "21": {
            "labelled_normal": 1,
            "labelled_malicious": 358,
            "recall": 0.9972144846796658
        },
        "22": {
            "labelled_normal": 2,
            "labelled_malicious": 337,
            "recall": 0.9941002949852508
        },
        "23": {
            "labelled_normal": 3,
            "labelled_malicious": 328,
            "recall": 0.9909365558912386
        },
        "24": {
            "labelled_normal": 18,
            "labelled_malicious": 223,
            "recall": 0.9253112033195021
        },
        "25": {
            "labelled_normal": 38,
            "labelled_malicious": 263,
            "recall": 0.8737541528239202
        },
        "26": {
            "labelled_normal": 41,
            "labelled_malicious": 332,
            "recall": 0.8900804289544236
        },
        "27": {
            "labelled_normal": 31,
            "labelled_malicious": 374,
            "recall": 0.9234567901234568
        },
        "28": {
            "labelled_normal": 37,
            "labelled_malicious": 345,
            "recall": 0.9031413612565445
        },
        "29": {
            "labelled_normal": 46,
            "labelled_malicious": 329,
            "recall": 0.8773333333333333
        },
        "30": {
            "labelled_normal": 108,
            "labelled_malicious": 331,
            "recall": 0.7539863325740319
        },
        "31": {
            "labelled_normal": 1,
            "labelled_malicious": 392,
            "recall": 0.9974554707379135
        },
        "32": {
            "labelled_normal": 1,
            "labelled_malicious": 331,
            "recall": 0.9969879518072289
        },
        "33": {
            "labelled_normal": 5,
            "labelled_malicious": 315,
            "recall": 0.984375
        },
        "34": {
            "labelled_normal": 17,
            "labelled_malicious": 388,
            "recall": 0.9580246913580247
        },
        "35": {
            "labelled_normal": 37,
            "labelled_malicious": 446,
            "recall": 0.9233954451345756
        }
    },
    "attack_categories": {
        "0": {
            "labelled_normal": 42112,
            "labelled_malicious": 918,
            "recall": 0.9786660469439926
        },
        "1": {
            "labelled_normal": 156,
            "labelled_malicious": 1383,
            "recall": 0.898635477582846
        },
        "2": {
            "labelled_normal": 206,
            "labelled_malicious": 2463,
            "recall": 0.922817534657175
        },
        "3": {
            "labelled_normal": 133,
            "labelled_malicious": 1383,
            "recall": 0.912269129287599
        },
        "4": {
            "labelled_normal": 309,
            "labelled_malicious": 5050,
            "recall": 0.9423399888038814
        },
        "5": {
            "labelled_normal": 3,
            "labelled_malicious": 1030,
            "recall": 0.9970958373668926
        },
        "6": {
            "labelled_normal": 40,
            "labelled_malicious": 407,
            "recall": 0.9105145413870246
        },
        "7": {
            "labelled_normal": 22,
            "labelled_malicious": 676,
            "recall": 0.9684813753581661
        }
    }
}