{
    "TP": 11225,
    "TN": 42107,
    "FP": 921,
    "FN": 1617,
    "accuracy": 0.9545731161625202,
    "precision": 0.92417256710028,
    "recall": 0.874085033483881,
    "attack_types": {
        "0": {
            "labelled_normal": 42107,
            "labelled_malicious": 921,
            "recall": 0.9785953332713582
        },
        "1": {
            "labelled_normal": 7,
            "labelled_malicious": 383,
            "recall": 0.982051282051282
        },
        "2": {
            "labelled_normal": 40,
            "labelled_malicious": 236,
            "recall": 0.855072463768116
        },
        "3": {
            "labelled_normal": 2,
            "labelled_malicious": 358,
            "recall": 0.9944444444444445
        },
        "4": {
            "labelled_normal": 0,
            "labelled_malicious": 368,
            "recall": 1.0
        },
        "5": {
            "labelled_normal": 7,
            "labelled_malicious": 271,
            "recall": 0.9748201438848921
        },
        "6": {
            "labelled_normal": 64,
            "labelled_malicious": 360,
            "recall": 0.8490566037735849
        },
        "7": {
            "labelled_normal": 1,
            "labelled_malicious": 326,
            "recall": 0.9969418960244648
        },
        "8": {
            "labelled_normal": 18,
            "labelled_malicious": 342,
            "recall": 0.95
        },
        "9": {
            "labelled_normal": 11,
            "labelled_malicious": 268,
            "recall": 0.9605734767025089
        },
        "10": {
            "labelled_normal": 73,
            "labelled_malicious": 244,
            "recall": 0.7697160883280757
        },
        "11": {
            "labelled_normal": 4,
            "labelled_malicious": 345,
            "recall": 0.9885386819484241
        },
        "12": {
            "labelled_normal": 7,
            "labelled_malicious": 376,
            "recall": 0.9817232375979112
        },
        "13": {
            "labelled_normal": 23,
            "labelled_malicious": 301,
            "recall": 0.9290123456790124
        },
        "14": {
            "labelled_normal": 23,
            "labelled_malicious": 298,
            "recall": 0.9283489096573209
        },
        "15": {
            "labelled_normal": 35,
            "labelled_malicious": 259,
            "recall": 0.8809523809523809
        },
        "16": {
            "labelled_normal": 6,
            "labelled_malicious": 287,
            "recall": 0.9795221843003413
        },
        "17": {
            "labelled_normal": 9,
            "labelled_malicious": 269,
            "recall": 0.9676258992805755
        },
        "18": {
            "labelled_normal": 37,
            "labelled_malicious": 371,
            "recall": 0.9093137254901961
        },
        "19": {
            "labelled_normal": 4,
            "labelled_malicious": 306,
            "recall": 0.9870967741935484
        },
        "20": {
            "labelled_normal": 1,
            "labelled_malicious": 140,
            "recall": 0.9929078014184397
        },
        "21": {
            "labelled_normal": 3,
            "labelled_malicious": 316,
            "recall": 0.9905956112852664
        },
        "22": {
            "labelled_normal": 2,
            "labelled_malicious": 315,
            "recall": 0.9936908517350158
        },
        "23": {
            "labelled_normal": 0,
            "labelled_malicious": 383,
            "recall": 1.0
        },
        "24": {
            "labelled_normal": 902,
            "labelled_malicious": 258,
            "recall": 0.22241379310344828
        },
        "25": {
            "labelled_normal": 38,
            "labelled_malicious": 259,
            "recall": 0.8720538720538721
        },
        "26": {
            "labelled_normal": 46,
            "labelled_malicious": 320,
            "recall": 0.8743169398907104
        },
        "27": {
            "labelled_normal": 30,
            "labelled_malicious": 389,
            "recall": 0.9284009546539379
        },
        "28": {
            "labelled_normal": 29,
            "labelled_malicious": 341,
            "recall": 0.9216216216216216
        },
        "29": {
            "labelled_normal": 33,
            "labelled_malicious": 333,
            "recall": 0.9098360655737705
        },
        "30": {
            "labelled_normal": 103,
            "labelled_malicious": 308,
            "recall": 0.7493917274939172
        },
        "31": {
            "labelled_normal": 1,
            "labelled_malicious": 357,
            "recall": 0.9972067039106145
        },
        "32": {
            "labelled_normal": 0,
            "labelled_malicious": 416,
            "recall": 1.0
        },
        "33": {
            "labelled_normal": 9,
            "labelled_malicious": 344,
            "recall": 0.9745042492917847
        },
        "34": {
            "labelled_normal": 14,
            "labelled_malicious": 393,
            "recall": 0.9656019656019657
        },
        "35": {
            "labelled_normal": 35,
            "labelled_malicious": 385,
            "recall": 0.9166666666666666
        }
    },
    "attack_categories": {
        "0": {
            "labelled_normal": 42107,
            "labelled_malicious": 921,
            "recall": 0.9785953332713582
        },
        "1": {
            "labelled_normal": 137,
            "labelled_malicious": 1414,
            "recall": 0.9116698903932946
        },
        "2": {
            "labelled_normal": 201,
            "labelled_malicious": 2431,
            "recall": 0.9236322188449848
        },
        "3": {
            "labelled_normal": 96,
            "labelled_malicious": 1414,
            "recall": 0.9364238410596026
        },
        "4": {
            "labelled_normal": 234,
            "labelled_malicious": 3877,
            "recall": 0.943079542690343
        },
        "5": {
            "labelled_normal": 9,
            "labelled_malicious": 937,
            "recall": 0.9904862579281184
        },
        "6": {
            "labelled_normal": 37,
            "labelled_malicious": 371,
            "recall": 0.9093137254901961
        },
        "7": {
            "labelled_normal": 903,
            "labelled_malicious": 781,
            "recall": 0.4637767220902613
        }
    }
}