{
    "TP": 12010,
    "TN": 41939,
    "FP": 874,
    "FN": 1225,
    "accuracy": 0.9625499571795604,
    "precision": 0.9321639242471282,
    "recall": 0.9074423876086135,
    "attack_types": {
        "0": {
            "labelled_normal": 41939,
            "labelled_malicious": 874,
            "recall": 0.9795856398757387
        },
        "1": {
            "labelled_normal": 14,
            "labelled_malicious": 308,
            "recall": 0.9565217391304348
        },
        "2": {
            "labelled_normal": 52,
            "labelled_malicious": 251,
            "recall": 0.8283828382838284
        },
        "3": {
            "labelled_normal": 3,
            "labelled_malicious": 359,
            "recall": 0.9917127071823204
        },
        "4": {
            "labelled_normal": 0,
            "labelled_malicious": 352,
            "recall": 1.0
        },
        "5": {
            "labelled_normal": 419,
            "labelled_malicious": 997,
            "recall": 0.7040960451977402
        },
        "6": {
            "labelled_normal": 65,
            "labelled_malicious": 341,
            "recall": 0.8399014778325123
        },
        "7": {
            "labelled_normal": 1,
            "labelled_malicious": 290,
            "recall": 0.9965635738831615
        },
        "8": {
            "labelled_normal": 18,
            "labelled_malicious": 333,
            "recall": 0.9487179487179487
        },
        "9": {
            "labelled_normal": 12,
            "labelled_malicious": 235,
            "recall": 0.951417004048583
        },
        "10": {
            "labelled_normal": 66,
            "labelled_malicious": 230,
            "recall": 0.777027027027027
        },
        "11": {
            "labelled_normal": 5,
            "labelled_malicious": 358,
            "recall": 0.9862258953168044
        },
        "12": {
            "labelled_normal": 11,
            "labelled_malicious": 449,
            "recall": 0.9760869565217392
        },
        "13": {
            "labelled_normal": 29,
            "labelled_malicious": 330,
            "recall": 0.9192200557103064
        },
        "14": {
            "labelled_normal": 22,
            "labelled_malicious": 336,
            "recall": 0.9385474860335196
        },
        "15": {
            "labelled_normal": 63,
            "labelled_malicious": 257,
            "recall": 0.803125
        },
        "16": {
            "labelled_normal": 17,
            "labelled_malicious": 343,
            "recall": 0.9527777777777777
        },
        "17": {
            "labelled_normal": 13,
            "labelled_malicious": 294,
            "recall": 0.9576547231270358
        },
        "18": {
            "labelled_normal": 37,
            "labelled_malicious": 403,
            "recall": 0.9159090909090909
        },
        "19": {
            "labelled_normal": 4,
            "labelled_malicious": 329,
            "recall": 0.987987987987988
        },
        "20": {
            "labelled_normal": 6,
            "labelled_malicious": 127,
            "recall": 0.9548872180451128
        },
        "21": {
            "labelled_normal": 2,
            "labelled_malicious": 342,
            "recall": 0.9941860465116279
        },
        "22": {
            "labelled_normal": 1,
            "labelled_malicious": 318,
            "recall": 0.9968652037617555
        },
        "23": {
            "labelled_normal": 5,
            "labelled_malicious": 452,
            "recall": 0.9890590809628009
        },
        "24": {
            "labelled_normal": 12,
            "labelled_malicious": 199,
            "recall": 0.943127962085308
        },
        "25": {
            "labelled_normal": 56,
            "labelled_malicious": 251,
            "recall": 0.8175895765472313
        },
        "26": {
            "labelled_normal": 51,
            "labelled_malicious": 292,
            "recall": 0.8513119533527697
        },
        "27": {
            "labelled_normal": 33,
            "labelled_malicious": 413,
            "recall": 0.9260089686098655
        },
        "28": {
            "labelled_normal": 31,
            "labelled_malicious": 305,
            "recall": 0.9077380952380952
        },
        "29": {
            "labelled_normal": 40,
            "labelled_malicious": 353,
            "recall": 0.8982188295165394
        },
        "30": {
            "labelled_normal": 93,
            "labelled_malicious": 300,
            "recall": 0.7633587786259542
        },
        "31": {
            "labelled_normal": 0,
            "labelled_malicious": 405,
            "recall": 1.0
        },
        "32": {
            "labelled_normal": 1,
            "labelled_malicious": 367,
            "recall": 0.9972826086956522
        },
        "33": {
            "labelled_normal": 6,
            "labelled_malicious": 311,
            "recall": 0.9810725552050473
        },
        "34": {
            "labelled_normal": 8,
            "labelled_malicious": 372,
            "recall": 0.9789473684210527
        },
        "35": {
            "labelled_normal": 29,
            "labelled_malicious": 408,
            "recall": 0.9336384439359268
        }
    },
    "attack_categories": {
        "0": {
            "labelled_normal": 41939,
            "labelled_malicious": 874,
            "recall": 0.9795856398757387
        },
        "1": {
            "labelled_normal": 134,
            "labelled_malicious": 1425,
            "recall": 0.914047466324567
        },
        "2": {
            "labelled_normal": 214,
            "labelled_malicious": 2352,
            "recall": 0.916601714731099
        },
        "3": {
            "labelled_normal": 144,
            "labelled_malicious": 1560,
            "recall": 0.9154929577464789
        },
        "4": {
            "labelled_normal": 666,
            "labelled_malicious": 4503,
            "recall": 0.8711549622751016
        },
        "5": {
            "labelled_normal": 7,
            "labelled_malicious": 989,
            "recall": 0.9929718875502008
        },
        "6": {
            "labelled_normal": 37,
            "labelled_malicious": 403,
            "recall": 0.9159090909090909
        },
        "7": {
            "labelled_normal": 23,
            "labelled_malicious": 778,
            "recall": 0.9712858926342073
        }
    }
}