{
    "TP": 12585,
    "TN": 42118,
    "FP": 912,
    "FN": 871,
    "accuracy": 0.968434656375031,
    "precision": 0.9324294287619471,
    "recall": 0.9352705112960761,
    "attack_types": {
        "0": {
            "labelled_normal": 42118,
            "labelled_malicious": 912,
            "recall": 0.9788054845456658
        },
        "1": {
            "labelled_normal": 8,
            "labelled_malicious": 310,
            "recall": 0.9748427672955975
        },
        "2": {
            "labelled_normal": 49,
            "labelled_malicious": 235,
            "recall": 0.8274647887323944
        },
        "3": {
            "labelled_normal": 2,
            "labelled_malicious": 335,
            "recall": 0.9940652818991098
        },
        "4": {
            "labelled_normal": 79,
            "labelled_malicious": 1853,
            "recall": 0.9591097308488613
        },
        "5": {
            "labelled_normal": 3,
            "labelled_malicious": 276,
            "recall": 0.989247311827957
        },
        "6": {
            "labelled_normal": 63,
            "labelled_malicious": 335,
            "recall": 0.8417085427135679
        },
        "7": {
            "labelled_normal": 3,
            "labelled_malicious": 290,
            "recall": 0.9897610921501706
        },
        "8": {
            "labelled_normal": 14,
            "labelled_malicious": 354,
            "recall": 0.9619565217391305
        },
        "9": {
            "labelled_normal": 11,
            "labelled_malicious": 251,
            "recall": 0.9580152671755725
        },
        "10": {
            "labelled_normal": 54,
            "labelled_malicious": 245,
            "recall": 0.8193979933110368
        },
        "11": {
            "labelled_normal": 2,
            "labelled_malicious": 386,
            "recall": 0.9948453608247423
        },
        "12": {
            "labelled_normal": 14,
            "labelled_malicious": 382,
            "recall": 0.9646464646464646
        },
        "13": {
            "labelled_normal": 30,
            "labelled_malicious": 248,
            "recall": 0.8920863309352518
        },
        "14": {
            "labelled_normal": 34,
            "labelled_malicious": 310,
            "recall": 0.9011627906976745
        },
        "15": {
            "labelled_normal": 43,
            "labelled_malicious": 252,
            "recall": 0.8542372881355932
        },
        "16": {
            "labelled_normal": 21,
            "labelled_malicious": 307,
            "recall": 0.9359756097560976
        },
        "17": {
            "labelled_normal": 8,
            "labelled_malicious": 263,
            "recall": 0.9704797047970479
        },
        "18": {
            "labelled_normal": 40,
            "labelled_malicious": 407,
            "recall": 0.9105145413870246
        },
        "19": {
            "labelled_normal": 0,
            "labelled_malicious": 335,
            "recall": 1.0
        },
        "20": {
            "labelled_normal": 1,
            "labelled_malicious": 125,
            "recall": 0.9920634920634921
        },
        "21": {
            "labelled_normal": 1,
            "labelled_malicious": 358,
            "recall": 0.9972144846796658
        },
        "22": {
            "labelled_normal": 2,
            "labelled_malicious": 337,
            "recall": 0.9941002949852508
        },
        "23": {
            "labelled_normal": 4,
            "labelled_malicious": 327,
            "recall": 0.9879154078549849
        },
        "24": {
            "labelled_normal": 18,
            "labelled_malicious": 223,
            "recall": 0.9253112033195021
        },
        "25": {
            "labelled_normal": 40,
            "labelled_malicious": 261,
            "recall": 0.867109634551495
        },
        "26": {
            "labelled_normal": 43,
            "labelled_malicious": 330,
            "recall": 0.8847184986595175
        },
        "27": {
            "labelled_normal": 31,
            "labelled_malicious": 374,
            "recall": 0.9234567901234568
        },
        "28": {
            "labelled_normal": 38,
            "labelled_malicious": 344,
            "recall": 0.900523560209424
        },
        "29": {
            "labelled_normal": 46,
            "labelled_malicious": 329,
            "recall": 0.8773333333333333
        },
        "30": {
            "labelled_normal": 108,
            "labelled_malicious": 331,
            "recall": 0.7539863325740319
        },
        "31": {
            "labelled_normal": 1,
            "labelled_malicious": 392,
            "recall": 0.9974554707379135
        },
        "32": {
            "labelled_normal": 1,
            "labelled_malicious": 331,
            "recall": 0.9969879518072289
        },
        "33": {
            "labelled_normal": 5,
            "labelled_malicious": 315,
            "recall": 0.984375
        },
        "34": {
            "labelled_normal": 17,
            "labelled_malicious": 388,
            "recall": 0.9580246913580247
        },
        "35": {
            "labelled_normal": 37,
            "labelled_malicious": 446,
            "recall": 0.9233954451345756
        }
    },
    "attack_categories": {
        "0": {
            "labelled_normal": 42118,
            "labelled_malicious": 912,
            "recall": 0.9788054845456658
        },
        "1": {
            "labelled_normal": 156,
            "labelled_malicious": 1383,
            "recall": 0.898635477582846
        },
        "2": {
            "labelled_normal": 211,
            "labelled_malicious": 2458,
            "recall": 0.9209441738478831
        },
        "3": {
            "labelled_normal": 136,
            "labelled_malicious": 1380,
            "recall": 0.9102902374670184
        },
        "4": {
            "labelled_normal": 302,
            "labelled_malicious": 5252,
            "recall": 0.9456247749369824
        },
        "5": {
            "labelled_normal": 3,
            "labelled_malicious": 1030,
            "recall": 0.9970958373668926
        },
        "6": {
            "labelled_normal": 40,
            "labelled_malicious": 407,
            "recall": 0.9105145413870246
        },
        "7": {
            "labelled_normal": 23,
            "labelled_malicious": 675,
            "recall": 0.9670487106017192
        }
    }
}