{
    "TP": 11913,
    "TN": 42118,
    "FP": 910,
    "FN": 1121,
    "accuracy": 0.963772252149406,
    "precision": 0.9290337674491149,
    "recall": 0.9139941690962099,
    "attack_types": {
        "0": {
            "labelled_normal": 42118,
            "labelled_malicious": 910,
            "recall": 0.9788509807567165
        },
        "1": {
            "labelled_normal": 7,
            "labelled_malicious": 383,
            "recall": 0.982051282051282
        },
        "2": {
            "labelled_normal": 40,
            "labelled_malicious": 236,
            "recall": 0.855072463768116
        },
        "3": {
            "labelled_normal": 1,
            "labelled_malicious": 359,
            "recall": 0.9972222222222222
        },
        "4": {
            "labelled_normal": 0,
            "labelled_malicious": 368,
            "recall": 1.0
        },
        "5": {
            "labelled_normal": 402,
            "labelled_malicious": 1014,
            "recall": 0.7161016949152542
        },
        "6": {
            "labelled_normal": 64,
            "labelled_malicious": 360,
            "recall": 0.8490566037735849
        },
        "7": {
            "labelled_normal": 1,
            "labelled_malicious": 326,
            "recall": 0.9969418960244648
        },
        "8": {
            "labelled_normal": 17,
            "labelled_malicious": 343,
            "recall": 0.9527777777777777
        },
        "9": {
            "labelled_normal": 13,
            "labelled_malicious": 266,
            "recall": 0.953405017921147
        },
        "10": {
            "labelled_normal": 71,
            "labelled_malicious": 246,
            "recall": 0.7760252365930599
        },
        "11": {
            "labelled_normal": 3,
            "labelled_malicious": 346,
            "recall": 0.9914040114613181
        },
        "12": {
            "labelled_normal": 7,
            "labelled_malicious": 376,
            "recall": 0.9817232375979112
        },
        "13": {
            "labelled_normal": 23,
            "labelled_malicious": 301,
            "recall": 0.9290123456790124
        },
        "14": {
            "labelled_normal": 24,
            "labelled_malicious": 297,
            "recall": 0.9252336448598131
        },
        "15": {
            "labelled_normal": 35,
            "labelled_malicious": 259,
            "recall": 0.8809523809523809
        },
        "16": {
            "labelled_normal": 7,
            "labelled_malicious": 286,
            "recall": 0.9761092150170648
        },
        "17": {
            "labelled_normal": 9,
            "labelled_malicious": 269,
            "recall": 0.9676258992805755
        },
        "18": {
            "labelled_normal": 39,
            "labelled_malicious": 369,
            "recall": 0.9044117647058824
        },
        "19": {
            "labelled_normal": 6,
            "labelled_malicious": 304,
            "recall": 0.9806451612903225
        },
        "20": {
            "labelled_normal": 1,
            "labelled_malicious": 140,
            "recall": 0.9929078014184397
        },
        "21": {
            "labelled_normal": 3,
            "labelled_malicious": 316,
            "recall": 0.9905956112852664
        },
        "22": {
            "labelled_normal": 2,
            "labelled_malicious": 315,
            "recall": 0.9936908517350158
        },
        "23": {
            "labelled_normal": 1,
            "labelled_malicious": 382,
            "recall": 0.9973890339425587
        },
        "24": {
            "labelled_normal": 11,
            "labelled_malicious": 203,
            "recall": 0.9485981308411215
        },
        "25": {
            "labelled_normal": 30,
            "labelled_malicious": 267,
            "recall": 0.898989898989899
        },
        "26": {
            "labelled_normal": 49,
            "labelled_malicious": 317,
            "recall": 0.8661202185792349
        },
        "27": {
            "labelled_normal": 30,
            "labelled_malicious": 389,
            "recall": 0.9284009546539379
        },
        "28": {
            "labelled_normal": 29,
            "labelled_malicious": 341,
            "recall": 0.9216216216216216
        },
        "29": {
            "labelled_normal": 34,
            "labelled_malicious": 332,
            "recall": 0.907103825136612
        },
        "30": {
            "labelled_normal": 104,
            "labelled_malicious": 307,
            "recall": 0.7469586374695864
        },
        "31": {
            "labelled_normal": 0,
            "labelled_malicious": 358,
            "recall": 1.0
        },
        "32": {
            "labelled_normal": 0,
            "labelled_malicious": 416,
            "recall": 1.0
        },
        "33": {
            "labelled_normal": 9,
            "labelled_malicious": 344,
            "recall": 0.9745042492917847
        },
        "34": {
            "labelled_normal": 14,
            "labelled_malicious": 393,
            "recall": 0.9656019656019657
        },
        "35": {
            "labelled_normal": 35,
            "labelled_malicious": 385,
            "recall": 0.9166666666666666
        }
    },
    "attack_categories": {
        "0": {
            "labelled_normal": 42118,
            "labelled_malicious": 910,
            "recall": 0.9788509807567165
        },
        "1": {
            "labelled_normal": 138,
            "labelled_malicious": 1413,
            "recall": 0.9110251450676983
        },
        "2": {
            "labelled_normal": 196,
            "labelled_malicious": 2436,
            "recall": 0.925531914893617
        },
        "3": {
            "labelled_normal": 98,
            "labelled_malicious": 1412,
            "recall": 0.9350993377483444
        },
        "4": {
            "labelled_normal": 626,
            "labelled_malicious": 4623,
            "recall": 0.8807391884168413
        },
        "5": {
            "labelled_normal": 11,
            "labelled_malicious": 935,
            "recall": 0.9883720930232558
        },
        "6": {
            "labelled_normal": 39,
            "labelled_malicious": 369,
            "recall": 0.9044117647058824
        },
        "7": {
            "labelled_normal": 13,
            "labelled_malicious": 725,
            "recall": 0.9823848238482384
        }
    }
}