{
    "TP": 11555,
    "TN": 42114,
    "FP": 914,
    "FN": 2006,
    "accuracy": 0.9483998656982806,
    "precision": 0.9266982115646804,
    "recall": 0.8520758056190546,
    "attack_types": {
        "0": {
            "labelled_normal": 42114,
            "labelled_malicious": 914,
            "recall": 0.978758018034768
        },
        "1": {
            "labelled_normal": 7,
            "labelled_malicious": 383,
            "recall": 0.982051282051282
        },
        "2": {
            "labelled_normal": 39,
            "labelled_malicious": 237,
            "recall": 0.8586956521739131
        },
        "3": {
            "labelled_normal": 2,
            "labelled_malicious": 358,
            "recall": 0.9944444444444445
        },
        "4": {
            "labelled_normal": 0,
            "labelled_malicious": 368,
            "recall": 1.0
        },
        "5": {
            "labelled_normal": 6,
            "labelled_malicious": 272,
            "recall": 0.9784172661870504
        },
        "6": {
            "labelled_normal": 64,
            "labelled_malicious": 360,
            "recall": 0.8490566037735849
        },
        "7": {
            "labelled_normal": 1,
            "labelled_malicious": 326,
            "recall": 0.9969418960244648
        },
        "8": {
            "labelled_normal": 18,
            "labelled_malicious": 342,
            "recall": 0.95
        },
        "9": {
            "labelled_normal": 11,
            "labelled_malicious": 268,
            "recall": 0.9605734767025089
        },
        "10": {
            "labelled_normal": 73,
            "labelled_malicious": 244,
            "recall": 0.7697160883280757
        },
        "11": {
            "labelled_normal": 3,
            "labelled_malicious": 346,
            "recall": 0.9914040114613181
        },
        "12": {
            "labelled_normal": 7,
            "labelled_malicious": 376,
            "recall": 0.9817232375979112
        },
        "13": {
            "labelled_normal": 23,
            "labelled_malicious": 301,
            "recall": 0.9290123456790124
        },
        "14": {
            "labelled_normal": 23,
            "labelled_malicious": 298,
            "recall": 0.9283489096573209
        },
        "15": {
            "labelled_normal": 35,
            "labelled_malicious": 259,
            "recall": 0.8809523809523809
        },
        "16": {
            "labelled_normal": 5,
            "labelled_malicious": 288,
            "recall": 0.9829351535836177
        },
        "17": {
            "labelled_normal": 9,
            "labelled_malicious": 269,
            "recall": 0.9676258992805755
        },
        "18": {
            "labelled_normal": 37,
            "labelled_malicious": 371,
            "recall": 0.9093137254901961
        },
        "19": {
            "labelled_normal": 6,
            "labelled_malicious": 304,
            "recall": 0.9806451612903225
        },
        "20": {
            "labelled_normal": 2,
            "labelled_malicious": 139,
            "recall": 0.9858156028368794
        },
        "21": {
            "labelled_normal": 4,
            "labelled_malicious": 315,
            "recall": 0.987460815047022
        },
        "22": {
            "labelled_normal": 2,
            "labelled_malicious": 315,
            "recall": 0.9936908517350158
        },
        "23": {
            "labelled_normal": 1280,
            "labelled_malicious": 768,
            "recall": 0.375
        },
        "24": {
            "labelled_normal": 11,
            "labelled_malicious": 203,
            "recall": 0.9485981308411215
        },
        "25": {
            "labelled_normal": 40,
            "labelled_malicious": 257,
            "recall": 0.8653198653198653
        },
        "26": {
            "labelled_normal": 42,
            "labelled_malicious": 324,
            "recall": 0.8852459016393442
        },
        "27": {
            "labelled_normal": 30,
            "labelled_malicious": 389,
            "recall": 0.9284009546539379
        },
        "28": {
            "labelled_normal": 29,
            "labelled_malicious": 341,
            "recall": 0.9216216216216216
        },
        "29": {
            "labelled_normal": 34,
            "labelled_malicious": 332,
            "recall": 0.907103825136612
        },
        "30": {
            "labelled_normal": 104,
            "labelled_malicious": 307,
            "recall": 0.7469586374695864
        },
        "31": {
            "labelled_normal": 1,
            "labelled_malicious": 357,
            "recall": 0.9972067039106145
        },
        "32": {
            "labelled_normal": 0,
            "labelled_malicious": 416,
            "recall": 1.0
        },
        "33": {
            "labelled_normal": 9,
            "labelled_malicious": 344,
            "recall": 0.9745042492917847
        },
        "34": {
            "labelled_normal": 14,
            "labelled_malicious": 393,
            "recall": 0.9656019656019657
        },
        "35": {
            "labelled_normal": 35,
            "labelled_malicious": 385,
            "recall": 0.9166666666666666
        }
    },
    "attack_categories": {
        "0": {
            "labelled_normal": 42114,
            "labelled_malicious": 914,
            "recall": 0.978758018034768
        },
        "1": {
            "labelled_normal": 139,
            "labelled_malicious": 1412,
            "recall": 0.9103803997421018
        },
        "2": {
            "labelled_normal": 199,
            "labelled_malicious": 2433,
            "recall": 0.9243920972644377
        },
        "3": {
            "labelled_normal": 95,
            "labelled_malicious": 1415,
            "recall": 0.9370860927152318
        },
        "4": {
            "labelled_normal": 231,
            "labelled_malicious": 3880,
            "recall": 0.9438092921430309
        },
        "5": {
            "labelled_normal": 12,
            "labelled_malicious": 934,
            "recall": 0.9873150105708245
        },
        "6": {
            "labelled_normal": 37,
            "labelled_malicious": 371,
            "recall": 0.9093137254901961
        },
        "7": {
            "labelled_normal": 1293,
            "labelled_malicious": 1110,
            "recall": 0.46192259675405745
        }
    }
}