{
    "TP": 11401,
    "TN": 41933,
    "FP": 880,
    "FN": 1888,
    "accuracy": 0.9506612954974867,
    "precision": 0.928344597345493,
    "recall": 0.8579276093009256,
    "attack_types": {
        "0": {
            "labelled_normal": 41933,
            "labelled_malicious": 880,
            "recall": 0.9794454955270595
        },
        "1": {
            "labelled_normal": 13,
            "labelled_malicious": 309,
            "recall": 0.9596273291925466
        },
        "2": {
            "labelled_normal": 59,
            "labelled_malicious": 244,
            "recall": 0.8052805280528053
        },
        "3": {
            "labelled_normal": 5,
            "labelled_malicious": 357,
            "recall": 0.9861878453038674
        },
        "4": {
            "labelled_normal": 0,
            "labelled_malicious": 352,
            "recall": 1.0
        },
        "5": {
            "labelled_normal": 7,
            "labelled_malicious": 285,
            "recall": 0.976027397260274
        },
        "6": {
            "labelled_normal": 58,
            "labelled_malicious": 348,
            "recall": 0.8571428571428571
        },
        "7": {
            "labelled_normal": 1,
            "labelled_malicious": 290,
            "recall": 0.9965635738831615
        },
        "8": {
            "labelled_normal": 22,
            "labelled_malicious": 329,
            "recall": 0.9373219373219374
        },
        "9": {
            "labelled_normal": 12,
            "labelled_malicious": 235,
            "recall": 0.951417004048583
        },
        "10": {
            "labelled_normal": 1146,
            "labelled_malicious": 328,
            "recall": 0.2225237449118046
        },
        "11": {
            "labelled_normal": 7,
            "labelled_malicious": 356,
            "recall": 0.9807162534435262
        },
        "12": {
            "labelled_normal": 8,
            "labelled_malicious": 452,
            "recall": 0.9826086956521739
        },
        "13": {
            "labelled_normal": 23,
            "labelled_malicious": 336,
            "recall": 0.935933147632312
        },
        "14": {
            "labelled_normal": 26,
            "labelled_malicious": 332,
            "recall": 0.9273743016759777
        },
        "15": {
            "labelled_normal": 65,
            "labelled_malicious": 255,
            "recall": 0.796875
        },
        "16": {
            "labelled_normal": 17,
            "labelled_malicious": 343,
            "recall": 0.9527777777777777
        },
        "17": {
            "labelled_normal": 13,
            "labelled_malicious": 294,
            "recall": 0.9576547231270358
        },
        "18": {
            "labelled_normal": 38,
            "labelled_malicious": 402,
            "recall": 0.9136363636363637
        },
        "19": {
            "labelled_normal": 0,
            "labelled_malicious": 333,
            "recall": 1.0
        },
        "20": {
            "labelled_normal": 6,
            "labelled_malicious": 127,
            "recall": 0.9548872180451128
        },
        "21": {
            "labelled_normal": 2,
            "labelled_malicious": 342,
            "recall": 0.9941860465116279
        },
        "22": {
            "labelled_normal": 0,
            "labelled_malicious": 319,
            "recall": 1.0
        },
        "23": {
            "labelled_normal": 6,
            "labelled_malicious": 451,
            "recall": 0.986870897155361
        },
        "24": {
            "labelled_normal": 13,
            "labelled_malicious": 198,
            "recall": 0.9383886255924171
        },
        "25": {
            "labelled_normal": 55,
            "labelled_malicious": 252,
            "recall": 0.8208469055374593
        },
        "26": {
            "labelled_normal": 41,
            "labelled_malicious": 302,
            "recall": 0.880466472303207
        },
        "27": {
            "labelled_normal": 33,
            "labelled_malicious": 413,
            "recall": 0.9260089686098655
        },
        "28": {
            "labelled_normal": 31,
            "labelled_malicious": 305,
            "recall": 0.9077380952380952
        },
        "29": {
            "labelled_normal": 43,
            "labelled_malicious": 350,
            "recall": 0.8905852417302799
        },
        "30": {
            "labelled_normal": 93,
            "labelled_malicious": 300,
            "recall": 0.7633587786259542
        },
        "31": {
            "labelled_normal": 0,
            "labelled_malicious": 405,
            "recall": 1.0
        },
        "32": {
            "labelled_normal": 1,
            "labelled_malicious": 367,
            "recall": 0.9972826086956522
        },
        "33": {
            "labelled_normal": 6,
            "labelled_malicious": 311,
            "recall": 0.9810725552050473
        },
        "34": {
            "labelled_normal": 9,
            "labelled_malicious": 371,
            "recall": 0.9763157894736842
        },
        "35": {
            "labelled_normal": 29,
            "labelled_malicious": 408,
            "recall": 0.9336384439359268
        }
    },
    "attack_categories": {
        "0": {
            "labelled_normal": 41933,
            "labelled_malicious": 880,
            "recall": 0.9794454955270595
        },
        "1": {
            "labelled_normal": 137,
            "labelled_malicious": 1422,
            "recall": 0.9121231558691469
        },
        "2": {
            "labelled_normal": 204,
            "labelled_malicious": 2362,
            "recall": 0.9204988308651598
        },
        "3": {
            "labelled_normal": 144,
            "labelled_malicious": 1560,
            "recall": 0.9154929577464789
        },
        "4": {
            "labelled_normal": 1338,
            "labelled_malicious": 3885,
            "recall": 0.7438253877082137
        },
        "5": {
            "labelled_normal": 2,
            "labelled_malicious": 994,
            "recall": 0.9979919678714859
        },
        "6": {
            "labelled_normal": 38,
            "labelled_malicious": 402,
            "recall": 0.9136363636363637
        },
        "7": {
            "labelled_normal": 25,
            "labelled_malicious": 776,
            "recall": 0.968789013732834
        }
    }
}