{
    "TP": 11722,
    "TN": 42168,
    "FP": 862,
    "FN": 1905,
    "accuracy": 0.9511622570909155,
    "precision": 0.9315003178639543,
    "recall": 0.8602040067513026,
    "attack_types": {
        "0": {
            "labelled_normal": 42168,
            "labelled_malicious": 862,
            "recall": 0.9799674645596096
        },
        "1": {
            "labelled_normal": 9,
            "labelled_malicious": 309,
            "recall": 0.9716981132075472
        },
        "2": {
            "labelled_normal": 45,
            "labelled_malicious": 239,
            "recall": 0.8415492957746479
        },
        "3": {
            "labelled_normal": 1,
            "labelled_malicious": 336,
            "recall": 0.9970326409495549
        },
        "4": {
            "labelled_normal": 0,
            "labelled_malicious": 374,
            "recall": 1.0
        },
        "5": {
            "labelled_normal": 2,
            "labelled_malicious": 277,
            "recall": 0.992831541218638
        },
        "6": {
            "labelled_normal": 64,
            "labelled_malicious": 334,
            "recall": 0.8391959798994975
        },
        "7": {
            "labelled_normal": 3,
            "labelled_malicious": 290,
            "recall": 0.9897610921501706
        },
        "8": {
            "labelled_normal": 14,
            "labelled_malicious": 354,
            "recall": 0.9619565217391305
        },
        "9": {
            "labelled_normal": 15,
            "labelled_malicious": 247,
            "recall": 0.9427480916030534
        },
        "10": {
            "labelled_normal": 52,
            "labelled_malicious": 247,
            "recall": 0.8260869565217391
        },
        "11": {
            "labelled_normal": 4,
            "labelled_malicious": 384,
            "recall": 0.9896907216494846
        },
        "12": {
            "labelled_normal": 12,
            "labelled_malicious": 384,
            "recall": 0.9696969696969697
        },
        "13": {
            "labelled_normal": 26,
            "labelled_malicious": 252,
            "recall": 0.9064748201438849
        },
        "14": {
            "labelled_normal": 30,
            "labelled_malicious": 314,
            "recall": 0.9127906976744186
        },
        "15": {
            "labelled_normal": 46,
            "labelled_malicious": 249,
            "recall": 0.8440677966101695
        },
        "16": {
            "labelled_normal": 17,
            "labelled_malicious": 311,
            "recall": 0.948170731707317
        },
        "17": {
            "labelled_normal": 7,
            "labelled_malicious": 264,
            "recall": 0.974169741697417
        },
        "18": {
            "labelled_normal": 1169,
            "labelled_malicious": 1007,
            "recall": 0.46277573529411764
        },
        "19": {
            "labelled_normal": 0,
            "labelled_malicious": 335,
            "recall": 1.0
        },
        "20": {
            "labelled_normal": 1,
            "labelled_malicious": 125,
            "recall": 0.9920634920634921
        },
        "21": {
            "labelled_normal": 1,
            "labelled_malicious": 358,
            "recall": 0.9972144846796658
        },
        "22": {
            "labelled_normal": 2,
            "labelled_malicious": 337,
            "recall": 0.9941002949852508
        },
        "23": {
            "labelled_normal": 3,
            "labelled_malicious": 328,
            "recall": 0.9909365558912386
        },
        "24": {
            "labelled_normal": 18,
            "labelled_malicious": 223,
            "recall": 0.9253112033195021
        },
        "25": {
            "labelled_normal": 37,
            "labelled_malicious": 264,
            "recall": 0.8770764119601329
        },
        "26": {
            "labelled_normal": 41,
            "labelled_malicious": 332,
            "recall": 0.8900804289544236
        },
        "27": {
            "labelled_normal": 30,
            "labelled_malicious": 375,
            "recall": 0.9259259259259259
        },
        "28": {
            "labelled_normal": 37,
            "labelled_malicious": 345,
            "recall": 0.9031413612565445
        },
        "29": {
            "labelled_normal": 47,
            "labelled_malicious": 328,
            "recall": 0.8746666666666667
        },
        "30": {
            "labelled_normal": 108,
            "labelled_malicious": 331,
            "recall": 0.7539863325740319
        },
        "31": {
            "labelled_normal": 1,
            "labelled_malicious": 392,
            "recall": 0.9974554707379135
        },
        "32": {
            "labelled_normal": 2,
            "labelled_malicious": 330,
            "recall": 0.9939759036144579
        },
        "33": {
            "labelled_normal": 5,
            "labelled_malicious": 315,
            "recall": 0.984375
        },
        "34": {
            "labelled_normal": 18,
            "labelled_malicious": 387,
            "recall": 0.9555555555555556
        },
        "35": {
            "labelled_normal": 38,
            "labelled_malicious": 445,
            "recall": 0.9213250517598344
        }
    },
    "attack_categories": {
        "0": {
            "labelled_normal": 42168,
            "labelled_malicious": 862,
            "recall": 0.9799674645596096
        },
        "1": {
            "labelled_normal": 158,
            "labelled_malicious": 1381,
            "recall": 0.8973359324236517
        },
        "2": {
            "labelled_normal": 206,
            "labelled_malicious": 2463,
            "recall": 0.922817534657175
        },
        "3": {
            "labelled_normal": 126,
            "labelled_malicious": 1390,
            "recall": 0.91688654353562
        },
        "4": {
            "labelled_normal": 221,
            "labelled_malicious": 3775,
            "recall": 0.9446946946946947
        },
        "5": {
            "labelled_normal": 3,
            "labelled_malicious": 1030,
            "recall": 0.9970958373668926
        },
        "6": {
            "labelled_normal": 1169,
            "labelled_malicious": 1007,
            "recall": 0.46277573529411764
        },
        "7": {
            "labelled_normal": 22,
            "labelled_malicious": 676,
            "recall": 0.9684813753581661
        }
    }
}