{
    "TP": 12665,
    "TN": 42114,
    "FP": 914,
    "FN": 795,
    "accuracy": 0.9697457867157626,
    "precision": 0.9326901833713823,
    "recall": 0.9409361069836553,
    "attack_types": {
        "0": {
            "labelled_normal": 42114,
            "labelled_malicious": 914,
            "recall": 0.978758018034768
        },
        "1": {
            "labelled_normal": 7,
            "labelled_malicious": 383,
            "recall": 0.982051282051282
        },
        "2": {
            "labelled_normal": 39,
            "labelled_malicious": 237,
            "recall": 0.8586956521739131
        },
        "3": {
            "labelled_normal": 0,
            "labelled_malicious": 360,
            "recall": 1.0
        },
        "4": {
            "labelled_normal": 63,
            "labelled_malicious": 1869,
            "recall": 0.967391304347826
        },
        "5": {
            "labelled_normal": 6,
            "labelled_malicious": 272,
            "recall": 0.9784172661870504
        },
        "6": {
            "labelled_normal": 64,
            "labelled_malicious": 360,
            "recall": 0.8490566037735849
        },
        "7": {
            "labelled_normal": 1,
            "labelled_malicious": 326,
            "recall": 0.9969418960244648
        },
        "8": {
            "labelled_normal": 16,
            "labelled_malicious": 344,
            "recall": 0.9555555555555556
        },
        "9": {
            "labelled_normal": 13,
            "labelled_malicious": 266,
            "recall": 0.953405017921147
        },
        "10": {
            "labelled_normal": 72,
            "labelled_malicious": 245,
            "recall": 0.7728706624605678
        },
        "11": {
            "labelled_normal": 4,
            "labelled_malicious": 345,
            "recall": 0.9885386819484241
        },
        "12": {
            "labelled_normal": 7,
            "labelled_malicious": 376,
            "recall": 0.9817232375979112
        },
        "13": {
            "labelled_normal": 23,
            "labelled_malicious": 301,
            "recall": 0.9290123456790124
        },
        "14": {
            "labelled_normal": 23,
            "labelled_malicious": 298,
            "recall": 0.9283489096573209
        },
        "15": {
            "labelled_normal": 35,
            "labelled_malicious": 259,
            "recall": 0.8809523809523809
        },
        "16": {
            "labelled_normal": 5,
            "labelled_malicious": 288,
            "recall": 0.9829351535836177
        },
        "17": {
            "labelled_normal": 9,
            "labelled_malicious": 269,
            "recall": 0.9676258992805755
        },
        "18": {
            "labelled_normal": 37,
            "labelled_malicious": 371,
            "recall": 0.9093137254901961
        },
        "19": {
            "labelled_normal": 6,
            "labelled_malicious": 304,
            "recall": 0.9806451612903225
        },
        "20": {
            "labelled_normal": 1,
            "labelled_malicious": 140,
            "recall": 0.9929078014184397
        },
        "21": {
            "labelled_normal": 4,
            "labelled_malicious": 315,
            "recall": 0.987460815047022
        },
        "22": {
            "labelled_normal": 2,
            "labelled_malicious": 315,
            "recall": 0.9936908517350158
        },
        "23": {
            "labelled_normal": 1,
            "labelled_malicious": 382,
            "recall": 0.9973890339425587
        },
        "24": {
            "labelled_normal": 12,
            "labelled_malicious": 202,
            "recall": 0.9439252336448598
        },
        "25": {
            "labelled_normal": 38,
            "labelled_malicious": 259,
            "recall": 0.8720538720538721
        },
        "26": {
            "labelled_normal": 50,
            "labelled_malicious": 316,
            "recall": 0.8633879781420765
        },
        "27": {
            "labelled_normal": 30,
            "labelled_malicious": 389,
            "recall": 0.9284009546539379
        },
        "28": {
            "labelled_normal": 29,
            "labelled_malicious": 341,
            "recall": 0.9216216216216216
        },
        "29": {
            "labelled_normal": 35,
            "labelled_malicious": 331,
            "recall": 0.9043715846994536
        },
        "30": {
            "labelled_normal": 104,
            "labelled_malicious": 307,
            "recall": 0.7469586374695864
        },
        "31": {
            "labelled_normal": 1,
            "labelled_malicious": 357,
            "recall": 0.9972067039106145
        },
        "32": {
            "labelled_normal": 0,
            "labelled_malicious": 416,
            "recall": 1.0
        },
        "33": {
            "labelled_normal": 9,
            "labelled_malicious": 344,
            "recall": 0.9745042492917847
        },
        "34": {
            "labelled_normal": 14,
            "labelled_malicious": 393,
            "recall": 0.9656019656019657
        },
        "35": {
            "labelled_normal": 35,
            "labelled_malicious": 385,
            "recall": 0.9166666666666666
        }
    },
    "attack_categories": {
        "0": {
            "labelled_normal": 42114,
            "labelled_malicious": 914,
            "recall": 0.978758018034768
        },
        "1": {
            "labelled_normal": 140,
            "labelled_malicious": 1411,
            "recall": 0.9097356544165055
        },
        "2": {
            "labelled_normal": 205,
            "labelled_malicious": 2427,
            "recall": 0.922112462006079
        },
        "3": {
            "labelled_normal": 95,
            "labelled_malicious": 1415,
            "recall": 0.9370860927152318
        },
        "4": {
            "labelled_normal": 292,
            "labelled_malicious": 5383,
            "recall": 0.948546255506608
        },
        "5": {
            "labelled_normal": 12,
            "labelled_malicious": 934,
            "recall": 0.9873150105708245
        },
        "6": {
            "labelled_normal": 37,
            "labelled_malicious": 371,
            "recall": 0.9093137254901961
        },
        "7": {
            "labelled_normal": 14,
            "labelled_malicious": 724,
            "recall": 0.981029810298103
        }
    }
}