{
    "TP": 11303,
    "TN": 41943,
    "FP": 870,
    "FN": 808,
    "accuracy": 0.9694486927390576,
    "precision": 0.9285303540622689,
    "recall": 0.9332837915944183,
    "attack_types": {
        "0": {
            "labelled_normal": 41943,
            "labelled_malicious": 870,
            "recall": 0.9796790694415247
        },
        "1": {
            "labelled_normal": 14,
            "labelled_malicious": 308,
            "recall": 0.9565217391304348
        },
        "2": {
            "labelled_normal": 54,
            "labelled_malicious": 249,
            "recall": 0.8217821782178217
        },
        "3": {
            "labelled_normal": 4,
            "labelled_malicious": 358,
            "recall": 0.988950276243094
        },
        "4": {
            "labelled_normal": 0,
            "labelled_malicious": 352,
            "recall": 1.0
        },
        "5": {
            "labelled_normal": 6,
            "labelled_malicious": 286,
            "recall": 0.9794520547945206
        },
        "6": {
            "labelled_normal": 66,
            "labelled_malicious": 340,
            "recall": 0.8374384236453202
        },
        "7": {
            "labelled_normal": 1,
            "labelled_malicious": 290,
            "recall": 0.9965635738831615
        },
        "8": {
            "labelled_normal": 18,
            "labelled_malicious": 333,
            "recall": 0.9487179487179487
        },
        "9": {
            "labelled_normal": 12,
            "labelled_malicious": 235,
            "recall": 0.951417004048583
        },
        "10": {
            "labelled_normal": 65,
            "labelled_malicious": 231,
            "recall": 0.7804054054054054
        },
        "11": {
            "labelled_normal": 5,
            "labelled_malicious": 358,
            "recall": 0.9862258953168044
        },
        "12": {
            "labelled_normal": 9,
            "labelled_malicious": 451,
            "recall": 0.9804347826086957
        },
        "13": {
            "labelled_normal": 30,
            "labelled_malicious": 329,
            "recall": 0.9164345403899722
        },
        "14": {
            "labelled_normal": 24,
            "labelled_malicious": 334,
            "recall": 0.9329608938547486
        },
        "15": {
            "labelled_normal": 63,
            "labelled_malicious": 257,
            "recall": 0.803125
        },
        "16": {
            "labelled_normal": 17,
            "labelled_malicious": 343,
            "recall": 0.9527777777777777
        },
        "17": {
            "labelled_normal": 10,
            "labelled_malicious": 297,
            "recall": 0.9674267100977199
        },
        "18": {
            "labelled_normal": 36,
            "labelled_malicious": 404,
            "recall": 0.9181818181818182
        },
        "19": {
            "labelled_normal": 4,
            "labelled_malicious": 329,
            "recall": 0.987987987987988
        },
        "20": {
            "labelled_normal": 6,
            "labelled_malicious": 127,
            "recall": 0.9548872180451128
        },
        "21": {
            "labelled_normal": 1,
            "labelled_malicious": 343,
            "recall": 0.997093023255814
        },
        "22": {
            "labelled_normal": 0,
            "labelled_malicious": 319,
            "recall": 1.0
        },
        "23": {
            "labelled_normal": 5,
            "labelled_malicious": 452,
            "recall": 0.9890590809628009
        },
        "24": {
            "labelled_normal": 12,
            "labelled_malicious": 199,
            "recall": 0.943127962085308
        },
        "25": {
            "labelled_normal": 58,
            "labelled_malicious": 249,
            "recall": 0.8110749185667753
        },
        "26": {
            "labelled_normal": 49,
            "labelled_malicious": 294,
            "recall": 0.8571428571428571
        },
        "27": {
            "labelled_normal": 33,
            "labelled_malicious": 413,
            "recall": 0.9260089686098655
        },
        "28": {
            "labelled_normal": 29,
            "labelled_malicious": 307,
            "recall": 0.9136904761904762
        },
        "29": {
            "labelled_normal": 40,
            "labelled_malicious": 353,
            "recall": 0.8982188295165394
        },
        "30": {
            "labelled_normal": 93,
            "labelled_malicious": 300,
            "recall": 0.7633587786259542
        },
        "31": {
            "labelled_normal": 0,
            "labelled_malicious": 405,
            "recall": 1.0
        },
        "32": {
            "labelled_normal": 1,
            "labelled_malicious": 367,
            "recall": 0.9972826086956522
        },
        "33": {
            "labelled_normal": 6,
            "labelled_malicious": 311,
            "recall": 0.9810725552050473
        },
        "34": {
            "labelled_normal": 8,
            "labelled_malicious": 372,
            "recall": 0.9789473684210527
        },
        "35": {
            "labelled_normal": 29,
            "labelled_malicious": 408,
            "recall": 0.9336384439359268
        }
    },
    "attack_categories": {
        "0": {
            "labelled_normal": 41943,
            "labelled_malicious": 870,
            "recall": 0.9796790694415247
        },
        "1": {
            "labelled_normal": 134,
            "labelled_malicious": 1425,
            "recall": 0.914047466324567
        },
        "2": {
            "labelled_normal": 212,
            "labelled_malicious": 2354,
            "recall": 0.9173811379579111
        },
        "3": {
            "labelled_normal": 144,
            "labelled_malicious": 1560,
            "recall": 0.9154929577464789
        },
        "4": {
            "labelled_normal": 254,
            "labelled_malicious": 3791,
            "recall": 0.9372064276885044
        },
        "5": {
            "labelled_normal": 5,
            "labelled_malicious": 991,
            "recall": 0.9949799196787149
        },
        "6": {
            "labelled_normal": 36,
            "labelled_malicious": 404,
            "recall": 0.9181818181818182
        },
        "7": {
            "labelled_normal": 23,
            "labelled_malicious": 778,
            "recall": 0.9712858926342073
        }
    }
}