{
    "TP": 11595,
    "TN": 41926,
    "FP": 887,
    "FN": 3589,
    "accuracy": 0.9228235943238443,
    "precision": 0.9289376702451531,
    "recall": 0.7636327713382508,
    "attack_types": {
        "0": {
            "labelled_normal": 41926,
            "labelled_malicious": 887,
            "recall": 0.9792819937869339
        },
        "1": {
            "labelled_normal": 14,
            "labelled_malicious": 308,
            "recall": 0.9565217391304348
        },
        "2": {
            "labelled_normal": 52,
            "labelled_malicious": 251,
            "recall": 0.8283828382838284
        },
        "3": {
            "labelled_normal": 4,
            "labelled_malicious": 358,
            "recall": 0.988950276243094
        },
        "4": {
            "labelled_normal": 0,
            "labelled_malicious": 352,
            "recall": 1.0
        },
        "5": {
            "labelled_normal": 7,
            "labelled_malicious": 285,
            "recall": 0.976027397260274
        },
        "6": {
            "labelled_normal": 68,
            "labelled_malicious": 338,
            "recall": 0.8325123152709359
        },
        "7": {
            "labelled_normal": 1,
            "labelled_malicious": 290,
            "recall": 0.9965635738831615
        },
        "8": {
            "labelled_normal": 17,
            "labelled_malicious": 334,
            "recall": 0.9515669515669516
        },
        "9": {
            "labelled_normal": 12,
            "labelled_malicious": 235,
            "recall": 0.951417004048583
        },
        "10": {
            "labelled_normal": 65,
            "labelled_malicious": 231,
            "recall": 0.7804054054054054
        },
        "11": {
            "labelled_normal": 6,
            "labelled_malicious": 357,
            "recall": 0.9834710743801653
        },
        "12": {
            "labelled_normal": 10,
            "labelled_malicious": 450,
            "recall": 0.9782608695652174
        },
        "13": {
            "labelled_normal": 26,
            "labelled_malicious": 333,
            "recall": 0.9275766016713092
        },
        "14": {
            "labelled_normal": 24,
            "labelled_malicious": 334,
            "recall": 0.9329608938547486
        },
        "15": {
            "labelled_normal": 64,
            "labelled_malicious": 256,
            "recall": 0.8
        },
        "16": {
            "labelled_normal": 18,
            "labelled_malicious": 342,
            "recall": 0.95
        },
        "17": {
            "labelled_normal": 8,
            "labelled_malicious": 299,
            "recall": 0.9739413680781759
        },
        "18": {
            "labelled_normal": 37,
            "labelled_malicious": 403,
            "recall": 0.9159090909090909
        },
        "19": {
            "labelled_normal": 3,
            "labelled_malicious": 330,
            "recall": 0.990990990990991
        },
        "20": {
            "labelled_normal": 133,
            "labelled_malicious": 533,
            "recall": 0.8003003003003003
        },
        "21": {
            "labelled_normal": 3,
            "labelled_malicious": 341,
            "recall": 0.9912790697674418
        },
        "22": {
            "labelled_normal": 0,
            "labelled_malicious": 319,
            "recall": 1.0
        },
        "23": {
            "labelled_normal": 1670,
            "labelled_malicious": 378,
            "recall": 0.1845703125
        },
        "24": {
            "labelled_normal": 994,
            "labelled_malicious": 166,
            "recall": 0.14310344827586208
        },
        "25": {
            "labelled_normal": 58,
            "labelled_malicious": 249,
            "recall": 0.8110749185667753
        },
        "26": {
            "labelled_normal": 49,
            "labelled_malicious": 294,
            "recall": 0.8571428571428571
        },
        "27": {
            "labelled_normal": 32,
            "labelled_malicious": 414,
            "recall": 0.9282511210762332
        },
        "28": {
            "labelled_normal": 30,
            "labelled_malicious": 306,
            "recall": 0.9107142857142857
        },
        "29": {
            "labelled_normal": 47,
            "labelled_malicious": 346,
            "recall": 0.8804071246819338
        },
        "30": {
            "labelled_normal": 93,
            "labelled_malicious": 300,
            "recall": 0.7633587786259542
        },
        "31": {
            "labelled_normal": 0,
            "labelled_malicious": 405,
            "recall": 1.0
        },
        "32": {
            "labelled_normal": 1,
            "labelled_malicious": 367,
            "recall": 0.9972826086956522
        },
        "33": {
            "labelled_normal": 6,
            "labelled_malicious": 311,
            "recall": 0.9810725552050473
        },
        "34": {
            "labelled_normal": 8,
            "labelled_malicious": 372,
            "recall": 0.9789473684210527
        },
        "35": {
            "labelled_normal": 29,
            "labelled_malicious": 408,
            "recall": 0.9336384439359268
        }
    },
    "attack_categories": {
        "0": {
            "labelled_normal": 41926,
            "labelled_malicious": 887,
            "recall": 0.9792819937869339
        },
        "1": {
            "labelled_normal": 141,
            "labelled_malicious": 1418,
            "recall": 0.9095574085952534
        },
        "2": {
            "labelled_normal": 212,
            "labelled_malicious": 2354,
            "recall": 0.9173811379579111
        },
        "3": {
            "labelled_normal": 140,
            "labelled_malicious": 1564,
            "recall": 0.9178403755868545
        },
        "4": {
            "labelled_normal": 256,
            "labelled_malicious": 3789,
            "recall": 0.9367119901112485
        },
        "5": {
            "labelled_normal": 6,
            "labelled_malicious": 990,
            "recall": 0.9939759036144579
        },
        "6": {
            "labelled_normal": 37,
            "labelled_malicious": 403,
            "recall": 0.9159090909090909
        },
        "7": {
            "labelled_normal": 2797,
            "labelled_malicious": 1077,
            "recall": 0.2780072276716572
        }
    }
}