{
    "TP": 11900,
    "TN": 42109,
    "FP": 921,
    "FN": 1297,
    "accuracy": 0.96055275935049,
    "precision": 0.9281647297402699,
    "recall": 0.9017200878987649,
    "attack_types": {
        "0": {
            "labelled_normal": 42109,
            "labelled_malicious": 921,
            "recall": 0.9785963281431559
        },
        "1": {
            "labelled_normal": 9,
            "labelled_malicious": 309,
            "recall": 0.9716981132075472
        },
        "2": {
            "labelled_normal": 48,
            "labelled_malicious": 236,
            "recall": 0.8309859154929577
        },
        "3": {
            "labelled_normal": 2,
            "labelled_malicious": 335,
            "recall": 0.9940652818991098
        },
        "4": {
            "labelled_normal": 0,
            "labelled_malicious": 374,
            "recall": 1.0
        },
        "5": {
            "labelled_normal": 2,
            "labelled_malicious": 277,
            "recall": 0.992831541218638
        },
        "6": {
            "labelled_normal": 62,
            "labelled_malicious": 336,
            "recall": 0.8442211055276382
        },
        "7": {
            "labelled_normal": 3,
            "labelled_malicious": 290,
            "recall": 0.9897610921501706
        },
        "8": {
            "labelled_normal": 14,
            "labelled_malicious": 354,
            "recall": 0.9619565217391305
        },
        "9": {
            "labelled_normal": 14,
            "labelled_malicious": 248,
            "recall": 0.9465648854961832
        },
        "10": {
            "labelled_normal": 52,
            "labelled_malicious": 247,
            "recall": 0.8260869565217391
        },
        "11": {
            "labelled_normal": 3,
            "labelled_malicious": 385,
            "recall": 0.9922680412371134
        },
        "12": {
            "labelled_normal": 12,
            "labelled_malicious": 384,
            "recall": 0.9696969696969697
        },
        "13": {
            "labelled_normal": 30,
            "labelled_malicious": 248,
            "recall": 0.8920863309352518
        },
        "14": {
            "labelled_normal": 31,
            "labelled_malicious": 313,
            "recall": 0.9098837209302325
        },
        "15": {
            "labelled_normal": 43,
            "labelled_malicious": 252,
            "recall": 0.8542372881355932
        },
        "16": {
            "labelled_normal": 20,
            "labelled_malicious": 308,
            "recall": 0.9390243902439024
        },
        "17": {
            "labelled_normal": 8,
            "labelled_malicious": 263,
            "recall": 0.9704797047970479
        },
        "18": {
            "labelled_normal": 40,
            "labelled_malicious": 407,
            "recall": 0.9105145413870246
        },
        "19": {
            "labelled_normal": 513,
            "labelled_malicious": 1121,
            "recall": 0.686046511627907
        },
        "20": {
            "labelled_normal": 2,
            "labelled_malicious": 124,
            "recall": 0.9841269841269841
        },
        "21": {
            "labelled_normal": 1,
            "labelled_malicious": 358,
            "recall": 0.9972144846796658
        },
        "22": {
            "labelled_normal": 2,
            "labelled_malicious": 337,
            "recall": 0.9941002949852508
        },
        "23": {
            "labelled_normal": 4,
            "labelled_malicious": 327,
            "recall": 0.9879154078549849
        },
        "24": {
            "labelled_normal": 20,
            "labelled_malicious": 221,
            "recall": 0.91701244813278
        },
        "25": {
            "labelled_normal": 40,
            "labelled_malicious": 261,
            "recall": 0.867109634551495
        },
        "26": {
            "labelled_normal": 38,
            "labelled_malicious": 335,
            "recall": 0.8981233243967829
        },
        "27": {
            "labelled_normal": 31,
            "labelled_malicious": 374,
            "recall": 0.9234567901234568
        },
        "28": {
            "labelled_normal": 37,
            "labelled_malicious": 345,
            "recall": 0.9031413612565445
        },
        "29": {
            "labelled_normal": 47,
            "labelled_malicious": 328,
            "recall": 0.8746666666666667
        },
        "30": {
            "labelled_normal": 108,
            "labelled_malicious": 331,
            "recall": 0.7539863325740319
        },
        "31": {
            "labelled_normal": 1,
            "labelled_malicious": 392,
            "recall": 0.9974554707379135
        },
        "32": {
            "labelled_normal": 1,
            "labelled_malicious": 331,
            "recall": 0.9969879518072289
        },
        "33": {
            "labelled_normal": 5,
            "labelled_malicious": 315,
            "recall": 0.984375
        },
        "34": {
            "labelled_normal": 17,
            "labelled_malicious": 388,
            "recall": 0.9580246913580247
        },
        "35": {
            "labelled_normal": 37,
            "labelled_malicious": 446,
            "recall": 0.9233954451345756
        }
    },
    "attack_categories": {
        "0": {
            "labelled_normal": 42109,
            "labelled_malicious": 921,
            "recall": 0.9785963281431559
        },
        "1": {
            "labelled_normal": 157,
            "labelled_malicious": 1382,
            "recall": 0.8979857050032488
        },
        "2": {
            "labelled_normal": 205,
            "labelled_malicious": 2464,
            "recall": 0.9231922068190334
        },
        "3": {
            "labelled_normal": 132,
            "labelled_malicious": 1384,
            "recall": 0.9129287598944591
        },
        "4": {
            "labelled_normal": 221,
            "labelled_malicious": 3775,
            "recall": 0.9446946946946947
        },
        "5": {
            "labelled_normal": 516,
            "labelled_malicious": 1816,
            "recall": 0.7787307032590052
        },
        "6": {
            "labelled_normal": 40,
            "labelled_malicious": 407,
            "recall": 0.9105145413870246
        },
        "7": {
            "labelled_normal": 26,
            "labelled_malicious": 672,
            "recall": 0.9627507163323782
        }
    }
}