{
    "TP": 11275,
    "TN": 41982,
    "FP": 883,
    "FN": 1880,
    "accuracy": 0.9506783291681542,
    "precision": 0.9273729231781543,
    "recall": 0.8570885594830863,
    "attack_types": {
        "0": {
            "labelled_normal": 41982,
            "labelled_malicious": 883,
            "recall": 0.9794004432520704
        },
        "1": {
            "labelled_normal": 12,
            "labelled_malicious": 366,
            "recall": 0.9682539682539683
        },
        "2": {
            "labelled_normal": 49,
            "labelled_malicious": 242,
            "recall": 0.8316151202749141
        },
        "3": {
            "labelled_normal": 0,
            "labelled_malicious": 295,
            "recall": 1.0
        },
        "4": {
            "labelled_normal": 0,
            "labelled_malicious": 413,
            "recall": 1.0
        },
        "5": {
            "labelled_normal": 6,
            "labelled_malicious": 268,
            "recall": 0.9781021897810219
        },
        "6": {
            "labelled_normal": 70,
            "labelled_malicious": 348,
            "recall": 0.8325358851674641
        },
        "7": {
            "labelled_normal": 4,
            "labelled_malicious": 301,
            "recall": 0.9868852459016394
        },
        "8": {
            "labelled_normal": 18,
            "labelled_malicious": 332,
            "recall": 0.9485714285714286
        },
        "9": {
            "labelled_normal": 1111,
            "labelled_malicious": 285,
            "recall": 0.20415472779369628
        },
        "10": {
            "labelled_normal": 67,
            "labelled_malicious": 219,
            "recall": 0.7657342657342657
        },
        "11": {
            "labelled_normal": 1,
            "labelled_malicious": 336,
            "recall": 0.9970326409495549
        },
        "12": {
            "labelled_normal": 3,
            "labelled_malicious": 450,
            "recall": 0.9933774834437086
        },
        "13": {
            "labelled_normal": 18,
            "labelled_malicious": 301,
            "recall": 0.9435736677115988
        },
        "14": {
            "labelled_normal": 21,
            "labelled_malicious": 320,
            "recall": 0.9384164222873901
        },
        "15": {
            "labelled_normal": 56,
            "labelled_malicious": 281,
            "recall": 0.8338278931750742
        },
        "16": {
            "labelled_normal": 21,
            "labelled_malicious": 320,
            "recall": 0.9384164222873901
        },
        "17": {
            "labelled_normal": 10,
            "labelled_malicious": 265,
            "recall": 0.9636363636363636
        },
        "18": {
            "labelled_normal": 37,
            "labelled_malicious": 416,
            "recall": 0.9183222958057395
        },
        "19": {
            "labelled_normal": 2,
            "labelled_malicious": 314,
            "recall": 0.9936708860759493
        },
        "20": {
            "labelled_normal": 0,
            "labelled_malicious": 145,
            "recall": 1.0
        },
        "21": {
            "labelled_normal": 0,
            "labelled_malicious": 336,
            "recall": 1.0
        },
        "22": {
            "labelled_normal": 1,
            "labelled_malicious": 273,
            "recall": 0.9963503649635036
        },
        "23": {
            "labelled_normal": 3,
            "labelled_malicious": 450,
            "recall": 0.9933774834437086
        },
        "24": {
            "labelled_normal": 16,
            "labelled_malicious": 222,
            "recall": 0.9327731092436975
        },
        "25": {
            "labelled_normal": 41,
            "labelled_malicious": 231,
            "recall": 0.8492647058823529
        },
        "26": {
            "labelled_normal": 52,
            "labelled_malicious": 344,
            "recall": 0.8686868686868687
        },
        "27": {
            "labelled_normal": 39,
            "labelled_malicious": 369,
            "recall": 0.9044117647058824
        },
        "28": {
            "labelled_normal": 33,
            "labelled_malicious": 331,
            "recall": 0.9093406593406593
        },
        "29": {
            "labelled_normal": 26,
            "labelled_malicious": 339,
            "recall": 0.9287671232876712
        },
        "30": {
            "labelled_normal": 94,
            "labelled_malicious": 337,
            "recall": 0.7819025522041764
        },
        "31": {
            "labelled_normal": 0,
            "labelled_malicious": 354,
            "recall": 1.0
        },
        "32": {
            "labelled_normal": 1,
            "labelled_malicious": 385,
            "recall": 0.9974093264248705
        },
        "33": {
            "labelled_normal": 10,
            "labelled_malicious": 298,
            "recall": 0.9675324675324676
        },
        "34": {
            "labelled_normal": 16,
            "labelled_malicious": 398,
            "recall": 0.961352657004831
        },
        "35": {
            "labelled_normal": 42,
            "labelled_malicious": 391,
            "recall": 0.9030023094688222
        }
    },
    "attack_categories": {
        "0": {
            "labelled_normal": 41982,
            "labelled_malicious": 883,
            "recall": 0.9794004432520704
        },
        "1": {
            "labelled_normal": 121,
            "labelled_malicious": 1415,
            "recall": 0.9212239583333334
        },
        "2": {
            "labelled_normal": 233,
            "labelled_malicious": 2362,
            "recall": 0.9102119460500964
        },
        "3": {
            "labelled_normal": 126,
            "labelled_malicious": 1487,
            "recall": 0.9218846869187849
        },
        "4": {
            "labelled_normal": 1341,
            "labelled_malicious": 3855,
            "recall": 0.7419168591224018
        },
        "5": {
            "labelled_normal": 3,
            "labelled_malicious": 923,
            "recall": 0.9967602591792657
        },
        "6": {
            "labelled_normal": 37,
            "labelled_malicious": 416,
            "recall": 0.9183222958057395
        },
        "7": {
            "labelled_normal": 19,
            "labelled_malicious": 817,
            "recall": 0.9772727272727273
        }
    }
}