{
    "TP": 11998,
    "TN": 42093,
    "FP": 935,
    "FN": 1300,
    "accuracy": 0.960320278379434,
    "precision": 0.9277043222763474,
    "recall": 0.9022409384869905,
    "attack_types": {
        "0": {
            "labelled_normal": 42093,
            "labelled_malicious": 935,
            "recall": 0.9782699637445385
        },
        "1": {
            "labelled_normal": 579,
            "labelled_malicious": 1213,
            "recall": 0.6768973214285714
        },
        "2": {
            "labelled_normal": 39,
            "labelled_malicious": 237,
            "recall": 0.8586956521739131
        },
        "3": {
            "labelled_normal": 3,
            "labelled_malicious": 357,
            "recall": 0.9916666666666667
        },
        "4": {
            "labelled_normal": 0,
            "labelled_malicious": 368,
            "recall": 1.0
        },
        "5": {
            "labelled_normal": 6,
            "labelled_malicious": 272,
            "recall": 0.9784172661870504
        },
        "6": {
            "labelled_normal": 64,
            "labelled_malicious": 360,
            "recall": 0.8490566037735849
        },
        "7": {
            "labelled_normal": 1,
            "labelled_malicious": 326,
            "recall": 0.9969418960244648
        },
        "8": {
            "labelled_normal": 19,
            "labelled_malicious": 341,
            "recall": 0.9472222222222222
        },
        "9": {
            "labelled_normal": 12,
            "labelled_malicious": 267,
            "recall": 0.956989247311828
        },
        "10": {
            "labelled_normal": 73,
            "labelled_malicious": 244,
            "recall": 0.7697160883280757
        },
        "11": {
            "labelled_normal": 3,
            "labelled_malicious": 346,
            "recall": 0.9914040114613181
        },
        "12": {
            "labelled_normal": 9,
            "labelled_malicious": 374,
            "recall": 0.9765013054830287
        },
        "13": {
            "labelled_normal": 23,
            "labelled_malicious": 301,
            "recall": 0.9290123456790124
        },
        "14": {
            "labelled_normal": 22,
            "labelled_malicious": 299,
            "recall": 0.9314641744548287
        },
        "15": {
            "labelled_normal": 35,
            "labelled_malicious": 259,
            "recall": 0.8809523809523809
        },
        "16": {
            "labelled_normal": 5,
            "labelled_malicious": 288,
            "recall": 0.9829351535836177
        },
        "17": {
            "labelled_normal": 9,
            "labelled_malicious": 269,
            "recall": 0.9676258992805755
        },
        "18": {
            "labelled_normal": 37,
            "labelled_malicious": 371,
            "recall": 0.9093137254901961
        },
        "19": {
            "labelled_normal": 5,
            "labelled_malicious": 305,
            "recall": 0.9838709677419355
        },
        "20": {
            "labelled_normal": 1,
            "labelled_malicious": 140,
            "recall": 0.9929078014184397
        },
        "21": {
            "labelled_normal": 1,
            "labelled_malicious": 318,
            "recall": 0.9968652037617555
        },
        "22": {
            "labelled_normal": 3,
            "labelled_malicious": 314,
            "recall": 0.9905362776025236
        },
        "23": {
            "labelled_normal": 1,
            "labelled_malicious": 382,
            "recall": 0.9973890339425587
        },
        "24": {
            "labelled_normal": 11,
            "labelled_malicious": 203,
            "recall": 0.9485981308411215
        },
        "25": {
            "labelled_normal": 34,
            "labelled_malicious": 263,
            "recall": 0.8855218855218855
        },
        "26": {
            "labelled_normal": 50,
            "labelled_malicious": 316,
            "recall": 0.8633879781420765
        },
        "27": {
            "labelled_normal": 30,
            "labelled_malicious": 389,
            "recall": 0.9284009546539379
        },
        "28": {
            "labelled_normal": 29,
            "labelled_malicious": 341,
            "recall": 0.9216216216216216
        },
        "29": {
            "labelled_normal": 34,
            "labelled_malicious": 332,
            "recall": 0.907103825136612
        },
        "30": {
            "labelled_normal": 103,
            "labelled_malicious": 308,
            "recall": 0.7493917274939172
        },
        "31": {
            "labelled_normal": 1,
            "labelled_malicious": 357,
            "recall": 0.9972067039106145
        },
        "32": {
            "labelled_normal": 0,
            "labelled_malicious": 416,
            "recall": 1.0
        },
        "33": {
            "labelled_normal": 9,
            "labelled_malicious": 344,
            "recall": 0.9745042492917847
        },
        "34": {
            "labelled_normal": 14,
            "labelled_malicious": 393,
            "recall": 0.9656019656019657
        },
        "35": {
            "labelled_normal": 35,
            "labelled_malicious": 385,
            "recall": 0.9166666666666666
        }
    },
    "attack_categories": {
        "0": {
            "labelled_normal": 42093,
            "labelled_malicious": 935,
            "recall": 0.9782699637445385
        },
        "1": {
            "labelled_normal": 138,
            "labelled_malicious": 1413,
            "recall": 0.9110251450676983
        },
        "2": {
            "labelled_normal": 201,
            "labelled_malicious": 2431,
            "recall": 0.9236322188449848
        },
        "3": {
            "labelled_normal": 94,
            "labelled_malicious": 1416,
            "recall": 0.937748344370861
        },
        "4": {
            "labelled_normal": 808,
            "labelled_malicious": 4705,
            "recall": 0.8534373299473971
        },
        "5": {
            "labelled_normal": 9,
            "labelled_malicious": 937,
            "recall": 0.9904862579281184
        },
        "6": {
            "labelled_normal": 37,
            "labelled_malicious": 371,
            "recall": 0.9093137254901961
        },
        "7": {
            "labelled_normal": 13,
            "labelled_malicious": 725,
            "recall": 0.9823848238482384
        }
    }
}