{
    "TP": 11248,
    "TN": 41959,
    "FP": 881,
    "FN": 2200,
    "accuracy": 0.945263644115975,
    "precision": 0.9273641685217248,
    "recall": 0.8364069006543724,
    "attack_types": {
        "0": {
            "labelled_normal": 41959,
            "labelled_malicious": 881,
            "recall": 0.9794351073762838
        },
        "1": {
            "labelled_normal": 1,
            "labelled_malicious": 383,
            "recall": 0.9973958333333334
        },
        "2": {
            "labelled_normal": 69,
            "labelled_malicious": 237,
            "recall": 0.7745098039215687
        },
        "3": {
            "labelled_normal": 4,
            "labelled_malicious": 342,
            "recall": 0.9884393063583815
        },
        "4": {
            "labelled_normal": 0,
            "labelled_malicious": 425,
            "recall": 1.0
        },
        "5": {
            "labelled_normal": 1,
            "labelled_malicious": 292,
            "recall": 0.9965870307167235
        },
        "6": {
            "labelled_normal": 49,
            "labelled_malicious": 331,
            "recall": 0.8710526315789474
        },
        "7": {
            "labelled_normal": 4,
            "labelled_malicious": 292,
            "recall": 0.9864864864864865
        },
        "8": {
            "labelled_normal": 10,
            "labelled_malicious": 359,
            "recall": 0.9728997289972899
        },
        "9": {
            "labelled_normal": 14,
            "labelled_malicious": 294,
            "recall": 0.9545454545454546
        },
        "10": {
            "labelled_normal": 56,
            "labelled_malicious": 220,
            "recall": 0.7971014492753623
        },
        "11": {
            "labelled_normal": 5,
            "labelled_malicious": 392,
            "recall": 0.9874055415617129
        },
        "12": {
            "labelled_normal": 2,
            "labelled_malicious": 378,
            "recall": 0.9947368421052631
        },
        "13": {
            "labelled_normal": 28,
            "labelled_malicious": 286,
            "recall": 0.910828025477707
        },
        "14": {
            "labelled_normal": 1423,
            "labelled_malicious": 253,
            "recall": 0.1509546539379475
        },
        "15": {
            "labelled_normal": 44,
            "labelled_malicious": 268,
            "recall": 0.8589743589743589
        },
        "16": {
            "labelled_normal": 23,
            "labelled_malicious": 313,
            "recall": 0.9315476190476191
        },
        "17": {
            "labelled_normal": 8,
            "labelled_malicious": 275,
            "recall": 0.9717314487632509
        },
        "18": {
            "labelled_normal": 43,
            "labelled_malicious": 385,
            "recall": 0.8995327102803738
        },
        "19": {
            "labelled_normal": 1,
            "labelled_malicious": 339,
            "recall": 0.9970588235294118
        },
        "20": {
            "labelled_normal": 2,
            "labelled_malicious": 119,
            "recall": 0.9834710743801653
        },
        "21": {
            "labelled_normal": 1,
            "labelled_malicious": 363,
            "recall": 0.9972527472527473
        },
        "22": {
            "labelled_normal": 5,
            "labelled_malicious": 288,
            "recall": 0.9829351535836177
        },
        "23": {
            "labelled_normal": 2,
            "labelled_malicious": 422,
            "recall": 0.9952830188679245
        },
        "24": {
            "labelled_normal": 15,
            "labelled_malicious": 241,
            "recall": 0.94140625
        },
        "25": {
            "labelled_normal": 54,
            "labelled_malicious": 241,
            "recall": 0.8169491525423729
        },
        "26": {
            "labelled_normal": 42,
            "labelled_malicious": 288,
            "recall": 0.8727272727272727
        },
        "27": {
            "labelled_normal": 24,
            "labelled_malicious": 377,
            "recall": 0.940149625935162
        },
        "28": {
            "labelled_normal": 44,
            "labelled_malicious": 362,
            "recall": 0.8916256157635468
        },
        "29": {
            "labelled_normal": 38,
            "labelled_malicious": 319,
            "recall": 0.8935574229691877
        },
        "30": {
            "labelled_normal": 127,
            "labelled_malicious": 319,
            "recall": 0.7152466367713004
        },
        "31": {
            "labelled_normal": 1,
            "labelled_malicious": 395,
            "recall": 0.9974747474747475
        },
        "32": {
            "labelled_normal": 2,
            "labelled_malicious": 367,
            "recall": 0.994579945799458
        },
        "33": {
            "labelled_normal": 18,
            "labelled_malicious": 288,
            "recall": 0.9411764705882353
        },
        "34": {
            "labelled_normal": 12,
            "labelled_malicious": 392,
            "recall": 0.9702970297029703
        },
        "35": {
            "labelled_normal": 28,
            "labelled_malicious": 403,
            "recall": 0.9350348027842227
        }
    },
    "attack_categories": {
        "0": {
            "labelled_normal": 41959,
            "labelled_malicious": 881,
            "recall": 0.9794351073762838
        },
        "1": {
            "labelled_normal": 168,
            "labelled_malicious": 1400,
            "recall": 0.8928571428571429
        },
        "2": {
            "labelled_normal": 222,
            "labelled_malicious": 2351,
            "recall": 0.9137193937038477
        },
        "3": {
            "labelled_normal": 1526,
            "labelled_malicious": 1395,
            "recall": 0.4775761725436494
        },
        "4": {
            "labelled_normal": 215,
            "labelled_malicious": 3945,
            "recall": 0.9483173076923077
        },
        "5": {
            "labelled_normal": 7,
            "labelled_malicious": 990,
            "recall": 0.9929789368104313
        },
        "6": {
            "labelled_normal": 43,
            "labelled_malicious": 385,
            "recall": 0.8995327102803738
        },
        "7": {
            "labelled_normal": 19,
            "labelled_malicious": 782,
            "recall": 0.9762796504369539
        }
    }
}