{
    "TP": 11577,
    "TN": 42108,
    "FP": 922,
    "FN": 861,
    "accuracy": 0.967855340015865,
    "precision": 0.9262340987278982,
    "recall": 0.9307766521948866,
    "attack_types": {
        "0": {
            "labelled_normal": 42108,
            "labelled_malicious": 922,
            "recall": 0.9785730885428771
        },
        "1": {
            "labelled_normal": 9,
            "labelled_malicious": 309,
            "recall": 0.9716981132075472
        },
        "2": {
            "labelled_normal": 48,
            "labelled_malicious": 236,
            "recall": 0.8309859154929577
        },
        "3": {
            "labelled_normal": 2,
            "labelled_malicious": 335,
            "recall": 0.9940652818991098
        },
        "4": {
            "labelled_normal": 0,
            "labelled_malicious": 374,
            "recall": 1.0
        },
        "5": {
            "labelled_normal": 3,
            "labelled_malicious": 276,
            "recall": 0.989247311827957
        },
        "6": {
            "labelled_normal": 63,
            "labelled_malicious": 335,
            "recall": 0.8417085427135679
        },
        "7": {
            "labelled_normal": 3,
            "labelled_malicious": 290,
            "recall": 0.9897610921501706
        },
        "8": {
            "labelled_normal": 14,
            "labelled_malicious": 354,
            "recall": 0.9619565217391305
        },
        "9": {
            "labelled_normal": 14,
            "labelled_malicious": 248,
            "recall": 0.9465648854961832
        },
        "10": {
            "labelled_normal": 56,
            "labelled_malicious": 243,
            "recall": 0.8127090301003345
        },
        "11": {
            "labelled_normal": 2,
            "labelled_malicious": 386,
            "recall": 0.9948453608247423
        },
        "12": {
            "labelled_normal": 13,
            "labelled_malicious": 383,
            "recall": 0.9671717171717171
        },
        "13": {
            "labelled_normal": 30,
            "labelled_malicious": 248,
            "recall": 0.8920863309352518
        },
        "14": {
            "labelled_normal": 34,
            "labelled_malicious": 310,
            "recall": 0.9011627906976745
        },
        "15": {
            "labelled_normal": 43,
            "labelled_malicious": 252,
            "recall": 0.8542372881355932
        },
        "16": {
            "labelled_normal": 21,
            "labelled_malicious": 307,
            "recall": 0.9359756097560976
        },
        "17": {
            "labelled_normal": 8,
            "labelled_malicious": 263,
            "recall": 0.9704797047970479
        },
        "18": {
            "labelled_normal": 40,
            "labelled_malicious": 407,
            "recall": 0.9105145413870246
        },
        "19": {
            "labelled_normal": 0,
            "labelled_malicious": 335,
            "recall": 1.0
        },
        "20": {
            "labelled_normal": 69,
            "labelled_malicious": 597,
            "recall": 0.8963963963963963
        },
        "21": {
            "labelled_normal": 1,
            "labelled_malicious": 358,
            "recall": 0.9972144846796658
        },
        "22": {
            "labelled_normal": 3,
            "labelled_malicious": 336,
            "recall": 0.9911504424778761
        },
        "23": {
            "labelled_normal": 4,
            "labelled_malicious": 327,
            "recall": 0.9879154078549849
        },
        "24": {
            "labelled_normal": 19,
            "labelled_malicious": 222,
            "recall": 0.921161825726141
        },
        "25": {
            "labelled_normal": 34,
            "labelled_malicious": 267,
            "recall": 0.8870431893687708
        },
        "26": {
            "labelled_normal": 42,
            "labelled_malicious": 331,
            "recall": 0.8873994638069705
        },
        "27": {
            "labelled_normal": 31,
            "labelled_malicious": 374,
            "recall": 0.9234567901234568
        },
        "28": {
            "labelled_normal": 38,
            "labelled_malicious": 344,
            "recall": 0.900523560209424
        },
        "29": {
            "labelled_normal": 48,
            "labelled_malicious": 327,
            "recall": 0.872
        },
        "30": {
            "labelled_normal": 108,
            "labelled_malicious": 331,
            "recall": 0.7539863325740319
        },
        "31": {
            "labelled_normal": 1,
            "labelled_malicious": 392,
            "recall": 0.9974554707379135
        },
        "32": {
            "labelled_normal": 1,
            "labelled_malicious": 331,
            "recall": 0.9969879518072289
        },
        "33": {
            "labelled_normal": 5,
            "labelled_malicious": 315,
            "recall": 0.984375
        },
        "34": {
            "labelled_normal": 17,
            "labelled_malicious": 388,
            "recall": 0.9580246913580247
        },
        "35": {
            "labelled_normal": 37,
            "labelled_malicious": 446,
            "recall": 0.9233954451345756
        }
    },
    "attack_categories": {
        "0": {
            "labelled_normal": 42108,
            "labelled_malicious": 922,
            "recall": 0.9785730885428771
        },
        "1": {
            "labelled_normal": 158,
            "labelled_malicious": 1381,
            "recall": 0.8973359324236517
        },
        "2": {
            "labelled_normal": 204,
            "labelled_malicious": 2465,
            "recall": 0.9235668789808917
        },
        "3": {
            "labelled_normal": 136,
            "labelled_malicious": 1380,
            "recall": 0.9102902374670184
        },
        "4": {
            "labelled_normal": 227,
            "labelled_malicious": 3769,
            "recall": 0.9431931931931932
        },
        "5": {
            "labelled_normal": 4,
            "labelled_malicious": 1029,
            "recall": 0.9961277831558567
        },
        "6": {
            "labelled_normal": 40,
            "labelled_malicious": 407,
            "recall": 0.9105145413870246
        },
        "7": {
            "labelled_normal": 92,
            "labelled_malicious": 1146,
            "recall": 0.925686591276252
        }
    }
}