{
    "TP": 12100,
    "TN": 42106,
    "FP": 922,
    "FN": 1199,
    "accuracy": 0.9623448790100663,
    "precision": 0.9291967439717401,
    "recall": 0.9098428453267163,
    "attack_types": {
        "0": {
            "labelled_normal": 42106,
            "labelled_malicious": 922,
            "recall": 0.9785720925908711
        },
        "1": {
            "labelled_normal": 7,
            "labelled_malicious": 383,
            "recall": 0.982051282051282
        },
        "2": {
            "labelled_normal": 40,
            "labelled_malicious": 236,
            "recall": 0.855072463768116
        },
        "3": {
            "labelled_normal": 0,
            "labelled_malicious": 360,
            "recall": 1.0
        },
        "4": {
            "labelled_normal": 0,
            "labelled_malicious": 368,
            "recall": 1.0
        },
        "5": {
            "labelled_normal": 6,
            "labelled_malicious": 272,
            "recall": 0.9784172661870504
        },
        "6": {
            "labelled_normal": 64,
            "labelled_malicious": 360,
            "recall": 0.8490566037735849
        },
        "7": {
            "labelled_normal": 1,
            "labelled_malicious": 326,
            "recall": 0.9969418960244648
        },
        "8": {
            "labelled_normal": 19,
            "labelled_malicious": 341,
            "recall": 0.9472222222222222
        },
        "9": {
            "labelled_normal": 12,
            "labelled_malicious": 267,
            "recall": 0.956989247311828
        },
        "10": {
            "labelled_normal": 73,
            "labelled_malicious": 244,
            "recall": 0.7697160883280757
        },
        "11": {
            "labelled_normal": 4,
            "labelled_malicious": 345,
            "recall": 0.9885386819484241
        },
        "12": {
            "labelled_normal": 7,
            "labelled_malicious": 376,
            "recall": 0.9817232375979112
        },
        "13": {
            "labelled_normal": 23,
            "labelled_malicious": 301,
            "recall": 0.9290123456790124
        },
        "14": {
            "labelled_normal": 24,
            "labelled_malicious": 297,
            "recall": 0.9252336448598131
        },
        "15": {
            "labelled_normal": 35,
            "labelled_malicious": 259,
            "recall": 0.8809523809523809
        },
        "16": {
            "labelled_normal": 5,
            "labelled_malicious": 288,
            "recall": 0.9829351535836177
        },
        "17": {
            "labelled_normal": 9,
            "labelled_malicious": 269,
            "recall": 0.9676258992805755
        },
        "18": {
            "labelled_normal": 36,
            "labelled_malicious": 372,
            "recall": 0.9117647058823529
        },
        "19": {
            "labelled_normal": 6,
            "labelled_malicious": 304,
            "recall": 0.9806451612903225
        },
        "20": {
            "labelled_normal": 1,
            "labelled_malicious": 140,
            "recall": 0.9929078014184397
        },
        "21": {
            "labelled_normal": 477,
            "labelled_malicious": 1245,
            "recall": 0.7229965156794426
        },
        "22": {
            "labelled_normal": 3,
            "labelled_malicious": 314,
            "recall": 0.9905362776025236
        },
        "23": {
            "labelled_normal": 2,
            "labelled_malicious": 381,
            "recall": 0.9947780678851175
        },
        "24": {
            "labelled_normal": 11,
            "labelled_malicious": 203,
            "recall": 0.9485981308411215
        },
        "25": {
            "labelled_normal": 31,
            "labelled_malicious": 266,
            "recall": 0.8956228956228957
        },
        "26": {
            "labelled_normal": 46,
            "labelled_malicious": 320,
            "recall": 0.8743169398907104
        },
        "27": {
            "labelled_normal": 30,
            "labelled_malicious": 389,
            "recall": 0.9284009546539379
        },
        "28": {
            "labelled_normal": 29,
            "labelled_malicious": 341,
            "recall": 0.9216216216216216
        },
        "29": {
            "labelled_normal": 35,
            "labelled_malicious": 331,
            "recall": 0.9043715846994536
        },
        "30": {
            "labelled_normal": 104,
            "labelled_malicious": 307,
            "recall": 0.7469586374695864
        },
        "31": {
            "labelled_normal": 1,
            "labelled_malicious": 357,
            "recall": 0.9972067039106145
        },
        "32": {
            "labelled_normal": 0,
            "labelled_malicious": 416,
            "recall": 1.0
        },
        "33": {
            "labelled_normal": 9,
            "labelled_malicious": 344,
            "recall": 0.9745042492917847
        },
        "34": {
            "labelled_normal": 14,
            "labelled_malicious": 393,
            "recall": 0.9656019656019657
        },
        "35": {
            "labelled_normal": 35,
            "labelled_malicious": 385,
            "recall": 0.9166666666666666
        }
    },
    "attack_categories": {
        "0": {
            "labelled_normal": 42106,
            "labelled_malicious": 922,
            "recall": 0.9785720925908711
        },
        "1": {
            "labelled_normal": 140,
            "labelled_malicious": 1411,
            "recall": 0.9097356544165055
        },
        "2": {
            "labelled_normal": 194,
            "labelled_malicious": 2438,
            "recall": 0.9262917933130699
        },
        "3": {
            "labelled_normal": 96,
            "labelled_malicious": 1414,
            "recall": 0.9364238410596026
        },
        "4": {
            "labelled_normal": 233,
            "labelled_malicious": 3878,
            "recall": 0.9433227925079056
        },
        "5": {
            "labelled_normal": 486,
            "labelled_malicious": 1863,
            "recall": 0.7931034482758621
        },
        "6": {
            "labelled_normal": 36,
            "labelled_malicious": 372,
            "recall": 0.9117647058823529
        },
        "7": {
            "labelled_normal": 14,
            "labelled_malicious": 724,
            "recall": 0.981029810298103
        }
    }
}