{
    "TP": 15285,
    "TN": 41994,
    "FP": 846,
    "FN": 2984,
    "accuracy": 0.937325107594626,
    "precision": 0.9475543983633997,
    "recall": 0.83666319995621,
    "attack_types": {
        "0": {
            "labelled_normal": 41994,
            "labelled_malicious": 846,
            "recall": 0.9802521008403361
        },
        "1": {
            "labelled_normal": 1,
            "labelled_malicious": 383,
            "recall": 0.9973958333333334
        },
        "2": {
            "labelled_normal": 69,
            "labelled_malicious": 237,
            "recall": 0.7745098039215687
        },
        "3": {
            "labelled_normal": 0,
            "labelled_malicious": 346,
            "recall": 1.0
        },
        "4": {
            "labelled_normal": 0,
            "labelled_malicious": 425,
            "recall": 1.0
        },
        "5": {
            "labelled_normal": 0,
            "labelled_malicious": 293,
            "recall": 1.0
        },
        "6": {
            "labelled_normal": 53,
            "labelled_malicious": 327,
            "recall": 0.8605263157894737
        },
        "7": {
            "labelled_normal": 4,
            "labelled_malicious": 292,
            "recall": 0.9864864864864865
        },
        "8": {
            "labelled_normal": 11,
            "labelled_malicious": 358,
            "recall": 0.9701897018970189
        },
        "9": {
            "labelled_normal": 17,
            "labelled_malicious": 291,
            "recall": 0.9448051948051948
        },
        "10": {
            "labelled_normal": 55,
            "labelled_malicious": 221,
            "recall": 0.8007246376811594
        },
        "11": {
            "labelled_normal": 4,
            "labelled_malicious": 393,
            "recall": 0.9899244332493703
        },
        "12": {
            "labelled_normal": 3,
            "labelled_malicious": 377,
            "recall": 0.9921052631578947
        },
        "13": {
            "labelled_normal": 29,
            "labelled_malicious": 285,
            "recall": 0.9076433121019108
        },
        "14": {
            "labelled_normal": 34,
            "labelled_malicious": 278,
            "recall": 0.8910256410256411
        },
        "15": {
            "labelled_normal": 50,
            "labelled_malicious": 262,
            "recall": 0.8397435897435898
        },
        "16": {
            "labelled_normal": 23,
            "labelled_malicious": 313,
            "recall": 0.9315476190476191
        },
        "17": {
            "labelled_normal": 9,
            "labelled_malicious": 274,
            "recall": 0.9681978798586572
        },
        "18": {
            "labelled_normal": 41,
            "labelled_malicious": 387,
            "recall": 0.9042056074766355
        },
        "19": {
            "labelled_normal": 2,
            "labelled_malicious": 338,
            "recall": 0.9941176470588236
        },
        "20": {
            "labelled_normal": 2,
            "labelled_malicious": 119,
            "recall": 0.9834710743801653
        },
        "21": {
            "labelled_normal": 4,
            "labelled_malicious": 360,
            "recall": 0.989010989010989
        },
        "22": {
            "labelled_normal": 5,
            "labelled_malicious": 288,
            "recall": 0.9829351535836177
        },
        "23": {
            "labelled_normal": 4,
            "labelled_malicious": 420,
            "recall": 0.9905660377358491
        },
        "24": {
            "labelled_normal": 14,
            "labelled_malicious": 242,
            "recall": 0.9453125
        },
        "25": {
            "labelled_normal": 51,
            "labelled_malicious": 244,
            "recall": 0.8271186440677966
        },
        "26": {
            "labelled_normal": 44,
            "labelled_malicious": 286,
            "recall": 0.8666666666666667
        },
        "27": {
            "labelled_normal": 24,
            "labelled_malicious": 377,
            "recall": 0.940149625935162
        },
        "28": {
            "labelled_normal": 49,
            "labelled_malicious": 357,
            "recall": 0.8793103448275862
        },
        "29": {
            "labelled_normal": 369,
            "labelled_malicious": 1487,
            "recall": 0.8011853448275862
        },
        "30": {
            "labelled_normal": 1659,
            "labelled_malicious": 461,
            "recall": 0.21745283018867925
        },
        "31": {
            "labelled_normal": 140,
            "labelled_malicious": 1766,
            "recall": 0.9265477439664218
        },
        "32": {
            "labelled_normal": 150,
            "labelled_malicious": 1721,
            "recall": 0.9198289684660609
        },
        "33": {
            "labelled_normal": 15,
            "labelled_malicious": 291,
            "recall": 0.9509803921568627
        },
        "34": {
            "labelled_normal": 13,
            "labelled_malicious": 391,
            "recall": 0.9678217821782178
        },
        "35": {
            "labelled_normal": 36,
            "labelled_malicious": 395,
            "recall": 0.9164733178654292
        }
    },
    "attack_categories": {
        "0": {
            "labelled_normal": 41994,
            "labelled_malicious": 846,
            "recall": 0.9802521008403361
        },
        "1": {
            "labelled_normal": 2318,
            "labelled_malicious": 5435,
            "recall": 0.7010189604024248
        },
        "2": {
            "labelled_normal": 232,
            "labelled_malicious": 2341,
            "recall": 0.9098328799067237
        },
        "3": {
            "labelled_normal": 145,
            "labelled_malicious": 1412,
            "recall": 0.9068721901091843
        },
        "4": {
            "labelled_normal": 217,
            "labelled_malicious": 3943,
            "recall": 0.9478365384615385
        },
        "5": {
            "labelled_normal": 11,
            "labelled_malicious": 986,
            "recall": 0.9889669007021064
        },
        "6": {
            "labelled_normal": 41,
            "labelled_malicious": 387,
            "recall": 0.9042056074766355
        },
        "7": {
            "labelled_normal": 20,
            "labelled_malicious": 781,
            "recall": 0.9750312109862672
        }
    }
}