{
    "TP": 11520,
    "TN": 42099,
    "FP": 931,
    "FN": 2054,
    "accuracy": 0.9472652109391563,
    "precision": 0.9252268894064734,
    "recall": 0.8486813024900545,
    "attack_types": {
        "0": {
            "labelled_normal": 42099,
            "labelled_malicious": 931,
            "recall": 0.9783639321403672
        },
        "1": {
            "labelled_normal": 9,
            "labelled_malicious": 309,
            "recall": 0.9716981132075472
        },
        "2": {
            "labelled_normal": 50,
            "labelled_malicious": 234,
            "recall": 0.823943661971831
        },
        "3": {
            "labelled_normal": 2,
            "labelled_malicious": 335,
            "recall": 0.9940652818991098
        },
        "4": {
            "labelled_normal": 0,
            "labelled_malicious": 374,
            "recall": 1.0
        },
        "5": {
            "labelled_normal": 2,
            "labelled_malicious": 277,
            "recall": 0.992831541218638
        },
        "6": {
            "labelled_normal": 63,
            "labelled_malicious": 335,
            "recall": 0.8417085427135679
        },
        "7": {
            "labelled_normal": 3,
            "labelled_malicious": 290,
            "recall": 0.9897610921501706
        },
        "8": {
            "labelled_normal": 16,
            "labelled_malicious": 352,
            "recall": 0.9565217391304348
        },
        "9": {
            "labelled_normal": 13,
            "labelled_malicious": 249,
            "recall": 0.950381679389313
        },
        "10": {
            "labelled_normal": 56,
            "labelled_malicious": 243,
            "recall": 0.8127090301003345
        },
        "11": {
            "labelled_normal": 1,
            "labelled_malicious": 387,
            "recall": 0.9974226804123711
        },
        "12": {
            "labelled_normal": 1272,
            "labelled_malicious": 800,
            "recall": 0.3861003861003861
        },
        "13": {
            "labelled_normal": 30,
            "labelled_malicious": 248,
            "recall": 0.8920863309352518
        },
        "14": {
            "labelled_normal": 32,
            "labelled_malicious": 312,
            "recall": 0.9069767441860465
        },
        "15": {
            "labelled_normal": 43,
            "labelled_malicious": 252,
            "recall": 0.8542372881355932
        },
        "16": {
            "labelled_normal": 21,
            "labelled_malicious": 307,
            "recall": 0.9359756097560976
        },
        "17": {
            "labelled_normal": 8,
            "labelled_malicious": 263,
            "recall": 0.9704797047970479
        },
        "18": {
            "labelled_normal": 40,
            "labelled_malicious": 407,
            "recall": 0.9105145413870246
        },
        "19": {
            "labelled_normal": 0,
            "labelled_malicious": 335,
            "recall": 1.0
        },
        "20": {
            "labelled_normal": 0,
            "labelled_malicious": 126,
            "recall": 1.0
        },
        "21": {
            "labelled_normal": 1,
            "labelled_malicious": 358,
            "recall": 0.9972144846796658
        },
        "22": {
            "labelled_normal": 2,
            "labelled_malicious": 337,
            "recall": 0.9941002949852508
        },
        "23": {
            "labelled_normal": 4,
            "labelled_malicious": 327,
            "recall": 0.9879154078549849
        },
        "24": {
            "labelled_normal": 18,
            "labelled_malicious": 223,
            "recall": 0.9253112033195021
        },
        "25": {
            "labelled_normal": 41,
            "labelled_malicious": 260,
            "recall": 0.8637873754152824
        },
        "26": {
            "labelled_normal": 41,
            "labelled_malicious": 332,
            "recall": 0.8900804289544236
        },
        "27": {
            "labelled_normal": 31,
            "labelled_malicious": 374,
            "recall": 0.9234567901234568
        },
        "28": {
            "labelled_normal": 38,
            "labelled_malicious": 344,
            "recall": 0.900523560209424
        },
        "29": {
            "labelled_normal": 48,
            "labelled_malicious": 327,
            "recall": 0.872
        },
        "30": {
            "labelled_normal": 108,
            "labelled_malicious": 331,
            "recall": 0.7539863325740319
        },
        "31": {
            "labelled_normal": 1,
            "labelled_malicious": 392,
            "recall": 0.9974554707379135
        },
        "32": {
            "labelled_normal": 1,
            "labelled_malicious": 331,
            "recall": 0.9969879518072289
        },
        "33": {
            "labelled_normal": 5,
            "labelled_malicious": 315,
            "recall": 0.984375
        },
        "34": {
            "labelled_normal": 17,
            "labelled_malicious": 388,
            "recall": 0.9580246913580247
        },
        "35": {
            "labelled_normal": 37,
            "labelled_malicious": 446,
            "recall": 0.9233954451345756
        }
    },
    "attack_categories": {
        "0": {
            "labelled_normal": 42099,
            "labelled_malicious": 931,
            "recall": 0.9783639321403672
        },
        "1": {
            "labelled_normal": 158,
            "labelled_malicious": 1381,
            "recall": 0.8973359324236517
        },
        "2": {
            "labelled_normal": 210,
            "labelled_malicious": 2459,
            "recall": 0.9213188460097415
        },
        "3": {
            "labelled_normal": 134,
            "labelled_malicious": 1382,
            "recall": 0.9116094986807388
        },
        "4": {
            "labelled_normal": 1487,
            "labelled_malicious": 4185,
            "recall": 0.7378349788434415
        },
        "5": {
            "labelled_normal": 3,
            "labelled_malicious": 1030,
            "recall": 0.9970958373668926
        },
        "6": {
            "labelled_normal": 40,
            "labelled_malicious": 407,
            "recall": 0.9105145413870246
        },
        "7": {
            "labelled_normal": 22,
            "labelled_malicious": 676,
            "recall": 0.9684813753581661
        }
    }
}