{
    "TP": 11292,
    "TN": 42151,
    "FP": 877,
    "FN": 2264,
    "accuracy": 0.9444896083698572,
    "precision": 0.9279316295504971,
    "recall": 0.8329890823251697,
    "attack_types": {
        "0": {
            "labelled_normal": 42151,
            "labelled_malicious": 877,
            "recall": 0.9796179232127916
        },
        "1": {
            "labelled_normal": 6,
            "labelled_malicious": 384,
            "recall": 0.9846153846153847
        },
        "2": {
            "labelled_normal": 39,
            "labelled_malicious": 237,
            "recall": 0.8586956521739131
        },
        "3": {
            "labelled_normal": 1,
            "labelled_malicious": 359,
            "recall": 0.9972222222222222
        },
        "4": {
            "labelled_normal": 0,
            "labelled_malicious": 368,
            "recall": 1.0
        },
        "5": {
            "labelled_normal": 7,
            "labelled_malicious": 271,
            "recall": 0.9748201438848921
        },
        "6": {
            "labelled_normal": 64,
            "labelled_malicious": 360,
            "recall": 0.8490566037735849
        },
        "7": {
            "labelled_normal": 1,
            "labelled_malicious": 326,
            "recall": 0.9969418960244648
        },
        "8": {
            "labelled_normal": 19,
            "labelled_malicious": 341,
            "recall": 0.9472222222222222
        },
        "9": {
            "labelled_normal": 11,
            "labelled_malicious": 268,
            "recall": 0.9605734767025089
        },
        "10": {
            "labelled_normal": 75,
            "labelled_malicious": 242,
            "recall": 0.7634069400630915
        },
        "11": {
            "labelled_normal": 3,
            "labelled_malicious": 346,
            "recall": 0.9914040114613181
        },
        "12": {
            "labelled_normal": 7,
            "labelled_malicious": 376,
            "recall": 0.9817232375979112
        },
        "13": {
            "labelled_normal": 23,
            "labelled_malicious": 301,
            "recall": 0.9290123456790124
        },
        "14": {
            "labelled_normal": 23,
            "labelled_malicious": 298,
            "recall": 0.9283489096573209
        },
        "15": {
            "labelled_normal": 33,
            "labelled_malicious": 261,
            "recall": 0.8877551020408163
        },
        "16": {
            "labelled_normal": 6,
            "labelled_malicious": 287,
            "recall": 0.9795221843003413
        },
        "17": {
            "labelled_normal": 9,
            "labelled_malicious": 269,
            "recall": 0.9676258992805755
        },
        "18": {
            "labelled_normal": 35,
            "labelled_malicious": 373,
            "recall": 0.9142156862745098
        },
        "19": {
            "labelled_normal": 6,
            "labelled_malicious": 304,
            "recall": 0.9806451612903225
        },
        "20": {
            "labelled_normal": 0,
            "labelled_malicious": 141,
            "recall": 1.0
        },
        "21": {
            "labelled_normal": 4,
            "labelled_malicious": 315,
            "recall": 0.987460815047022
        },
        "22": {
            "labelled_normal": 3,
            "labelled_malicious": 314,
            "recall": 0.9905362776025236
        },
        "23": {
            "labelled_normal": 0,
            "labelled_malicious": 383,
            "recall": 1.0
        },
        "24": {
            "labelled_normal": 11,
            "labelled_malicious": 203,
            "recall": 0.9485981308411215
        },
        "25": {
            "labelled_normal": 31,
            "labelled_malicious": 266,
            "recall": 0.8956228956228957
        },
        "26": {
            "labelled_normal": 51,
            "labelled_malicious": 315,
            "recall": 0.860655737704918
        },
        "27": {
            "labelled_normal": 1567,
            "labelled_malicious": 512,
            "recall": 0.24627224627224628
        },
        "28": {
            "labelled_normal": 30,
            "labelled_malicious": 340,
            "recall": 0.918918918918919
        },
        "29": {
            "labelled_normal": 34,
            "labelled_malicious": 332,
            "recall": 0.907103825136612
        },
        "30": {
            "labelled_normal": 109,
            "labelled_malicious": 302,
            "recall": 0.7347931873479319
        },
        "31": {
            "labelled_normal": 0,
            "labelled_malicious": 358,
            "recall": 1.0
        },
        "32": {
            "labelled_normal": 0,
            "labelled_malicious": 416,
            "recall": 1.0
        },
        "33": {
            "labelled_normal": 12,
            "labelled_malicious": 341,
            "recall": 0.9660056657223796
        },
        "34": {
            "labelled_normal": 13,
            "labelled_malicious": 394,
            "recall": 0.9680589680589681
        },
        "35": {
            "labelled_normal": 31,
            "labelled_malicious": 389,
            "recall": 0.9261904761904762
        }
    },
    "attack_categories": {
        "0": {
            "labelled_normal": 42151,
            "labelled_malicious": 877,
            "recall": 0.9796179232127916
        },
        "1": {
            "labelled_normal": 143,
            "labelled_malicious": 1408,
            "recall": 0.9078014184397163
        },
        "2": {
            "labelled_normal": 1735,
            "labelled_malicious": 2557,
            "recall": 0.5957595526561044
        },
        "3": {
            "labelled_normal": 94,
            "labelled_malicious": 1416,
            "recall": 0.937748344370861
        },
        "4": {
            "labelled_normal": 233,
            "labelled_malicious": 3878,
            "recall": 0.9433227925079056
        },
        "5": {
            "labelled_normal": 13,
            "labelled_malicious": 933,
            "recall": 0.9862579281183932
        },
        "6": {
            "labelled_normal": 35,
            "labelled_malicious": 373,
            "recall": 0.9142156862745098
        },
        "7": {
            "labelled_normal": 11,
            "labelled_malicious": 727,
            "recall": 0.9850948509485095
        }
    }
}