{
    "TP": 12731,
    "TN": 41976,
    "FP": 889,
    "FN": 880,
    "accuracy": 0.9686769601246548,
    "precision": 0.9347283406754773,
    "recall": 0.9353464109911102,
    "attack_types": {
        "0": {
            "labelled_normal": 41976,
            "labelled_malicious": 889,
            "recall": 0.9792604689140324
        },
        "1": {
            "labelled_normal": 12,
            "labelled_malicious": 366,
            "recall": 0.9682539682539683
        },
        "2": {
            "labelled_normal": 47,
            "labelled_malicious": 244,
            "recall": 0.8384879725085911
        },
        "3": {
            "labelled_normal": 1,
            "labelled_malicious": 294,
            "recall": 0.9966101694915255
        },
        "4": {
            "labelled_normal": 0,
            "labelled_malicious": 413,
            "recall": 1.0
        },
        "5": {
            "labelled_normal": 8,
            "labelled_malicious": 266,
            "recall": 0.9708029197080292
        },
        "6": {
            "labelled_normal": 71,
            "labelled_malicious": 347,
            "recall": 0.8301435406698564
        },
        "7": {
            "labelled_normal": 4,
            "labelled_malicious": 301,
            "recall": 0.9868852459016394
        },
        "8": {
            "labelled_normal": 17,
            "labelled_malicious": 333,
            "recall": 0.9514285714285714
        },
        "9": {
            "labelled_normal": 17,
            "labelled_malicious": 283,
            "recall": 0.9433333333333334
        },
        "10": {
            "labelled_normal": 63,
            "labelled_malicious": 223,
            "recall": 0.7797202797202797
        },
        "11": {
            "labelled_normal": 1,
            "labelled_malicious": 336,
            "recall": 0.9970326409495549
        },
        "12": {
            "labelled_normal": 1,
            "labelled_malicious": 452,
            "recall": 0.9977924944812362
        },
        "13": {
            "labelled_normal": 18,
            "labelled_malicious": 301,
            "recall": 0.9435736677115988
        },
        "14": {
            "labelled_normal": 21,
            "labelled_malicious": 320,
            "recall": 0.9384164222873901
        },
        "15": {
            "labelled_normal": 58,
            "labelled_malicious": 279,
            "recall": 0.827893175074184
        },
        "16": {
            "labelled_normal": 18,
            "labelled_malicious": 323,
            "recall": 0.9472140762463344
        },
        "17": {
            "labelled_normal": 8,
            "labelled_malicious": 267,
            "recall": 0.9709090909090909
        },
        "18": {
            "labelled_normal": 33,
            "labelled_malicious": 420,
            "recall": 0.9271523178807947
        },
        "19": {
            "labelled_normal": 4,
            "labelled_malicious": 312,
            "recall": 0.9873417721518988
        },
        "20": {
            "labelled_normal": 0,
            "labelled_malicious": 145,
            "recall": 1.0
        },
        "21": {
            "labelled_normal": 0,
            "labelled_malicious": 336,
            "recall": 1.0
        },
        "22": {
            "labelled_normal": 2,
            "labelled_malicious": 272,
            "recall": 0.9927007299270073
        },
        "23": {
            "labelled_normal": 4,
            "labelled_malicious": 449,
            "recall": 0.9911699779249448
        },
        "24": {
            "labelled_normal": 15,
            "labelled_malicious": 223,
            "recall": 0.9369747899159664
        },
        "25": {
            "labelled_normal": 43,
            "labelled_malicious": 229,
            "recall": 0.8419117647058824
        },
        "26": {
            "labelled_normal": 50,
            "labelled_malicious": 346,
            "recall": 0.8737373737373737
        },
        "27": {
            "labelled_normal": 38,
            "labelled_malicious": 370,
            "recall": 0.9068627450980392
        },
        "28": {
            "labelled_normal": 34,
            "labelled_malicious": 330,
            "recall": 0.9065934065934066
        },
        "29": {
            "labelled_normal": 25,
            "labelled_malicious": 340,
            "recall": 0.9315068493150684
        },
        "30": {
            "labelled_normal": 94,
            "labelled_malicious": 337,
            "recall": 0.7819025522041764
        },
        "31": {
            "labelled_normal": 105,
            "labelled_malicious": 1801,
            "recall": 0.9449108079748164
        },
        "32": {
            "labelled_normal": 1,
            "labelled_malicious": 385,
            "recall": 0.9974093264248705
        },
        "33": {
            "labelled_normal": 10,
            "labelled_malicious": 298,
            "recall": 0.9675324675324676
        },
        "34": {
            "labelled_normal": 14,
            "labelled_malicious": 400,
            "recall": 0.966183574879227
        },
        "35": {
            "labelled_normal": 43,
            "labelled_malicious": 390,
            "recall": 0.9006928406466512
        }
    },
    "attack_categories": {
        "0": {
            "labelled_normal": 41976,
            "labelled_malicious": 889,
            "recall": 0.9792604689140324
        },
        "1": {
            "labelled_normal": 225,
            "labelled_malicious": 2863,
            "recall": 0.9271373056994818
        },
        "2": {
            "labelled_normal": 232,
            "labelled_malicious": 2363,
            "recall": 0.910597302504817
        },
        "3": {
            "labelled_normal": 123,
            "labelled_malicious": 1490,
            "recall": 0.9237445753254805
        },
        "4": {
            "labelled_normal": 242,
            "labelled_malicious": 3858,
            "recall": 0.9409756097560975
        },
        "5": {
            "labelled_normal": 6,
            "labelled_malicious": 920,
            "recall": 0.9935205183585313
        },
        "6": {
            "labelled_normal": 33,
            "labelled_malicious": 420,
            "recall": 0.9271523178807947
        },
        "7": {
            "labelled_normal": 19,
            "labelled_malicious": 817,
            "recall": 0.9772727272727273
        }
    }
}