{
    "TP": 12148,
    "TN": 42104,
    "FP": 924,
    "FN": 933,
    "accuracy": 0.9669037052879217,
    "precision": 0.9293145654834761,
    "recall": 0.928675177738705,
    "attack_types": {
        "0": {
            "labelled_normal": 42104,
            "labelled_malicious": 924,
            "recall": 0.9785256112298968
        },
        "1": {
            "labelled_normal": 7,
            "labelled_malicious": 383,
            "recall": 0.982051282051282
        },
        "2": {
            "labelled_normal": 41,
            "labelled_malicious": 235,
            "recall": 0.8514492753623188
        },
        "3": {
            "labelled_normal": 0,
            "labelled_malicious": 360,
            "recall": 1.0
        },
        "4": {
            "labelled_normal": 0,
            "labelled_malicious": 368,
            "recall": 1.0
        },
        "5": {
            "labelled_normal": 6,
            "labelled_malicious": 272,
            "recall": 0.9784172661870504
        },
        "6": {
            "labelled_normal": 64,
            "labelled_malicious": 360,
            "recall": 0.8490566037735849
        },
        "7": {
            "labelled_normal": 207,
            "labelled_malicious": 1305,
            "recall": 0.8630952380952381
        },
        "8": {
            "labelled_normal": 18,
            "labelled_malicious": 342,
            "recall": 0.95
        },
        "9": {
            "labelled_normal": 12,
            "labelled_malicious": 267,
            "recall": 0.956989247311828
        },
        "10": {
            "labelled_normal": 71,
            "labelled_malicious": 246,
            "recall": 0.7760252365930599
        },
        "11": {
            "labelled_normal": 4,
            "labelled_malicious": 345,
            "recall": 0.9885386819484241
        },
        "12": {
            "labelled_normal": 7,
            "labelled_malicious": 376,
            "recall": 0.9817232375979112
        },
        "13": {
            "labelled_normal": 23,
            "labelled_malicious": 301,
            "recall": 0.9290123456790124
        },
        "14": {
            "labelled_normal": 24,
            "labelled_malicious": 297,
            "recall": 0.9252336448598131
        },
        "15": {
            "labelled_normal": 35,
            "labelled_malicious": 259,
            "recall": 0.8809523809523809
        },
        "16": {
            "labelled_normal": 5,
            "labelled_malicious": 288,
            "recall": 0.9829351535836177
        },
        "17": {
            "labelled_normal": 9,
            "labelled_malicious": 269,
            "recall": 0.9676258992805755
        },
        "18": {
            "labelled_normal": 38,
            "labelled_malicious": 370,
            "recall": 0.9068627450980392
        },
        "19": {
            "labelled_normal": 4,
            "labelled_malicious": 306,
            "recall": 0.9870967741935484
        },
        "20": {
            "labelled_normal": 1,
            "labelled_malicious": 140,
            "recall": 0.9929078014184397
        },
        "21": {
            "labelled_normal": 3,
            "labelled_malicious": 316,
            "recall": 0.9905956112852664
        },
        "22": {
            "labelled_normal": 2,
            "labelled_malicious": 315,
            "recall": 0.9936908517350158
        },
        "23": {
            "labelled_normal": 1,
            "labelled_malicious": 382,
            "recall": 0.9973890339425587
        },
        "24": {
            "labelled_normal": 13,
            "labelled_malicious": 201,
            "recall": 0.9392523364485982
        },
        "25": {
            "labelled_normal": 31,
            "labelled_malicious": 266,
            "recall": 0.8956228956228957
        },
        "26": {
            "labelled_normal": 51,
            "labelled_malicious": 315,
            "recall": 0.860655737704918
        },
        "27": {
            "labelled_normal": 30,
            "labelled_malicious": 389,
            "recall": 0.9284009546539379
        },
        "28": {
            "labelled_normal": 29,
            "labelled_malicious": 341,
            "recall": 0.9216216216216216
        },
        "29": {
            "labelled_normal": 34,
            "labelled_malicious": 332,
            "recall": 0.907103825136612
        },
        "30": {
            "labelled_normal": 104,
            "labelled_malicious": 307,
            "recall": 0.7469586374695864
        },
        "31": {
            "labelled_normal": 1,
            "labelled_malicious": 357,
            "recall": 0.9972067039106145
        },
        "32": {
            "labelled_normal": 0,
            "labelled_malicious": 416,
            "recall": 1.0
        },
        "33": {
            "labelled_normal": 9,
            "labelled_malicious": 344,
            "recall": 0.9745042492917847
        },
        "34": {
            "labelled_normal": 14,
            "labelled_malicious": 393,
            "recall": 0.9656019656019657
        },
        "35": {
            "labelled_normal": 35,
            "labelled_malicious": 385,
            "recall": 0.9166666666666666
        }
    },
    "attack_categories": {
        "0": {
            "labelled_normal": 42104,
            "labelled_malicious": 924,
            "recall": 0.9785256112298968
        },
        "1": {
            "labelled_normal": 139,
            "labelled_malicious": 1412,
            "recall": 0.9103803997421018
        },
        "2": {
            "labelled_normal": 199,
            "labelled_malicious": 2433,
            "recall": 0.9243920972644377
        },
        "3": {
            "labelled_normal": 96,
            "labelled_malicious": 1414,
            "recall": 0.9364238410596026
        },
        "4": {
            "labelled_normal": 437,
            "labelled_malicious": 4859,
            "recall": 0.9174848942598187
        },
        "5": {
            "labelled_normal": 9,
            "labelled_malicious": 937,
            "recall": 0.9904862579281184
        },
        "6": {
            "labelled_normal": 38,
            "labelled_malicious": 370,
            "recall": 0.9068627450980392
        },
        "7": {
            "labelled_normal": 15,
            "labelled_malicious": 723,
            "recall": 0.9796747967479674
        }
    }
}