{
    "TP": 11278,
    "TN": 41898,
    "FP": 942,
    "FN": 806,
    "accuracy": 0.9681742043551089,
    "precision": 0.9229132569558102,
    "recall": 0.9333002317113539,
    "attack_types": {
        "0": {
            "labelled_normal": 41898,
            "labelled_malicious": 942,
            "recall": 0.9780112044817927
        },
        "1": {
            "labelled_normal": 2,
            "labelled_malicious": 382,
            "recall": 0.9947916666666666
        },
        "2": {
            "labelled_normal": 68,
            "labelled_malicious": 238,
            "recall": 0.7777777777777778
        },
        "3": {
            "labelled_normal": 2,
            "labelled_malicious": 344,
            "recall": 0.9942196531791907
        },
        "4": {
            "labelled_normal": 0,
            "labelled_malicious": 425,
            "recall": 1.0
        },
        "5": {
            "labelled_normal": 0,
            "labelled_malicious": 293,
            "recall": 1.0
        },
        "6": {
            "labelled_normal": 53,
            "labelled_malicious": 327,
            "recall": 0.8605263157894737
        },
        "7": {
            "labelled_normal": 4,
            "labelled_malicious": 292,
            "recall": 0.9864864864864865
        },
        "8": {
            "labelled_normal": 11,
            "labelled_malicious": 358,
            "recall": 0.9701897018970189
        },
        "9": {
            "labelled_normal": 14,
            "labelled_malicious": 294,
            "recall": 0.9545454545454546
        },
        "10": {
            "labelled_normal": 56,
            "labelled_malicious": 220,
            "recall": 0.7971014492753623
        },
        "11": {
            "labelled_normal": 5,
            "labelled_malicious": 392,
            "recall": 0.9874055415617129
        },
        "12": {
            "labelled_normal": 2,
            "labelled_malicious": 378,
            "recall": 0.9947368421052631
        },
        "13": {
            "labelled_normal": 31,
            "labelled_malicious": 283,
            "recall": 0.9012738853503185
        },
        "14": {
            "labelled_normal": 35,
            "labelled_malicious": 277,
            "recall": 0.8878205128205128
        },
        "15": {
            "labelled_normal": 47,
            "labelled_malicious": 265,
            "recall": 0.8493589743589743
        },
        "16": {
            "labelled_normal": 22,
            "labelled_malicious": 314,
            "recall": 0.9345238095238095
        },
        "17": {
            "labelled_normal": 9,
            "labelled_malicious": 274,
            "recall": 0.9681978798586572
        },
        "18": {
            "labelled_normal": 40,
            "labelled_malicious": 388,
            "recall": 0.9065420560747663
        },
        "19": {
            "labelled_normal": 2,
            "labelled_malicious": 338,
            "recall": 0.9941176470588236
        },
        "20": {
            "labelled_normal": 1,
            "labelled_malicious": 120,
            "recall": 0.9917355371900827
        },
        "21": {
            "labelled_normal": 1,
            "labelled_malicious": 363,
            "recall": 0.9972527472527473
        },
        "22": {
            "labelled_normal": 2,
            "labelled_malicious": 291,
            "recall": 0.9931740614334471
        },
        "23": {
            "labelled_normal": 3,
            "labelled_malicious": 421,
            "recall": 0.9929245283018868
        },
        "24": {
            "labelled_normal": 13,
            "labelled_malicious": 243,
            "recall": 0.94921875
        },
        "25": {
            "labelled_normal": 49,
            "labelled_malicious": 246,
            "recall": 0.8338983050847457
        },
        "26": {
            "labelled_normal": 38,
            "labelled_malicious": 292,
            "recall": 0.8848484848484849
        },
        "27": {
            "labelled_normal": 25,
            "labelled_malicious": 376,
            "recall": 0.9376558603491272
        },
        "28": {
            "labelled_normal": 45,
            "labelled_malicious": 361,
            "recall": 0.8891625615763546
        },
        "29": {
            "labelled_normal": 37,
            "labelled_malicious": 320,
            "recall": 0.896358543417367
        },
        "30": {
            "labelled_normal": 127,
            "labelled_malicious": 319,
            "recall": 0.7152466367713004
        },
        "31": {
            "labelled_normal": 1,
            "labelled_malicious": 395,
            "recall": 0.9974747474747475
        },
        "32": {
            "labelled_normal": 2,
            "labelled_malicious": 367,
            "recall": 0.994579945799458
        },
        "33": {
            "labelled_normal": 18,
            "labelled_malicious": 288,
            "recall": 0.9411764705882353
        },
        "34": {
            "labelled_normal": 13,
            "labelled_malicious": 391,
            "recall": 0.9678217821782178
        },
        "35": {
            "labelled_normal": 28,
            "labelled_malicious": 403,
            "recall": 0.9350348027842227
        }
    },
    "attack_categories": {
        "0": {
            "labelled_normal": 41898,
            "labelled_malicious": 942,
            "recall": 0.9780112044817927
        },
        "1": {
            "labelled_normal": 167,
            "labelled_malicious": 1401,
            "recall": 0.8934948979591837
        },
        "2": {
            "labelled_normal": 216,
            "labelled_malicious": 2357,
            "recall": 0.916051301982122
        },
        "3": {
            "labelled_normal": 144,
            "labelled_malicious": 1413,
            "recall": 0.9075144508670521
        },
        "4": {
            "labelled_normal": 217,
            "labelled_malicious": 3943,
            "recall": 0.9478365384615385
        },
        "5": {
            "labelled_normal": 5,
            "labelled_malicious": 992,
            "recall": 0.9949849548645938
        },
        "6": {
            "labelled_normal": 40,
            "labelled_malicious": 388,
            "recall": 0.9065420560747663
        },
        "7": {
            "labelled_normal": 17,
            "labelled_malicious": 784,
            "recall": 0.978776529338327
        }
    }
}