{
    "TP": 11378,
    "TN": 42124,
    "FP": 904,
    "FN": 1883,
    "accuracy": 0.9504876618877578,
    "precision": 0.9263963523856049,
    "recall": 0.8580046753638488,
    "attack_types": {
        "0": {
            "labelled_normal": 42124,
            "labelled_malicious": 904,
            "recall": 0.9789904248396393
        },
        "1": {
            "labelled_normal": 7,
            "labelled_malicious": 383,
            "recall": 0.982051282051282
        },
        "2": {
            "labelled_normal": 41,
            "labelled_malicious": 235,
            "recall": 0.8514492753623188
        },
        "3": {
            "labelled_normal": 3,
            "labelled_malicious": 357,
            "recall": 0.9916666666666667
        },
        "4": {
            "labelled_normal": 0,
            "labelled_malicious": 368,
            "recall": 1.0
        },
        "5": {
            "labelled_normal": 6,
            "labelled_malicious": 272,
            "recall": 0.9784172661870504
        },
        "6": {
            "labelled_normal": 65,
            "labelled_malicious": 359,
            "recall": 0.8466981132075472
        },
        "7": {
            "labelled_normal": 1,
            "labelled_malicious": 326,
            "recall": 0.9969418960244648
        },
        "8": {
            "labelled_normal": 20,
            "labelled_malicious": 340,
            "recall": 0.9444444444444444
        },
        "9": {
            "labelled_normal": 10,
            "labelled_malicious": 269,
            "recall": 0.96415770609319
        },
        "10": {
            "labelled_normal": 75,
            "labelled_malicious": 242,
            "recall": 0.7634069400630915
        },
        "11": {
            "labelled_normal": 4,
            "labelled_malicious": 345,
            "recall": 0.9885386819484241
        },
        "12": {
            "labelled_normal": 7,
            "labelled_malicious": 376,
            "recall": 0.9817232375979112
        },
        "13": {
            "labelled_normal": 27,
            "labelled_malicious": 297,
            "recall": 0.9166666666666666
        },
        "14": {
            "labelled_normal": 21,
            "labelled_malicious": 300,
            "recall": 0.9345794392523364
        },
        "15": {
            "labelled_normal": 36,
            "labelled_malicious": 258,
            "recall": 0.8775510204081632
        },
        "16": {
            "labelled_normal": 1149,
            "labelled_malicious": 509,
            "recall": 0.30699638118214717
        },
        "17": {
            "labelled_normal": 9,
            "labelled_malicious": 269,
            "recall": 0.9676258992805755
        },
        "18": {
            "labelled_normal": 36,
            "labelled_malicious": 372,
            "recall": 0.9117647058823529
        },
        "19": {
            "labelled_normal": 6,
            "labelled_malicious": 304,
            "recall": 0.9806451612903225
        },
        "20": {
            "labelled_normal": 1,
            "labelled_malicious": 140,
            "recall": 0.9929078014184397
        },
        "21": {
            "labelled_normal": 3,
            "labelled_malicious": 316,
            "recall": 0.9905956112852664
        },
        "22": {
            "labelled_normal": 4,
            "labelled_malicious": 313,
            "recall": 0.9873817034700315
        },
        "23": {
            "labelled_normal": 2,
            "labelled_malicious": 381,
            "recall": 0.9947780678851175
        },
        "24": {
            "labelled_normal": 11,
            "labelled_malicious": 203,
            "recall": 0.9485981308411215
        },
        "25": {
            "labelled_normal": 32,
            "labelled_malicious": 265,
            "recall": 0.8922558922558923
        },
        "26": {
            "labelled_normal": 48,
            "labelled_malicious": 318,
            "recall": 0.8688524590163934
        },
        "27": {
            "labelled_normal": 30,
            "labelled_malicious": 389,
            "recall": 0.9284009546539379
        },
        "28": {
            "labelled_normal": 29,
            "labelled_malicious": 341,
            "recall": 0.9216216216216216
        },
        "29": {
            "labelled_normal": 38,
            "labelled_malicious": 328,
            "recall": 0.8961748633879781
        },
        "30": {
            "labelled_normal": 104,
            "labelled_malicious": 307,
            "recall": 0.7469586374695864
        },
        "31": {
            "labelled_normal": 0,
            "labelled_malicious": 358,
            "recall": 1.0
        },
        "32": {
            "labelled_normal": 0,
            "labelled_malicious": 416,
            "recall": 1.0
        },
        "33": {
            "labelled_normal": 9,
            "labelled_malicious": 344,
            "recall": 0.9745042492917847
        },
        "34": {
            "labelled_normal": 14,
            "labelled_malicious": 393,
            "recall": 0.9656019656019657
        },
        "35": {
            "labelled_normal": 35,
            "labelled_malicious": 385,
            "recall": 0.9166666666666666
        }
    },
    "attack_categories": {
        "0": {
            "labelled_normal": 42124,
            "labelled_malicious": 904,
            "recall": 0.9789904248396393
        },
        "1": {
            "labelled_normal": 142,
            "labelled_malicious": 1409,
            "recall": 0.9084461637653127
        },
        "2": {
            "labelled_normal": 197,
            "labelled_malicious": 2435,
            "recall": 0.9251519756838906
        },
        "3": {
            "labelled_normal": 1242,
            "labelled_malicious": 1633,
            "recall": 0.568
        },
        "4": {
            "labelled_normal": 239,
            "labelled_malicious": 3872,
            "recall": 0.9418632936025298
        },
        "5": {
            "labelled_normal": 13,
            "labelled_malicious": 933,
            "recall": 0.9862579281183932
        },
        "6": {
            "labelled_normal": 36,
            "labelled_malicious": 372,
            "recall": 0.9117647058823529
        },
        "7": {
            "labelled_normal": 14,
            "labelled_malicious": 724,
            "recall": 0.981029810298103
        }
    }
}