{
    "TP": 443,
    "TN": 43022,
    "FP": 8,
    "FN": 58471,
    "accuracy": 0.42636153182139214,
    "precision": 0.9822616407982262,
    "recall": 0.007519435108802662,
    "attack_types": {
        "0": {
            "labelled_normal": 43022,
            "labelled_malicious": 8,
            "recall": 0.999814083197769
        },
        "1": {
            "labelled_normal": 1792,
            "labelled_malicious": 0,
            "recall": 0.0
        },
        "2": {
            "labelled_normal": 1449,
            "labelled_malicious": 11,
            "recall": 0.007534246575342466
        },
        "3": {
            "labelled_normal": 1700,
            "labelled_malicious": 0,
            "recall": 0.0
        },
        "4": {
            "labelled_normal": 1932,
            "labelled_malicious": 0,
            "recall": 0.0
        },
        "5": {
            "labelled_normal": 1384,
            "labelled_malicious": 32,
            "recall": 0.022598870056497175
        },
        "6": {
            "labelled_normal": 2014,
            "labelled_malicious": 12,
            "recall": 0.005923000987166831
        },
        "7": {
            "labelled_normal": 1512,
            "labelled_malicious": 0,
            "recall": 0.0
        },
        "8": {
            "labelled_normal": 1798,
            "labelled_malicious": 0,
            "recall": 0.0
        },
        "9": {
            "labelled_normal": 16,
            "labelled_malicious": 246,
            "recall": 0.9389312977099237
        },
        "10": {
            "labelled_normal": 1440,
            "labelled_malicious": 34,
            "recall": 0.023066485753052916
        },
        "11": {
            "labelled_normal": 1834,
            "labelled_malicious": 0,
            "recall": 0.0
        },
        "12": {
            "labelled_normal": 2068,
            "labelled_malicious": 4,
            "recall": 0.0019305019305019305
        },
        "13": {
            "labelled_normal": 1592,
            "labelled_malicious": 2,
            "recall": 0.0012547051442910915
        },
        "14": {
            "labelled_normal": 1670,
            "labelled_malicious": 6,
            "recall": 0.003579952267303103
        },
        "15": {
            "labelled_normal": 1540,
            "labelled_malicious": 18,
            "recall": 0.011553273427471117
        },
        "16": {
            "labelled_normal": 1632,
            "labelled_malicious": 26,
            "recall": 0.015681544028950542
        },
        "17": {
            "labelled_normal": 1414,
            "labelled_malicious": 0,
            "recall": 0.0
        },
        "18": {
            "labelled_normal": 2150,
            "labelled_malicious": 26,
            "recall": 0.011948529411764705
        },
        "19": {
            "labelled_normal": 1634,
            "labelled_malicious": 0,
            "recall": 0.0
        },
        "20": {
            "labelled_normal": 666,
            "labelled_malicious": 0,
            "recall": 0.0
        },
        "21": {
            "labelled_normal": 1708,
            "labelled_malicious": 14,
            "recall": 0.008130081300813009
        },
        "22": {
            "labelled_normal": 1542,
            "labelled_malicious": 0,
            "recall": 0.0
        },
        "23": {
            "labelled_normal": 2048,
            "labelled_malicious": 0,
            "recall": 0.0
        },
        "24": {
            "labelled_normal": 1160,
            "labelled_malicious": 0,
            "recall": 0.0
        },
        "25": {
            "labelled_normal": 1469,
            "labelled_malicious": 3,
            "recall": 0.0020380434782608695
        },
        "26": {
            "labelled_normal": 1800,
            "labelled_malicious": 8,
            "recall": 0.004424778761061947
        },
        "27": {
            "labelled_normal": 2079,
            "labelled_malicious": 0,
            "recall": 0.0
        },
        "28": {
            "labelled_normal": 1858,
            "labelled_malicious": 0,
            "recall": 0.0
        },
        "29": {
            "labelled_normal": 1856,
            "labelled_malicious": 0,
            "recall": 0.0
        },
        "30": {
            "labelled_normal": 2120,
            "labelled_malicious": 0,
            "recall": 0.0
        },
        "31": {
            "labelled_normal": 1906,
            "labelled_malicious": 0,
            "recall": 0.0
        },
        "32": {
            "labelled_normal": 1870,
            "labelled_malicious": 1,
            "recall": 0.0005344735435595938
        },
        "33": {
            "labelled_normal": 1604,
            "labelled_malicious": 0,
            "recall": 0.0
        },
        "34": {
            "labelled_normal": 2010,
            "labelled_malicious": 0,
            "recall": 0.0
        },
        "35": {
            "labelled_normal": 2204,
            "labelled_malicious": 0,
            "recall": 0.0
        }
    },
    "attack_categories": {
        "0": {
            "labelled_normal": 43022,
            "labelled_malicious": 8,
            "recall": 0.999814083197769
        },
        "1": {
            "labelled_normal": 7752,
            "labelled_malicious": 1,
            "recall": 0.00012898232942086933
        },
        "2": {
            "labelled_normal": 13024,
            "labelled_malicious": 11,
            "recall": 0.0008438818565400844
        },
        "3": {
            "labelled_normal": 7848,
            "labelled_malicious": 52,
            "recall": 0.006582278481012658
        },
        "4": {
            "labelled_normal": 18939,
            "labelled_malicious": 339,
            "recall": 0.01758481170245876
        },
        "5": {
            "labelled_normal": 4884,
            "labelled_malicious": 14,
            "recall": 0.0028583095140873828
        },
        "6": {
            "labelled_normal": 2150,
            "labelled_malicious": 26,
            "recall": 0.011948529411764705
        },
        "7": {
            "labelled_normal": 3874,
            "labelled_malicious": 0,
            "recall": 0.0
        }
    }
}