{
    "TP": 576,
    "TN": 42795,
    "FP": 70,
    "FN": 58197,
    "accuracy": 0.4267203211397312,
    "precision": 0.891640866873065,
    "recall": 0.009800418559542647,
    "attack_types": {
        "0": {
            "labelled_normal": 42795,
            "labelled_malicious": 70,
            "recall": 0.998366966056223
        },
        "1": {
            "labelled_normal": 1790,
            "labelled_malicious": 2,
            "recall": 0.0011160714285714285
        },
        "2": {
            "labelled_normal": 1440,
            "labelled_malicious": 20,
            "recall": 0.0136986301369863
        },
        "3": {
            "labelled_normal": 1700,
            "labelled_malicious": 0,
            "recall": 0.0
        },
        "4": {
            "labelled_normal": 1932,
            "labelled_malicious": 0,
            "recall": 0.0
        },
        "5": {
            "labelled_normal": 1389,
            "labelled_malicious": 27,
            "recall": 0.019067796610169493
        },
        "6": {
            "labelled_normal": 1974,
            "labelled_malicious": 52,
            "recall": 0.02566633761105627
        },
        "7": {
            "labelled_normal": 1512,
            "labelled_malicious": 0,
            "recall": 0.0
        },
        "8": {
            "labelled_normal": 1798,
            "labelled_malicious": 0,
            "recall": 0.0
        },
        "9": {
            "labelled_normal": 1365,
            "labelled_malicious": 31,
            "recall": 0.022206303724928367
        },
        "10": {
            "labelled_normal": 1449,
            "labelled_malicious": 25,
            "recall": 0.016960651289009497
        },
        "11": {
            "labelled_normal": 1834,
            "labelled_malicious": 0,
            "recall": 0.0
        },
        "12": {
            "labelled_normal": 2072,
            "labelled_malicious": 0,
            "recall": 0.0
        },
        "13": {
            "labelled_normal": 29,
            "labelled_malicious": 290,
            "recall": 0.9090909090909091
        },
        "14": {
            "labelled_normal": 1656,
            "labelled_malicious": 20,
            "recall": 0.011933174224343675
        },
        "15": {
            "labelled_normal": 1534,
            "labelled_malicious": 24,
            "recall": 0.01540436456996149
        },
        "16": {
            "labelled_normal": 1629,
            "labelled_malicious": 29,
            "recall": 0.017490952955367914
        },
        "17": {
            "labelled_normal": 1393,
            "labelled_malicious": 21,
            "recall": 0.01485148514851485
        },
        "18": {
            "labelled_normal": 2147,
            "labelled_malicious": 29,
            "recall": 0.01332720588235294
        },
        "19": {
            "labelled_normal": 1634,
            "labelled_malicious": 0,
            "recall": 0.0
        },
        "20": {
            "labelled_normal": 666,
            "labelled_malicious": 0,
            "recall": 0.0
        },
        "21": {
            "labelled_normal": 1722,
            "labelled_malicious": 0,
            "recall": 0.0
        },
        "22": {
            "labelled_normal": 1542,
            "labelled_malicious": 0,
            "recall": 0.0
        },
        "23": {
            "labelled_normal": 2048,
            "labelled_malicious": 0,
            "recall": 0.0
        },
        "24": {
            "labelled_normal": 1160,
            "labelled_malicious": 0,
            "recall": 0.0
        },
        "25": {
            "labelled_normal": 1472,
            "labelled_malicious": 0,
            "recall": 0.0
        },
        "26": {
            "labelled_normal": 1804,
            "labelled_malicious": 4,
            "recall": 0.0022123893805309734
        },
        "27": {
            "labelled_normal": 2079,
            "labelled_malicious": 0,
            "recall": 0.0
        },
        "28": {
            "labelled_normal": 1858,
            "labelled_malicious": 0,
            "recall": 0.0
        },
        "29": {
            "labelled_normal": 1854,
            "labelled_malicious": 2,
            "recall": 0.0010775862068965517
        },
        "30": {
            "labelled_normal": 2120,
            "labelled_malicious": 0,
            "recall": 0.0
        },
        "31": {
            "labelled_normal": 1906,
            "labelled_malicious": 0,
            "recall": 0.0
        },
        "32": {
            "labelled_normal": 1871,
            "labelled_malicious": 0,
            "recall": 0.0
        },
        "33": {
            "labelled_normal": 1604,
            "labelled_malicious": 0,
            "recall": 0.0
        },
        "34": {
            "labelled_normal": 2010,
            "labelled_malicious": 0,
            "recall": 0.0
        },
        "35": {
            "labelled_normal": 2204,
            "labelled_malicious": 0,
            "recall": 0.0
        }
    },
    "attack_categories": {
        "0": {
            "labelled_normal": 42795,
            "labelled_malicious": 70,
            "recall": 0.998366966056223
        },
        "1": {
            "labelled_normal": 7751,
            "labelled_malicious": 2,
            "recall": 0.00025796465884173866
        },
        "2": {
            "labelled_normal": 13031,
            "labelled_malicious": 4,
            "recall": 0.00030686612965093976
        },
        "3": {
            "labelled_normal": 6241,
            "labelled_malicious": 384,
            "recall": 0.057962264150943396
        },
        "4": {
            "labelled_normal": 20255,
            "labelled_malicious": 157,
            "recall": 0.0076915539878502845
        },
        "5": {
            "labelled_normal": 4898,
            "labelled_malicious": 0,
            "recall": 0.0
        },
        "6": {
            "labelled_normal": 2147,
            "labelled_malicious": 29,
            "recall": 0.01332720588235294
        },
        "7": {
            "labelled_normal": 3874,
            "labelled_malicious": 0,
            "recall": 0.0
        }
    }
}