{
    "TP": 6567,
    "TN": 42787,
    "FP": 53,
    "FN": 52003,
    "accuracy": 0.4866778424218519,
    "precision": 0.9919939577039275,
    "recall": 0.11212224688407034,
    "attack_types": {
        "0": {
            "labelled_normal": 42787,
            "labelled_malicious": 53,
            "recall": 0.9987628384687208
        },
        "1": {
            "labelled_normal": 1790,
            "labelled_malicious": 2,
            "recall": 0.0011160714285714285
        },
        "2": {
            "labelled_normal": 1460,
            "labelled_malicious": 0,
            "recall": 0.0
        },
        "3": {
            "labelled_normal": 1700,
            "labelled_malicious": 0,
            "recall": 0.0
        },
        "4": {
            "labelled_normal": 1932,
            "labelled_malicious": 0,
            "recall": 0.0
        },
        "5": {
            "labelled_normal": 1416,
            "labelled_malicious": 0,
            "recall": 0.0
        },
        "6": {
            "labelled_normal": 2024,
            "labelled_malicious": 2,
            "recall": 0.0009871668311944718
        },
        "7": {
            "labelled_normal": 1512,
            "labelled_malicious": 0,
            "recall": 0.0
        },
        "8": {
            "labelled_normal": 1797,
            "labelled_malicious": 1,
            "recall": 0.0005561735261401557
        },
        "9": {
            "labelled_normal": 1393,
            "labelled_malicious": 3,
            "recall": 0.002148997134670487
        },
        "10": {
            "labelled_normal": 1473,
            "labelled_malicious": 1,
            "recall": 0.0006784260515603799
        },
        "11": {
            "labelled_normal": 1829,
            "labelled_malicious": 5,
            "recall": 0.0027262813522355507
        },
        "12": {
            "labelled_normal": 2072,
            "labelled_malicious": 0,
            "recall": 0.0
        },
        "13": {
            "labelled_normal": 1590,
            "labelled_malicious": 4,
            "recall": 0.002509410288582183
        },
        "14": {
            "labelled_normal": 1667,
            "labelled_malicious": 9,
            "recall": 0.0053699284009546535
        },
        "15": {
            "labelled_normal": 1555,
            "labelled_malicious": 3,
            "recall": 0.0019255455712451862
        },
        "16": {
            "labelled_normal": 1656,
            "labelled_malicious": 2,
            "recall": 0.0012062726176115801
        },
        "17": {
            "labelled_normal": 1412,
            "labelled_malicious": 2,
            "recall": 0.0014144271570014145
        },
        "18": {
            "labelled_normal": 2172,
            "labelled_malicious": 4,
            "recall": 0.001838235294117647
        },
        "19": {
            "labelled_normal": 1632,
            "labelled_malicious": 2,
            "recall": 0.0012239902080783353
        },
        "20": {
            "labelled_normal": 665,
            "labelled_malicious": 1,
            "recall": 0.0015015015015015015
        },
        "21": {
            "labelled_normal": 1721,
            "labelled_malicious": 1,
            "recall": 0.0005807200929152149
        },
        "22": {
            "labelled_normal": 1542,
            "labelled_malicious": 0,
            "recall": 0.0
        },
        "23": {
            "labelled_normal": 2046,
            "labelled_malicious": 2,
            "recall": 0.0009765625
        },
        "24": {
            "labelled_normal": 1155,
            "labelled_malicious": 5,
            "recall": 0.004310344827586207
        },
        "25": {
            "labelled_normal": 672,
            "labelled_malicious": 800,
            "recall": 0.5434782608695652
        },
        "26": {
            "labelled_normal": 47,
            "labelled_malicious": 283,
            "recall": 0.8575757575757575
        },
        "27": {
            "labelled_normal": 2078,
            "labelled_malicious": 1,
            "recall": 0.000481000481000481
        },
        "28": {
            "labelled_normal": 878,
            "labelled_malicious": 980,
            "recall": 0.527448869752422
        },
        "29": {
            "labelled_normal": 770,
            "labelled_malicious": 1086,
            "recall": 0.5851293103448276
        },
        "30": {
            "labelled_normal": 2117,
            "labelled_malicious": 3,
            "recall": 0.0014150943396226414
        },
        "31": {
            "labelled_normal": 445,
            "labelled_malicious": 1461,
            "recall": 0.7665267576075551
        },
        "32": {
            "labelled_normal": 510,
            "labelled_malicious": 1361,
            "recall": 0.7274184927846071
        },
        "33": {
            "labelled_normal": 1604,
            "labelled_malicious": 0,
            "recall": 0.0
        },
        "34": {
            "labelled_normal": 1467,
            "labelled_malicious": 543,
            "recall": 0.2701492537313433
        },
        "35": {
            "labelled_normal": 2204,
            "labelled_malicious": 0,
            "recall": 0.0
        }
    },
    "attack_categories": {
        "0": {
            "labelled_normal": 42787,
            "labelled_malicious": 53,
            "recall": 0.9987628384687208
        },
        "1": {
            "labelled_normal": 3842,
            "labelled_malicious": 3911,
            "recall": 0.50444989036502
        },
        "2": {
            "labelled_normal": 8950,
            "labelled_malicious": 2607,
            "recall": 0.22557757203426496
        },
        "3": {
            "labelled_normal": 7880,
            "labelled_malicious": 20,
            "recall": 0.002531645569620253
        },
        "4": {
            "labelled_normal": 20398,
            "labelled_malicious": 14,
            "recall": 0.0006858710562414266
        },
        "5": {
            "labelled_normal": 4895,
            "labelled_malicious": 3,
            "recall": 0.0006124948958758677
        },
        "6": {
            "labelled_normal": 2172,
            "labelled_malicious": 4,
            "recall": 0.001838235294117647
        },
        "7": {
            "labelled_normal": 3866,
            "labelled_malicious": 8,
            "recall": 0.002065049044914817
        }
    }
}