{
    "TP": 817,
    "TN": 42673,
    "FP": 140,
    "FN": 57495,
    "accuracy": 0.430061804697157,
    "precision": 0.8537095088819227,
    "recall": 0.01401083824941693,
    "attack_types": {
        "0": {
            "labelled_normal": 42673,
            "labelled_malicious": 140,
            "recall": 0.9967299651974867
        },
        "1": {
            "labelled_normal": 1784,
            "labelled_malicious": 8,
            "recall": 0.004464285714285714
        },
        "2": {
            "labelled_normal": 1443,
            "labelled_malicious": 17,
            "recall": 0.011643835616438357
        },
        "3": {
            "labelled_normal": 1700,
            "labelled_malicious": 0,
            "recall": 0.0
        },
        "4": {
            "labelled_normal": 1932,
            "labelled_malicious": 0,
            "recall": 0.0
        },
        "5": {
            "labelled_normal": 1387,
            "labelled_malicious": 29,
            "recall": 0.020480225988700564
        },
        "6": {
            "labelled_normal": 1995,
            "labelled_malicious": 31,
            "recall": 0.015301085883514315
        },
        "7": {
            "labelled_normal": 1482,
            "labelled_malicious": 30,
            "recall": 0.01984126984126984
        },
        "8": {
            "labelled_normal": 1789,
            "labelled_malicious": 9,
            "recall": 0.005005561735261402
        },
        "9": {
            "labelled_normal": 1364,
            "labelled_malicious": 32,
            "recall": 0.022922636103151862
        },
        "10": {
            "labelled_normal": 1398,
            "labelled_malicious": 76,
            "recall": 0.051560379918588875
        },
        "11": {
            "labelled_normal": 1834,
            "labelled_malicious": 0,
            "recall": 0.0
        },
        "12": {
            "labelled_normal": 2036,
            "labelled_malicious": 36,
            "recall": 0.017374517374517374
        },
        "13": {
            "labelled_normal": 1537,
            "labelled_malicious": 57,
            "recall": 0.035759096612296114
        },
        "14": {
            "labelled_normal": 1647,
            "labelled_malicious": 29,
            "recall": 0.017303102625298328
        },
        "15": {
            "labelled_normal": 1539,
            "labelled_malicious": 19,
            "recall": 0.012195121951219513
        },
        "16": {
            "labelled_normal": 1650,
            "labelled_malicious": 8,
            "recall": 0.0048250904704463205
        },
        "17": {
            "labelled_normal": 1391,
            "labelled_malicious": 23,
            "recall": 0.016265912305516265
        },
        "18": {
            "labelled_normal": 77,
            "labelled_malicious": 363,
            "recall": 0.825
        },
        "19": {
            "labelled_normal": 1634,
            "labelled_malicious": 0,
            "recall": 0.0
        },
        "20": {
            "labelled_normal": 666,
            "labelled_malicious": 0,
            "recall": 0.0
        },
        "21": {
            "labelled_normal": 1722,
            "labelled_malicious": 0,
            "recall": 0.0
        },
        "22": {
            "labelled_normal": 1542,
            "labelled_malicious": 0,
            "recall": 0.0
        },
        "23": {
            "labelled_normal": 2048,
            "labelled_malicious": 0,
            "recall": 0.0
        },
        "24": {
            "labelled_normal": 1160,
            "labelled_malicious": 0,
            "recall": 0.0
        },
        "25": {
            "labelled_normal": 1464,
            "labelled_malicious": 8,
            "recall": 0.005434782608695652
        },
        "26": {
            "labelled_normal": 1791,
            "labelled_malicious": 17,
            "recall": 0.009402654867256638
        },
        "27": {
            "labelled_normal": 2079,
            "labelled_malicious": 0,
            "recall": 0.0
        },
        "28": {
            "labelled_normal": 1857,
            "labelled_malicious": 1,
            "recall": 0.0005382131324004305
        },
        "29": {
            "labelled_normal": 1849,
            "labelled_malicious": 7,
            "recall": 0.003771551724137931
        },
        "30": {
            "labelled_normal": 2119,
            "labelled_malicious": 1,
            "recall": 0.0004716981132075472
        },
        "31": {
            "labelled_normal": 1896,
            "labelled_malicious": 10,
            "recall": 0.005246589716684155
        },
        "32": {
            "labelled_normal": 1868,
            "labelled_malicious": 3,
            "recall": 0.0016034206306787815
        },
        "33": {
            "labelled_normal": 1604,
            "labelled_malicious": 0,
            "recall": 0.0
        },
        "34": {
            "labelled_normal": 2009,
            "labelled_malicious": 1,
            "recall": 0.0004975124378109452
        },
        "35": {
            "labelled_normal": 2202,
            "labelled_malicious": 2,
            "recall": 0.0009074410163339383
        }
    },
    "attack_categories": {
        "0": {
            "labelled_normal": 42673,
            "labelled_malicious": 140,
            "recall": 0.9967299651974867
        },
        "1": {
            "labelled_normal": 7732,
            "labelled_malicious": 21,
            "recall": 0.002708628917838256
        },
        "2": {
            "labelled_normal": 13006,
            "labelled_malicious": 29,
            "recall": 0.0022247794399693132
        },
        "3": {
            "labelled_normal": 7764,
            "labelled_malicious": 136,
            "recall": 0.017215189873417722
        },
        "4": {
            "labelled_normal": 20144,
            "labelled_malicious": 268,
            "recall": 0.013129531648050167
        },
        "5": {
            "labelled_normal": 4898,
            "labelled_malicious": 0,
            "recall": 0.0
        },
        "6": {
            "labelled_normal": 77,
            "labelled_malicious": 363,
            "recall": 0.825
        },
        "7": {
            "labelled_normal": 3874,
            "labelled_malicious": 0,
            "recall": 0.0
        }
    }
}