{
    "TP": 1071,
    "TN": 42782,
    "FP": 31,
    "FN": 57357,
    "accuracy": 0.4331545520095613,
    "precision": 0.9718693284936479,
    "recall": 0.018330252618607518,
    "attack_types": {
        "0": {
            "labelled_normal": 42782,
            "labelled_malicious": 31,
            "recall": 0.9992759208651578
        },
        "1": {
            "labelled_normal": 1788,
            "labelled_malicious": 4,
            "recall": 0.002232142857142857
        },
        "2": {
            "labelled_normal": 1445,
            "labelled_malicious": 15,
            "recall": 0.010273972602739725
        },
        "3": {
            "labelled_normal": 1700,
            "labelled_malicious": 0,
            "recall": 0.0
        },
        "4": {
            "labelled_normal": 1932,
            "labelled_malicious": 0,
            "recall": 0.0
        },
        "5": {
            "labelled_normal": 906,
            "labelled_malicious": 510,
            "recall": 0.3601694915254237
        },
        "6": {
            "labelled_normal": 98,
            "labelled_malicious": 308,
            "recall": 0.7586206896551724
        },
        "7": {
            "labelled_normal": 1512,
            "labelled_malicious": 0,
            "recall": 0.0
        },
        "8": {
            "labelled_normal": 1797,
            "labelled_malicious": 1,
            "recall": 0.0005561735261401557
        },
        "9": {
            "labelled_normal": 1367,
            "labelled_malicious": 29,
            "recall": 0.020773638968481375
        },
        "10": {
            "labelled_normal": 1441,
            "labelled_malicious": 33,
            "recall": 0.022388059701492536
        },
        "11": {
            "labelled_normal": 1824,
            "labelled_malicious": 10,
            "recall": 0.0054525627044711015
        },
        "12": {
            "labelled_normal": 2072,
            "labelled_malicious": 0,
            "recall": 0.0
        },
        "13": {
            "labelled_normal": 1549,
            "labelled_malicious": 45,
            "recall": 0.028230865746549563
        },
        "14": {
            "labelled_normal": 1658,
            "labelled_malicious": 18,
            "recall": 0.010739856801909307
        },
        "15": {
            "labelled_normal": 1512,
            "labelled_malicious": 46,
            "recall": 0.029525032092426188
        },
        "16": {
            "labelled_normal": 1656,
            "labelled_malicious": 2,
            "recall": 0.0012062726176115801
        },
        "17": {
            "labelled_normal": 1397,
            "labelled_malicious": 17,
            "recall": 0.012022630834512023
        },
        "18": {
            "labelled_normal": 2164,
            "labelled_malicious": 12,
            "recall": 0.0055147058823529415
        },
        "19": {
            "labelled_normal": 1634,
            "labelled_malicious": 0,
            "recall": 0.0
        },
        "20": {
            "labelled_normal": 666,
            "labelled_malicious": 0,
            "recall": 0.0
        },
        "21": {
            "labelled_normal": 1722,
            "labelled_malicious": 0,
            "recall": 0.0
        },
        "22": {
            "labelled_normal": 1542,
            "labelled_malicious": 0,
            "recall": 0.0
        },
        "23": {
            "labelled_normal": 2048,
            "labelled_malicious": 0,
            "recall": 0.0
        },
        "24": {
            "labelled_normal": 1160,
            "labelled_malicious": 0,
            "recall": 0.0
        },
        "25": {
            "labelled_normal": 1471,
            "labelled_malicious": 1,
            "recall": 0.0006793478260869565
        },
        "26": {
            "labelled_normal": 1801,
            "labelled_malicious": 7,
            "recall": 0.0038716814159292035
        },
        "27": {
            "labelled_normal": 2078,
            "labelled_malicious": 1,
            "recall": 0.000481000481000481
        },
        "28": {
            "labelled_normal": 1857,
            "labelled_malicious": 1,
            "recall": 0.0005382131324004305
        },
        "29": {
            "labelled_normal": 1856,
            "labelled_malicious": 0,
            "recall": 0.0
        },
        "30": {
            "labelled_normal": 2118,
            "labelled_malicious": 2,
            "recall": 0.0009433962264150943
        },
        "31": {
            "labelled_normal": 1904,
            "labelled_malicious": 2,
            "recall": 0.001049317943336831
        },
        "32": {
            "labelled_normal": 1869,
            "labelled_malicious": 2,
            "recall": 0.0010689470871191875
        },
        "33": {
            "labelled_normal": 1604,
            "labelled_malicious": 0,
            "recall": 0.0
        },
        "34": {
            "labelled_normal": 2010,
            "labelled_malicious": 0,
            "recall": 0.0
        },
        "35": {
            "labelled_normal": 2199,
            "labelled_malicious": 5,
            "recall": 0.002268602540834846
        }
    },
    "attack_categories": {
        "0": {
            "labelled_normal": 42782,
            "labelled_malicious": 31,
            "recall": 0.9992759208651578
        },
        "1": {
            "labelled_normal": 7747,
            "labelled_malicious": 6,
            "recall": 0.000773893976525216
        },
        "2": {
            "labelled_normal": 13020,
            "labelled_malicious": 15,
            "recall": 0.0011507479861910242
        },
        "3": {
            "labelled_normal": 7772,
            "labelled_malicious": 128,
            "recall": 0.01620253164556962
        },
        "4": {
            "labelled_normal": 17882,
            "labelled_malicious": 910,
            "recall": 0.04842486164325245
        },
        "5": {
            "labelled_normal": 4898,
            "labelled_malicious": 0,
            "recall": 0.0
        },
        "6": {
            "labelled_normal": 2164,
            "labelled_malicious": 12,
            "recall": 0.0055147058823529415
        },
        "7": {
            "labelled_normal": 3874,
            "labelled_malicious": 0,
            "recall": 0.0
        }
    }
}