{
    "TP": 1150,
    "TN": 42795,
    "FP": 45,
    "FN": 57252,
    "accuracy": 0.4340589873767804,
    "precision": 0.9623430962343096,
    "recall": 0.019691106468956544,
    "attack_types": {
        "0": {
            "labelled_normal": 42795,
            "labelled_malicious": 45,
            "recall": 0.9989495798319328
        },
        "1": {
            "labelled_normal": 1791,
            "labelled_malicious": 1,
            "recall": 0.0005580357142857143
        },
        "2": {
            "labelled_normal": 1448,
            "labelled_malicious": 12,
            "recall": 0.00821917808219178
        },
        "3": {
            "labelled_normal": 1700,
            "labelled_malicious": 0,
            "recall": 0.0
        },
        "4": {
            "labelled_normal": 1932,
            "labelled_malicious": 0,
            "recall": 0.0
        },
        "5": {
            "labelled_normal": 869,
            "labelled_malicious": 547,
            "recall": 0.3862994350282486
        },
        "6": {
            "labelled_normal": 77,
            "labelled_malicious": 303,
            "recall": 0.7973684210526316
        },
        "7": {
            "labelled_normal": 1512,
            "labelled_malicious": 0,
            "recall": 0.0
        },
        "8": {
            "labelled_normal": 1797,
            "labelled_malicious": 1,
            "recall": 0.0005561735261401557
        },
        "9": {
            "labelled_normal": 1361,
            "labelled_malicious": 35,
            "recall": 0.025071633237822348
        },
        "10": {
            "labelled_normal": 1436,
            "labelled_malicious": 38,
            "recall": 0.025780189959294438
        },
        "11": {
            "labelled_normal": 1821,
            "labelled_malicious": 13,
            "recall": 0.007088331515812432
        },
        "12": {
            "labelled_normal": 2072,
            "labelled_malicious": 0,
            "recall": 0.0
        },
        "13": {
            "labelled_normal": 1545,
            "labelled_malicious": 49,
            "recall": 0.030740276035131745
        },
        "14": {
            "labelled_normal": 1673,
            "labelled_malicious": 3,
            "recall": 0.0017899761336515514
        },
        "15": {
            "labelled_normal": 1515,
            "labelled_malicious": 43,
            "recall": 0.027599486521181
        },
        "16": {
            "labelled_normal": 1654,
            "labelled_malicious": 4,
            "recall": 0.0024125452352231603
        },
        "17": {
            "labelled_normal": 1396,
            "labelled_malicious": 18,
            "recall": 0.01272984441301273
        },
        "18": {
            "labelled_normal": 2171,
            "labelled_malicious": 5,
            "recall": 0.002297794117647059
        },
        "19": {
            "labelled_normal": 1634,
            "labelled_malicious": 0,
            "recall": 0.0
        },
        "20": {
            "labelled_normal": 666,
            "labelled_malicious": 0,
            "recall": 0.0
        },
        "21": {
            "labelled_normal": 1722,
            "labelled_malicious": 0,
            "recall": 0.0
        },
        "22": {
            "labelled_normal": 1500,
            "labelled_malicious": 42,
            "recall": 0.027237354085603113
        },
        "23": {
            "labelled_normal": 2048,
            "labelled_malicious": 0,
            "recall": 0.0
        },
        "24": {
            "labelled_normal": 1160,
            "labelled_malicious": 0,
            "recall": 0.0
        },
        "25": {
            "labelled_normal": 1469,
            "labelled_malicious": 3,
            "recall": 0.0020380434782608695
        },
        "26": {
            "labelled_normal": 1801,
            "labelled_malicious": 7,
            "recall": 0.0038716814159292035
        },
        "27": {
            "labelled_normal": 2078,
            "labelled_malicious": 1,
            "recall": 0.000481000481000481
        },
        "28": {
            "labelled_normal": 1857,
            "labelled_malicious": 1,
            "recall": 0.0005382131324004305
        },
        "29": {
            "labelled_normal": 1856,
            "labelled_malicious": 0,
            "recall": 0.0
        },
        "30": {
            "labelled_normal": 2118,
            "labelled_malicious": 2,
            "recall": 0.0009433962264150943
        },
        "31": {
            "labelled_normal": 1894,
            "labelled_malicious": 12,
            "recall": 0.0062959076600209865
        },
        "32": {
            "labelled_normal": 1868,
            "labelled_malicious": 3,
            "recall": 0.0016034206306787815
        },
        "33": {
            "labelled_normal": 1604,
            "labelled_malicious": 0,
            "recall": 0.0
        },
        "34": {
            "labelled_normal": 2009,
            "labelled_malicious": 1,
            "recall": 0.0004975124378109452
        },
        "35": {
            "labelled_normal": 2198,
            "labelled_malicious": 6,
            "recall": 0.0027223230490018148
        }
    },
    "attack_categories": {
        "0": {
            "labelled_normal": 42795,
            "labelled_malicious": 45,
            "recall": 0.9989495798319328
        },
        "1": {
            "labelled_normal": 7736,
            "labelled_malicious": 17,
            "recall": 0.002192699600154779
        },
        "2": {
            "labelled_normal": 13016,
            "labelled_malicious": 19,
            "recall": 0.001457614115841964
        },
        "3": {
            "labelled_normal": 7783,
            "labelled_malicious": 117,
            "recall": 0.01481012658227848
        },
        "4": {
            "labelled_normal": 17816,
            "labelled_malicious": 950,
            "recall": 0.05062346797399552
        },
        "5": {
            "labelled_normal": 4856,
            "labelled_malicious": 42,
            "recall": 0.008574928542262147
        },
        "6": {
            "labelled_normal": 2171,
            "labelled_malicious": 5,
            "recall": 0.002297794117647059
        },
        "7": {
            "labelled_normal": 3874,
            "labelled_malicious": 0,
            "recall": 0.0
        }
    }
}