{
    "TP": 1934,
    "TN": 42818,
    "FP": 210,
    "FN": 51724,
    "accuracy": 0.46285915230746955,
    "precision": 0.9020522388059702,
    "recall": 0.03604308770360431,
    "attack_types": {
        "0": {
            "labelled_normal": 42818,
            "labelled_malicious": 210,
            "recall": 0.9951194570977038
        },
        "1": {
            "labelled_normal": 1712,
            "labelled_malicious": 80,
            "recall": 0.044642857142857144
        },
        "2": {
            "labelled_normal": 1413,
            "labelled_malicious": 47,
            "recall": 0.03219178082191781
        },
        "3": {
            "labelled_normal": 1700,
            "labelled_malicious": 0,
            "recall": 0.0
        },
        "4": {
            "labelled_normal": 1932,
            "labelled_malicious": 0,
            "recall": 0.0
        },
        "5": {
            "labelled_normal": 1357,
            "labelled_malicious": 59,
            "recall": 0.041666666666666664
        },
        "6": {
            "labelled_normal": 1953,
            "labelled_malicious": 73,
            "recall": 0.03603158933859822
        },
        "7": {
            "labelled_normal": 1512,
            "labelled_malicious": 0,
            "recall": 0.0
        },
        "8": {
            "labelled_normal": 1789,
            "labelled_malicious": 9,
            "recall": 0.005005561735261402
        },
        "9": {
            "labelled_normal": 1348,
            "labelled_malicious": 48,
            "recall": 0.034383954154727794
        },
        "10": {
            "labelled_normal": 1390,
            "labelled_malicious": 84,
            "recall": 0.05698778833107191
        },
        "11": {
            "labelled_normal": 1830,
            "labelled_malicious": 4,
            "recall": 0.0021810250817884407
        },
        "12": {
            "labelled_normal": 2056,
            "labelled_malicious": 16,
            "recall": 0.007722007722007722
        },
        "13": {
            "labelled_normal": 40,
            "labelled_malicious": 284,
            "recall": 0.8765432098765432
        },
        "14": {
            "labelled_normal": 30,
            "labelled_malicious": 291,
            "recall": 0.9065420560747663
        },
        "15": {
            "labelled_normal": 30,
            "labelled_malicious": 264,
            "recall": 0.8979591836734694
        },
        "16": {
            "labelled_normal": 22,
            "labelled_malicious": 271,
            "recall": 0.9249146757679181
        },
        "17": {
            "labelled_normal": 16,
            "labelled_malicious": 262,
            "recall": 0.9424460431654677
        },
        "18": {
            "labelled_normal": 2081,
            "labelled_malicious": 95,
            "recall": 0.043658088235294115
        },
        "19": {
            "labelled_normal": 1634,
            "labelled_malicious": 0,
            "recall": 0.0
        },
        "20": {
            "labelled_normal": 666,
            "labelled_malicious": 0,
            "recall": 0.0
        },
        "21": {
            "labelled_normal": 1722,
            "labelled_malicious": 0,
            "recall": 0.0
        },
        "22": {
            "labelled_normal": 1526,
            "labelled_malicious": 16,
            "recall": 0.010376134889753566
        },
        "23": {
            "labelled_normal": 2048,
            "labelled_malicious": 0,
            "recall": 0.0
        },
        "24": {
            "labelled_normal": 1160,
            "labelled_malicious": 0,
            "recall": 0.0
        },
        "25": {
            "labelled_normal": 1466,
            "labelled_malicious": 6,
            "recall": 0.004076086956521739
        },
        "26": {
            "labelled_normal": 1784,
            "labelled_malicious": 24,
            "recall": 0.01327433628318584
        },
        "27": {
            "labelled_normal": 2079,
            "labelled_malicious": 0,
            "recall": 0.0
        },
        "28": {
            "labelled_normal": 1858,
            "labelled_malicious": 0,
            "recall": 0.0
        },
        "29": {
            "labelled_normal": 1855,
            "labelled_malicious": 1,
            "recall": 0.0005387931034482759
        },
        "30": {
            "labelled_normal": 2120,
            "labelled_malicious": 0,
            "recall": 0.0
        },
        "31": {
            "labelled_normal": 1906,
            "labelled_malicious": 0,
            "recall": 0.0
        },
        "32": {
            "labelled_normal": 1871,
            "labelled_malicious": 0,
            "recall": 0.0
        },
        "33": {
            "labelled_normal": 1604,
            "labelled_malicious": 0,
            "recall": 0.0
        },
        "34": {
            "labelled_normal": 2010,
            "labelled_malicious": 0,
            "recall": 0.0
        },
        "35": {
            "labelled_normal": 2204,
            "labelled_malicious": 0,
            "recall": 0.0
        }
    },
    "attack_categories": {
        "0": {
            "labelled_normal": 42818,
            "labelled_malicious": 210,
            "recall": 0.9951194570977038
        },
        "1": {
            "labelled_normal": 7752,
            "labelled_malicious": 1,
            "recall": 0.00012898232942086933
        },
        "2": {
            "labelled_normal": 13005,
            "labelled_malicious": 30,
            "recall": 0.0023014959723820483
        },
        "3": {
            "labelled_normal": 138,
            "labelled_malicious": 1372,
            "recall": 0.9086092715231788
        },
        "4": {
            "labelled_normal": 19992,
            "labelled_malicious": 420,
            "recall": 0.0205761316872428
        },
        "5": {
            "labelled_normal": 4882,
            "labelled_malicious": 16,
            "recall": 0.0032666394446712946
        },
        "6": {
            "labelled_normal": 2081,
            "labelled_malicious": 95,
            "recall": 0.043658088235294115
        },
        "7": {
            "labelled_normal": 3874,
            "labelled_malicious": 0,
            "recall": 0.0
        }
    }
}