{
    "TP": 6596,
    "TN": 42826,
    "FP": 39,
    "FN": 52040,
    "accuracy": 0.48691145900040395,
    "precision": 0.9941220798794272,
    "recall": 0.11249062009686882,
    "attack_types": {
        "0": {
            "labelled_normal": 42826,
            "labelled_malicious": 39,
            "recall": 0.9990901668027529
        },
        "1": {
            "labelled_normal": 1789,
            "labelled_malicious": 3,
            "recall": 0.0016741071428571428
        },
        "2": {
            "labelled_normal": 1458,
            "labelled_malicious": 2,
            "recall": 0.0013698630136986301
        },
        "3": {
            "labelled_normal": 1700,
            "labelled_malicious": 0,
            "recall": 0.0
        },
        "4": {
            "labelled_normal": 1932,
            "labelled_malicious": 0,
            "recall": 0.0
        },
        "5": {
            "labelled_normal": 1416,
            "labelled_malicious": 0,
            "recall": 0.0
        },
        "6": {
            "labelled_normal": 2025,
            "labelled_malicious": 1,
            "recall": 0.0004935834155972359
        },
        "7": {
            "labelled_normal": 1510,
            "labelled_malicious": 2,
            "recall": 0.0013227513227513227
        },
        "8": {
            "labelled_normal": 1795,
            "labelled_malicious": 3,
            "recall": 0.0016685205784204673
        },
        "9": {
            "labelled_normal": 1394,
            "labelled_malicious": 2,
            "recall": 0.0014326647564469914
        },
        "10": {
            "labelled_normal": 1473,
            "labelled_malicious": 1,
            "recall": 0.0006784260515603799
        },
        "11": {
            "labelled_normal": 1830,
            "labelled_malicious": 4,
            "recall": 0.0021810250817884407
        },
        "12": {
            "labelled_normal": 2072,
            "labelled_malicious": 0,
            "recall": 0.0
        },
        "13": {
            "labelled_normal": 1592,
            "labelled_malicious": 2,
            "recall": 0.0012547051442910915
        },
        "14": {
            "labelled_normal": 1666,
            "labelled_malicious": 10,
            "recall": 0.0059665871121718375
        },
        "15": {
            "labelled_normal": 1554,
            "labelled_malicious": 4,
            "recall": 0.0025673940949935813
        },
        "16": {
            "labelled_normal": 1654,
            "labelled_malicious": 4,
            "recall": 0.0024125452352231603
        },
        "17": {
            "labelled_normal": 1412,
            "labelled_malicious": 2,
            "recall": 0.0014144271570014145
        },
        "18": {
            "labelled_normal": 2173,
            "labelled_malicious": 3,
            "recall": 0.0013786764705882354
        },
        "19": {
            "labelled_normal": 1631,
            "labelled_malicious": 3,
            "recall": 0.0018359853121175031
        },
        "20": {
            "labelled_normal": 665,
            "labelled_malicious": 1,
            "recall": 0.0015015015015015015
        },
        "21": {
            "labelled_normal": 1721,
            "labelled_malicious": 1,
            "recall": 0.0005807200929152149
        },
        "22": {
            "labelled_normal": 1542,
            "labelled_malicious": 0,
            "recall": 0.0
        },
        "23": {
            "labelled_normal": 2048,
            "labelled_malicious": 0,
            "recall": 0.0
        },
        "24": {
            "labelled_normal": 1156,
            "labelled_malicious": 4,
            "recall": 0.0034482758620689655
        },
        "25": {
            "labelled_normal": 683,
            "labelled_malicious": 789,
            "recall": 0.5360054347826086
        },
        "26": {
            "labelled_normal": 52,
            "labelled_malicious": 344,
            "recall": 0.8686868686868687
        },
        "27": {
            "labelled_normal": 2076,
            "labelled_malicious": 3,
            "recall": 0.001443001443001443
        },
        "28": {
            "labelled_normal": 874,
            "labelled_malicious": 984,
            "recall": 0.5296017222820237
        },
        "29": {
            "labelled_normal": 767,
            "labelled_malicious": 1089,
            "recall": 0.5867456896551724
        },
        "30": {
            "labelled_normal": 2117,
            "labelled_malicious": 3,
            "recall": 0.0014150943396226414
        },
        "31": {
            "labelled_normal": 460,
            "labelled_malicious": 1446,
            "recall": 0.7586568730325288
        },
        "32": {
            "labelled_normal": 508,
            "labelled_malicious": 1363,
            "recall": 0.7284874398717264
        },
        "33": {
            "labelled_normal": 1604,
            "labelled_malicious": 0,
            "recall": 0.0
        },
        "34": {
            "labelled_normal": 1487,
            "labelled_malicious": 523,
            "recall": 0.2601990049751244
        },
        "35": {
            "labelled_normal": 2204,
            "labelled_malicious": 0,
            "recall": 0.0
        }
    },
    "attack_categories": {
        "0": {
            "labelled_normal": 42826,
            "labelled_malicious": 39,
            "recall": 0.9990901668027529
        },
        "1": {
            "labelled_normal": 3852,
            "labelled_malicious": 3901,
            "recall": 0.5031600670708113
        },
        "2": {
            "labelled_normal": 8980,
            "labelled_malicious": 2643,
            "recall": 0.22739396025122602
        },
        "3": {
            "labelled_normal": 7878,
            "labelled_malicious": 22,
            "recall": 0.0027848101265822785
        },
        "4": {
            "labelled_normal": 20394,
            "labelled_malicious": 18,
            "recall": 0.0008818342151675485
        },
        "5": {
            "labelled_normal": 4894,
            "labelled_malicious": 4,
            "recall": 0.0008166598611678236
        },
        "6": {
            "labelled_normal": 2173,
            "labelled_malicious": 3,
            "recall": 0.0013786764705882354
        },
        "7": {
            "labelled_normal": 3869,
            "labelled_malicious": 5,
            "recall": 0.0012906556530717604
        }
    }
}