{
    "TP": 493,
    "TN": 42798,
    "FP": 67,
    "FN": 58220,
    "accuracy": 0.4261848037960976,
    "precision": 0.8803571428571428,
    "recall": 0.008396777545007068,
    "attack_types": {
        "0": {
            "labelled_normal": 42798,
            "labelled_malicious": 67,
            "recall": 0.9984369532252421
        },
        "1": {
            "labelled_normal": 1781,
            "labelled_malicious": 11,
            "recall": 0.006138392857142857
        },
        "2": {
            "labelled_normal": 1457,
            "labelled_malicious": 3,
            "recall": 0.002054794520547945
        },
        "3": {
            "labelled_normal": 1700,
            "labelled_malicious": 0,
            "recall": 0.0
        },
        "4": {
            "labelled_normal": 1932,
            "labelled_malicious": 0,
            "recall": 0.0
        },
        "5": {
            "labelled_normal": 1402,
            "labelled_malicious": 14,
            "recall": 0.009887005649717515
        },
        "6": {
            "labelled_normal": 2017,
            "labelled_malicious": 9,
            "recall": 0.004442250740375123
        },
        "7": {
            "labelled_normal": 1512,
            "labelled_malicious": 0,
            "recall": 0.0
        },
        "8": {
            "labelled_normal": 1797,
            "labelled_malicious": 1,
            "recall": 0.0005561735261401557
        },
        "9": {
            "labelled_normal": 1391,
            "labelled_malicious": 5,
            "recall": 0.0035816618911174787
        },
        "10": {
            "labelled_normal": 1459,
            "labelled_malicious": 15,
            "recall": 0.0101763907734057
        },
        "11": {
            "labelled_normal": 1832,
            "labelled_malicious": 2,
            "recall": 0.0010905125408942203
        },
        "12": {
            "labelled_normal": 2072,
            "labelled_malicious": 0,
            "recall": 0.0
        },
        "13": {
            "labelled_normal": 1579,
            "labelled_malicious": 15,
            "recall": 0.009410288582183186
        },
        "14": {
            "labelled_normal": 19,
            "labelled_malicious": 322,
            "recall": 0.9442815249266863
        },
        "15": {
            "labelled_normal": 1510,
            "labelled_malicious": 48,
            "recall": 0.03080872913992298
        },
        "16": {
            "labelled_normal": 1655,
            "labelled_malicious": 3,
            "recall": 0.0018094089264173703
        },
        "17": {
            "labelled_normal": 1413,
            "labelled_malicious": 1,
            "recall": 0.0007072135785007072
        },
        "18": {
            "labelled_normal": 2145,
            "labelled_malicious": 31,
            "recall": 0.014246323529411764
        },
        "19": {
            "labelled_normal": 1634,
            "labelled_malicious": 0,
            "recall": 0.0
        },
        "20": {
            "labelled_normal": 666,
            "labelled_malicious": 0,
            "recall": 0.0
        },
        "21": {
            "labelled_normal": 1721,
            "labelled_malicious": 1,
            "recall": 0.0005807200929152149
        },
        "22": {
            "labelled_normal": 1542,
            "labelled_malicious": 0,
            "recall": 0.0
        },
        "23": {
            "labelled_normal": 2048,
            "labelled_malicious": 0,
            "recall": 0.0
        },
        "24": {
            "labelled_normal": 1160,
            "labelled_malicious": 0,
            "recall": 0.0
        },
        "25": {
            "labelled_normal": 1470,
            "labelled_malicious": 2,
            "recall": 0.001358695652173913
        },
        "26": {
            "labelled_normal": 1799,
            "labelled_malicious": 9,
            "recall": 0.00497787610619469
        },
        "27": {
            "labelled_normal": 2079,
            "labelled_malicious": 0,
            "recall": 0.0
        },
        "28": {
            "labelled_normal": 1858,
            "labelled_malicious": 0,
            "recall": 0.0
        },
        "29": {
            "labelled_normal": 1855,
            "labelled_malicious": 1,
            "recall": 0.0005387931034482759
        },
        "30": {
            "labelled_normal": 2120,
            "labelled_malicious": 0,
            "recall": 0.0
        },
        "31": {
            "labelled_normal": 1906,
            "labelled_malicious": 0,
            "recall": 0.0
        },
        "32": {
            "labelled_normal": 1871,
            "labelled_malicious": 0,
            "recall": 0.0
        },
        "33": {
            "labelled_normal": 1604,
            "labelled_malicious": 0,
            "recall": 0.0
        },
        "34": {
            "labelled_normal": 2010,
            "labelled_malicious": 0,
            "recall": 0.0
        },
        "35": {
            "labelled_normal": 2204,
            "labelled_malicious": 0,
            "recall": 0.0
        }
    },
    "attack_categories": {
        "0": {
            "labelled_normal": 42798,
            "labelled_malicious": 67,
            "recall": 0.9984369532252421
        },
        "1": {
            "labelled_normal": 7752,
            "labelled_malicious": 1,
            "recall": 0.00012898232942086933
        },
        "2": {
            "labelled_normal": 13024,
            "labelled_malicious": 11,
            "recall": 0.0008438818565400844
        },
        "3": {
            "labelled_normal": 6176,
            "labelled_malicious": 389,
            "recall": 0.05925361766945925
        },
        "4": {
            "labelled_normal": 20352,
            "labelled_malicious": 60,
            "recall": 0.0029394473838918285
        },
        "5": {
            "labelled_normal": 4897,
            "labelled_malicious": 1,
            "recall": 0.0002041649652919559
        },
        "6": {
            "labelled_normal": 2145,
            "labelled_malicious": 31,
            "recall": 0.014246323529411764
        },
        "7": {
            "labelled_normal": 3874,
            "labelled_malicious": 0,
            "recall": 0.0
        }
    }
}