{
    "TP": 642,
    "TN": 42734,
    "FP": 79,
    "FN": 58171,
    "accuracy": 0.4268199082911853,
    "precision": 0.8904299583911235,
    "recall": 0.010915953955758081,
    "attack_types": {
        "0": {
            "labelled_normal": 42734,
            "labelled_malicious": 79,
            "recall": 0.9981547660757246
        },
        "1": {
            "labelled_normal": 1786,
            "labelled_malicious": 6,
            "recall": 0.0033482142857142855
        },
        "2": {
            "labelled_normal": 1442,
            "labelled_malicious": 18,
            "recall": 0.012328767123287671
        },
        "3": {
            "labelled_normal": 1700,
            "labelled_malicious": 0,
            "recall": 0.0
        },
        "4": {
            "labelled_normal": 1932,
            "labelled_malicious": 0,
            "recall": 0.0
        },
        "5": {
            "labelled_normal": 1389,
            "labelled_malicious": 27,
            "recall": 0.019067796610169493
        },
        "6": {
            "labelled_normal": 1977,
            "labelled_malicious": 49,
            "recall": 0.02418558736426456
        },
        "7": {
            "labelled_normal": 1512,
            "labelled_malicious": 0,
            "recall": 0.0
        },
        "8": {
            "labelled_normal": 1798,
            "labelled_malicious": 0,
            "recall": 0.0
        },
        "9": {
            "labelled_normal": 1349,
            "labelled_malicious": 47,
            "recall": 0.0336676217765043
        },
        "10": {
            "labelled_normal": 1445,
            "labelled_malicious": 29,
            "recall": 0.01967435549525102
        },
        "11": {
            "labelled_normal": 1834,
            "labelled_malicious": 0,
            "recall": 0.0
        },
        "12": {
            "labelled_normal": 2072,
            "labelled_malicious": 0,
            "recall": 0.0
        },
        "13": {
            "labelled_normal": 46,
            "labelled_malicious": 313,
            "recall": 0.871866295264624
        },
        "14": {
            "labelled_normal": 1651,
            "labelled_malicious": 25,
            "recall": 0.014916467780429593
        },
        "15": {
            "labelled_normal": 1523,
            "labelled_malicious": 35,
            "recall": 0.022464698331193838
        },
        "16": {
            "labelled_normal": 1633,
            "labelled_malicious": 25,
            "recall": 0.015078407720144753
        },
        "17": {
            "labelled_normal": 1389,
            "labelled_malicious": 25,
            "recall": 0.01768033946251768
        },
        "18": {
            "labelled_normal": 2138,
            "labelled_malicious": 38,
            "recall": 0.017463235294117647
        },
        "19": {
            "labelled_normal": 1634,
            "labelled_malicious": 0,
            "recall": 0.0
        },
        "20": {
            "labelled_normal": 666,
            "labelled_malicious": 0,
            "recall": 0.0
        },
        "21": {
            "labelled_normal": 1722,
            "labelled_malicious": 0,
            "recall": 0.0
        },
        "22": {
            "labelled_normal": 1542,
            "labelled_malicious": 0,
            "recall": 0.0
        },
        "23": {
            "labelled_normal": 2048,
            "labelled_malicious": 0,
            "recall": 0.0
        },
        "24": {
            "labelled_normal": 1160,
            "labelled_malicious": 0,
            "recall": 0.0
        },
        "25": {
            "labelled_normal": 1472,
            "labelled_malicious": 0,
            "recall": 0.0
        },
        "26": {
            "labelled_normal": 1805,
            "labelled_malicious": 3,
            "recall": 0.00165929203539823
        },
        "27": {
            "labelled_normal": 2079,
            "labelled_malicious": 0,
            "recall": 0.0
        },
        "28": {
            "labelled_normal": 1858,
            "labelled_malicious": 0,
            "recall": 0.0
        },
        "29": {
            "labelled_normal": 1854,
            "labelled_malicious": 2,
            "recall": 0.0010775862068965517
        },
        "30": {
            "labelled_normal": 2120,
            "labelled_malicious": 0,
            "recall": 0.0
        },
        "31": {
            "labelled_normal": 1906,
            "labelled_malicious": 0,
            "recall": 0.0
        },
        "32": {
            "labelled_normal": 1871,
            "labelled_malicious": 0,
            "recall": 0.0
        },
        "33": {
            "labelled_normal": 1604,
            "labelled_malicious": 0,
            "recall": 0.0
        },
        "34": {
            "labelled_normal": 2010,
            "labelled_malicious": 0,
            "recall": 0.0
        },
        "35": {
            "labelled_normal": 2204,
            "labelled_malicious": 0,
            "recall": 0.0
        }
    },
    "attack_categories": {
        "0": {
            "labelled_normal": 42734,
            "labelled_malicious": 79,
            "recall": 0.9981547660757246
        },
        "1": {
            "labelled_normal": 7751,
            "labelled_malicious": 2,
            "recall": 0.00025796465884173866
        },
        "2": {
            "labelled_normal": 13032,
            "labelled_malicious": 3,
            "recall": 0.00023014959723820482
        },
        "3": {
            "labelled_normal": 6242,
            "labelled_malicious": 423,
            "recall": 0.06346586646661666
        },
        "4": {
            "labelled_normal": 20236,
            "labelled_malicious": 176,
            "recall": 0.008622378992749364
        },
        "5": {
            "labelled_normal": 4898,
            "labelled_malicious": 0,
            "recall": 0.0
        },
        "6": {
            "labelled_normal": 2138,
            "labelled_malicious": 38,
            "recall": 0.017463235294117647
        },
        "7": {
            "labelled_normal": 3874,
            "labelled_malicious": 0,
            "recall": 0.0
        }
    }
}