{
    "TP": 595,
    "TN": 42725,
    "FP": 88,
    "FN": 58215,
    "accuracy": 0.4262814520334964,
    "precision": 0.8711566617862372,
    "recall": 0.010117326985206598,
    "attack_types": {
        "0": {
            "labelled_normal": 42725,
            "labelled_malicious": 88,
            "recall": 0.997944549552706
        },
        "1": {
            "labelled_normal": 1710,
            "labelled_malicious": 82,
            "recall": 0.04575892857142857
        },
        "2": {
            "labelled_normal": 1449,
            "labelled_malicious": 11,
            "recall": 0.007534246575342466
        },
        "3": {
            "labelled_normal": 1700,
            "labelled_malicious": 0,
            "recall": 0.0
        },
        "4": {
            "labelled_normal": 1932,
            "labelled_malicious": 0,
            "recall": 0.0
        },
        "5": {
            "labelled_normal": 1416,
            "labelled_malicious": 0,
            "recall": 0.0
        },
        "6": {
            "labelled_normal": 2015,
            "labelled_malicious": 11,
            "recall": 0.005429417571569595
        },
        "7": {
            "labelled_normal": 1512,
            "labelled_malicious": 0,
            "recall": 0.0
        },
        "8": {
            "labelled_normal": 1793,
            "labelled_malicious": 5,
            "recall": 0.0027808676307007787
        },
        "9": {
            "labelled_normal": 1387,
            "labelled_malicious": 9,
            "recall": 0.0064469914040114614
        },
        "10": {
            "labelled_normal": 1452,
            "labelled_malicious": 22,
            "recall": 0.014925373134328358
        },
        "11": {
            "labelled_normal": 1834,
            "labelled_malicious": 0,
            "recall": 0.0
        },
        "12": {
            "labelled_normal": 2072,
            "labelled_malicious": 0,
            "recall": 0.0
        },
        "13": {
            "labelled_normal": 1523,
            "labelled_malicious": 71,
            "recall": 0.04454203262233375
        },
        "14": {
            "labelled_normal": 1656,
            "labelled_malicious": 20,
            "recall": 0.011933174224343675
        },
        "15": {
            "labelled_normal": 66,
            "labelled_malicious": 254,
            "recall": 0.79375
        },
        "16": {
            "labelled_normal": 1628,
            "labelled_malicious": 30,
            "recall": 0.018094089264173704
        },
        "17": {
            "labelled_normal": 1367,
            "labelled_malicious": 47,
            "recall": 0.03323903818953324
        },
        "18": {
            "labelled_normal": 2153,
            "labelled_malicious": 23,
            "recall": 0.010569852941176471
        },
        "19": {
            "labelled_normal": 1634,
            "labelled_malicious": 0,
            "recall": 0.0
        },
        "20": {
            "labelled_normal": 666,
            "labelled_malicious": 0,
            "recall": 0.0
        },
        "21": {
            "labelled_normal": 1722,
            "labelled_malicious": 0,
            "recall": 0.0
        },
        "22": {
            "labelled_normal": 1542,
            "labelled_malicious": 0,
            "recall": 0.0
        },
        "23": {
            "labelled_normal": 2048,
            "labelled_malicious": 0,
            "recall": 0.0
        },
        "24": {
            "labelled_normal": 1160,
            "labelled_malicious": 0,
            "recall": 0.0
        },
        "25": {
            "labelled_normal": 1467,
            "labelled_malicious": 5,
            "recall": 0.0033967391304347825
        },
        "26": {
            "labelled_normal": 1803,
            "labelled_malicious": 5,
            "recall": 0.0027654867256637168
        },
        "27": {
            "labelled_normal": 2079,
            "labelled_malicious": 0,
            "recall": 0.0
        },
        "28": {
            "labelled_normal": 1858,
            "labelled_malicious": 0,
            "recall": 0.0
        },
        "29": {
            "labelled_normal": 1856,
            "labelled_malicious": 0,
            "recall": 0.0
        },
        "30": {
            "labelled_normal": 2120,
            "labelled_malicious": 0,
            "recall": 0.0
        },
        "31": {
            "labelled_normal": 1906,
            "labelled_malicious": 0,
            "recall": 0.0
        },
        "32": {
            "labelled_normal": 1871,
            "labelled_malicious": 0,
            "recall": 0.0
        },
        "33": {
            "labelled_normal": 1604,
            "labelled_malicious": 0,
            "recall": 0.0
        },
        "34": {
            "labelled_normal": 2010,
            "labelled_malicious": 0,
            "recall": 0.0
        },
        "35": {
            "labelled_normal": 2204,
            "labelled_malicious": 0,
            "recall": 0.0
        }
    },
    "attack_categories": {
        "0": {
            "labelled_normal": 42725,
            "labelled_malicious": 88,
            "recall": 0.997944549552706
        },
        "1": {
            "labelled_normal": 7753,
            "labelled_malicious": 0,
            "recall": 0.0
        },
        "2": {
            "labelled_normal": 13025,
            "labelled_malicious": 10,
            "recall": 0.0007671653241273494
        },
        "3": {
            "labelled_normal": 6240,
            "labelled_malicious": 422,
            "recall": 0.0633443410387271
        },
        "4": {
            "labelled_normal": 20272,
            "labelled_malicious": 140,
            "recall": 0.006858710562414266
        },
        "5": {
            "labelled_normal": 4898,
            "labelled_malicious": 0,
            "recall": 0.0
        },
        "6": {
            "labelled_normal": 2153,
            "labelled_malicious": 23,
            "recall": 0.010569852941176471
        },
        "7": {
            "labelled_normal": 3874,
            "labelled_malicious": 0,
            "recall": 0.0
        }
    }
}