{
    "TP": 7820,
    "TN": 42833,
    "FP": 197,
    "FN": 41862,
    "accuracy": 0.54634782983864,
    "precision": 0.9754272171635275,
    "recall": 0.15740107081035384,
    "attack_types": {
        "0": {
            "labelled_normal": 42833,
            "labelled_malicious": 197,
            "recall": 0.9954217987450615
        },
        "1": {
            "labelled_normal": 1791,
            "labelled_malicious": 1,
            "recall": 0.0005580357142857143
        },
        "2": {
            "labelled_normal": 1450,
            "labelled_malicious": 10,
            "recall": 0.00684931506849315
        },
        "3": {
            "labelled_normal": 1663,
            "labelled_malicious": 37,
            "recall": 0.02176470588235294
        },
        "4": {
            "labelled_normal": 1905,
            "labelled_malicious": 27,
            "recall": 0.013975155279503106
        },
        "5": {
            "labelled_normal": 1409,
            "labelled_malicious": 7,
            "recall": 0.0049435028248587575
        },
        "6": {
            "labelled_normal": 2019,
            "labelled_malicious": 7,
            "recall": 0.0034550839091806516
        },
        "7": {
            "labelled_normal": 1508,
            "labelled_malicious": 4,
            "recall": 0.0026455026455026454
        },
        "8": {
            "labelled_normal": 1795,
            "labelled_malicious": 3,
            "recall": 0.0016685205784204673
        },
        "9": {
            "labelled_normal": 1384,
            "labelled_malicious": 12,
            "recall": 0.008595988538681949
        },
        "10": {
            "labelled_normal": 1470,
            "labelled_malicious": 4,
            "recall": 0.0027137042062415195
        },
        "11": {
            "labelled_normal": 1826,
            "labelled_malicious": 8,
            "recall": 0.004362050163576881
        },
        "12": {
            "labelled_normal": 2056,
            "labelled_malicious": 16,
            "recall": 0.007722007722007722
        },
        "13": {
            "labelled_normal": 1592,
            "labelled_malicious": 2,
            "recall": 0.0012547051442910915
        },
        "14": {
            "labelled_normal": 1670,
            "labelled_malicious": 6,
            "recall": 0.003579952267303103
        },
        "15": {
            "labelled_normal": 1555,
            "labelled_malicious": 3,
            "recall": 0.0019255455712451862
        },
        "16": {
            "labelled_normal": 1656,
            "labelled_malicious": 2,
            "recall": 0.0012062726176115801
        },
        "17": {
            "labelled_normal": 1414,
            "labelled_malicious": 0,
            "recall": 0.0
        },
        "18": {
            "labelled_normal": 2167,
            "labelled_malicious": 9,
            "recall": 0.004136029411764706
        },
        "19": {
            "labelled_normal": 1597,
            "labelled_malicious": 37,
            "recall": 0.022643818849449205
        },
        "20": {
            "labelled_normal": 664,
            "labelled_malicious": 2,
            "recall": 0.003003003003003003
        },
        "21": {
            "labelled_normal": 1622,
            "labelled_malicious": 100,
            "recall": 0.05807200929152149
        },
        "22": {
            "labelled_normal": 1473,
            "labelled_malicious": 69,
            "recall": 0.04474708171206226
        },
        "23": {
            "labelled_normal": 1972,
            "labelled_malicious": 76,
            "recall": 0.037109375
        },
        "24": {
            "labelled_normal": 1144,
            "labelled_malicious": 16,
            "recall": 0.013793103448275862
        },
        "25": {
            "labelled_normal": 54,
            "labelled_malicious": 247,
            "recall": 0.8205980066445183
        },
        "26": {
            "labelled_normal": 54,
            "labelled_malicious": 319,
            "recall": 0.8552278820375335
        },
        "27": {
            "labelled_normal": 32,
            "labelled_malicious": 373,
            "recall": 0.9209876543209876
        },
        "28": {
            "labelled_normal": 67,
            "labelled_malicious": 315,
            "recall": 0.824607329842932
        },
        "29": {
            "labelled_normal": 547,
            "labelled_malicious": 1309,
            "recall": 0.7052801724137931
        },
        "30": {
            "labelled_normal": 1801,
            "labelled_malicious": 319,
            "recall": 0.15047169811320754
        },
        "31": {
            "labelled_normal": 226,
            "labelled_malicious": 1680,
            "recall": 0.881427072402938
        },
        "32": {
            "labelled_normal": 197,
            "labelled_malicious": 1674,
            "recall": 0.89470871191876
        },
        "33": {
            "labelled_normal": 10,
            "labelled_malicious": 310,
            "recall": 0.96875
        },
        "34": {
            "labelled_normal": 19,
            "labelled_malicious": 386,
            "recall": 0.9530864197530864
        },
        "35": {
            "labelled_normal": 53,
            "labelled_malicious": 430,
            "recall": 0.8902691511387164
        }
    },
    "attack_categories": {
        "0": {
            "labelled_normal": 42833,
            "labelled_malicious": 197,
            "recall": 0.9954217987450615
        },
        "1": {
            "labelled_normal": 2771,
            "labelled_malicious": 4982,
            "recall": 0.6425899651747711
        },
        "2": {
            "labelled_normal": 289,
            "labelled_malicious": 2380,
            "recall": 0.89171974522293
        },
        "3": {
            "labelled_normal": 7887,
            "labelled_malicious": 13,
            "recall": 0.0016455696202531645
        },
        "4": {
            "labelled_normal": 20276,
            "labelled_malicious": 136,
            "recall": 0.006662747403488144
        },
        "5": {
            "labelled_normal": 4692,
            "labelled_malicious": 206,
            "recall": 0.042057982850142915
        },
        "6": {
            "labelled_normal": 2167,
            "labelled_malicious": 9,
            "recall": 0.004136029411764706
        },
        "7": {
            "labelled_normal": 3780,
            "labelled_malicious": 94,
            "recall": 0.024264326277749097
        }
    }
}