{
    "TP": 581,
    "TN": 42757,
    "FP": 83,
    "FN": 58187,
    "accuracy": 0.42652153373750096,
    "precision": 0.875,
    "recall": 0.009886332698066975,
    "attack_types": {
        "0": {
            "labelled_normal": 42757,
            "labelled_malicious": 83,
            "recall": 0.998062558356676
        },
        "1": {
            "labelled_normal": 1786,
            "labelled_malicious": 6,
            "recall": 0.0033482142857142855
        },
        "2": {
            "labelled_normal": 1441,
            "labelled_malicious": 19,
            "recall": 0.013013698630136987
        },
        "3": {
            "labelled_normal": 1700,
            "labelled_malicious": 0,
            "recall": 0.0
        },
        "4": {
            "labelled_normal": 1932,
            "labelled_malicious": 0,
            "recall": 0.0
        },
        "5": {
            "labelled_normal": 1389,
            "labelled_malicious": 27,
            "recall": 0.019067796610169493
        },
        "6": {
            "labelled_normal": 1976,
            "labelled_malicious": 50,
            "recall": 0.024679170779861797
        },
        "7": {
            "labelled_normal": 1512,
            "labelled_malicious": 0,
            "recall": 0.0
        },
        "8": {
            "labelled_normal": 1798,
            "labelled_malicious": 0,
            "recall": 0.0
        },
        "9": {
            "labelled_normal": 1366,
            "labelled_malicious": 30,
            "recall": 0.02148997134670487
        },
        "10": {
            "labelled_normal": 1451,
            "labelled_malicious": 23,
            "recall": 0.015603799185888738
        },
        "11": {
            "labelled_normal": 1834,
            "labelled_malicious": 0,
            "recall": 0.0
        },
        "12": {
            "labelled_normal": 2072,
            "labelled_malicious": 0,
            "recall": 0.0
        },
        "13": {
            "labelled_normal": 45,
            "labelled_malicious": 269,
            "recall": 0.856687898089172
        },
        "14": {
            "labelled_normal": 1656,
            "labelled_malicious": 20,
            "recall": 0.011933174224343675
        },
        "15": {
            "labelled_normal": 1531,
            "labelled_malicious": 27,
            "recall": 0.017329910141206675
        },
        "16": {
            "labelled_normal": 1628,
            "labelled_malicious": 30,
            "recall": 0.018094089264173704
        },
        "17": {
            "labelled_normal": 1383,
            "labelled_malicious": 31,
            "recall": 0.021923620933521924
        },
        "18": {
            "labelled_normal": 2135,
            "labelled_malicious": 41,
            "recall": 0.01884191176470588
        },
        "19": {
            "labelled_normal": 1634,
            "labelled_malicious": 0,
            "recall": 0.0
        },
        "20": {
            "labelled_normal": 666,
            "labelled_malicious": 0,
            "recall": 0.0
        },
        "21": {
            "labelled_normal": 1722,
            "labelled_malicious": 0,
            "recall": 0.0
        },
        "22": {
            "labelled_normal": 1542,
            "labelled_malicious": 0,
            "recall": 0.0
        },
        "23": {
            "labelled_normal": 2048,
            "labelled_malicious": 0,
            "recall": 0.0
        },
        "24": {
            "labelled_normal": 1160,
            "labelled_malicious": 0,
            "recall": 0.0
        },
        "25": {
            "labelled_normal": 1472,
            "labelled_malicious": 0,
            "recall": 0.0
        },
        "26": {
            "labelled_normal": 1804,
            "labelled_malicious": 4,
            "recall": 0.0022123893805309734
        },
        "27": {
            "labelled_normal": 2079,
            "labelled_malicious": 0,
            "recall": 0.0
        },
        "28": {
            "labelled_normal": 1858,
            "labelled_malicious": 0,
            "recall": 0.0
        },
        "29": {
            "labelled_normal": 1853,
            "labelled_malicious": 3,
            "recall": 0.0016163793103448276
        },
        "30": {
            "labelled_normal": 2119,
            "labelled_malicious": 1,
            "recall": 0.0004716981132075472
        },
        "31": {
            "labelled_normal": 1906,
            "labelled_malicious": 0,
            "recall": 0.0
        },
        "32": {
            "labelled_normal": 1871,
            "labelled_malicious": 0,
            "recall": 0.0
        },
        "33": {
            "labelled_normal": 1604,
            "labelled_malicious": 0,
            "recall": 0.0
        },
        "34": {
            "labelled_normal": 2010,
            "labelled_malicious": 0,
            "recall": 0.0
        },
        "35": {
            "labelled_normal": 2204,
            "labelled_malicious": 0,
            "recall": 0.0
        }
    },
    "attack_categories": {
        "0": {
            "labelled_normal": 42757,
            "labelled_malicious": 83,
            "recall": 0.998062558356676
        },
        "1": {
            "labelled_normal": 7749,
            "labelled_malicious": 4,
            "recall": 0.0005159293176834773
        },
        "2": {
            "labelled_normal": 13031,
            "labelled_malicious": 4,
            "recall": 0.00030686612965093976
        },
        "3": {
            "labelled_normal": 6243,
            "labelled_malicious": 377,
            "recall": 0.05694864048338369
        },
        "4": {
            "labelled_normal": 20257,
            "labelled_malicious": 155,
            "recall": 0.007593572408387223
        },
        "5": {
            "labelled_normal": 4898,
            "labelled_malicious": 0,
            "recall": 0.0
        },
        "6": {
            "labelled_normal": 2135,
            "labelled_malicious": 41,
            "recall": 0.01884191176470588
        },
        "7": {
            "labelled_normal": 3874,
            "labelled_malicious": 0,
            "recall": 0.0
        }
    }
}