{
    "TP": 874,
    "TN": 42680,
    "FP": 185,
    "FN": 57451,
    "accuracy": 0.4304180254965906,
    "precision": 0.8253068932955618,
    "recall": 0.014984997856836692,
    "attack_types": {
        "0": {
            "labelled_normal": 42680,
            "labelled_malicious": 185,
            "recall": 0.9956841245771608
        },
        "1": {
            "labelled_normal": 1780,
            "labelled_malicious": 12,
            "recall": 0.006696428571428571
        },
        "2": {
            "labelled_normal": 1445,
            "labelled_malicious": 15,
            "recall": 0.010273972602739725
        },
        "3": {
            "labelled_normal": 1700,
            "labelled_malicious": 0,
            "recall": 0.0
        },
        "4": {
            "labelled_normal": 1932,
            "labelled_malicious": 0,
            "recall": 0.0
        },
        "5": {
            "labelled_normal": 1384,
            "labelled_malicious": 32,
            "recall": 0.022598870056497175
        },
        "6": {
            "labelled_normal": 2001,
            "labelled_malicious": 25,
            "recall": 0.012339585389930898
        },
        "7": {
            "labelled_normal": 1482,
            "labelled_malicious": 30,
            "recall": 0.01984126984126984
        },
        "8": {
            "labelled_normal": 1787,
            "labelled_malicious": 11,
            "recall": 0.006117908787541713
        },
        "9": {
            "labelled_normal": 1367,
            "labelled_malicious": 29,
            "recall": 0.020773638968481375
        },
        "10": {
            "labelled_normal": 1397,
            "labelled_malicious": 77,
            "recall": 0.05223880597014925
        },
        "11": {
            "labelled_normal": 1834,
            "labelled_malicious": 0,
            "recall": 0.0
        },
        "12": {
            "labelled_normal": 2040,
            "labelled_malicious": 32,
            "recall": 0.015444015444015444
        },
        "13": {
            "labelled_normal": 1525,
            "labelled_malicious": 69,
            "recall": 0.04328732747804266
        },
        "14": {
            "labelled_normal": 1639,
            "labelled_malicious": 37,
            "recall": 0.0220763723150358
        },
        "15": {
            "labelled_normal": 1538,
            "labelled_malicious": 20,
            "recall": 0.012836970474967908
        },
        "16": {
            "labelled_normal": 1644,
            "labelled_malicious": 14,
            "recall": 0.008443908323281062
        },
        "17": {
            "labelled_normal": 1399,
            "labelled_malicious": 15,
            "recall": 0.010608203677510608
        },
        "18": {
            "labelled_normal": 57,
            "labelled_malicious": 396,
            "recall": 0.8741721854304636
        },
        "19": {
            "labelled_normal": 1634,
            "labelled_malicious": 0,
            "recall": 0.0
        },
        "20": {
            "labelled_normal": 666,
            "labelled_malicious": 0,
            "recall": 0.0
        },
        "21": {
            "labelled_normal": 1722,
            "labelled_malicious": 0,
            "recall": 0.0
        },
        "22": {
            "labelled_normal": 1542,
            "labelled_malicious": 0,
            "recall": 0.0
        },
        "23": {
            "labelled_normal": 2048,
            "labelled_malicious": 0,
            "recall": 0.0
        },
        "24": {
            "labelled_normal": 1157,
            "labelled_malicious": 3,
            "recall": 0.002586206896551724
        },
        "25": {
            "labelled_normal": 1461,
            "labelled_malicious": 11,
            "recall": 0.007472826086956522
        },
        "26": {
            "labelled_normal": 1785,
            "labelled_malicious": 23,
            "recall": 0.012721238938053098
        },
        "27": {
            "labelled_normal": 2079,
            "labelled_malicious": 0,
            "recall": 0.0
        },
        "28": {
            "labelled_normal": 1857,
            "labelled_malicious": 1,
            "recall": 0.0005382131324004305
        },
        "29": {
            "labelled_normal": 1851,
            "labelled_malicious": 5,
            "recall": 0.0026939655172413795
        },
        "30": {
            "labelled_normal": 2118,
            "labelled_malicious": 2,
            "recall": 0.0009433962264150943
        },
        "31": {
            "labelled_normal": 1896,
            "labelled_malicious": 10,
            "recall": 0.005246589716684155
        },
        "32": {
            "labelled_normal": 1868,
            "labelled_malicious": 3,
            "recall": 0.0016034206306787815
        },
        "33": {
            "labelled_normal": 1604,
            "labelled_malicious": 0,
            "recall": 0.0
        },
        "34": {
            "labelled_normal": 2010,
            "labelled_malicious": 0,
            "recall": 0.0
        },
        "35": {
            "labelled_normal": 2202,
            "labelled_malicious": 2,
            "recall": 0.0009074410163339383
        }
    },
    "attack_categories": {
        "0": {
            "labelled_normal": 42680,
            "labelled_malicious": 185,
            "recall": 0.9956841245771608
        },
        "1": {
            "labelled_normal": 7733,
            "labelled_malicious": 20,
            "recall": 0.002579646588417387
        },
        "2": {
            "labelled_normal": 12998,
            "labelled_malicious": 37,
            "recall": 0.0028385116992711928
        },
        "3": {
            "labelled_normal": 7745,
            "labelled_malicious": 155,
            "recall": 0.019620253164556962
        },
        "4": {
            "labelled_normal": 20149,
            "labelled_malicious": 263,
            "recall": 0.012884577699392514
        },
        "5": {
            "labelled_normal": 4898,
            "labelled_malicious": 0,
            "recall": 0.0
        },
        "6": {
            "labelled_normal": 57,
            "labelled_malicious": 396,
            "recall": 0.8741721854304636
        },
        "7": {
            "labelled_normal": 3871,
            "labelled_malicious": 3,
            "recall": 0.0007743933918430562
        }
    }
}