{
    "TP": 5774,
    "TN": 42897,
    "FP": 133,
    "FN": 48060,
    "accuracy": 0.5024673769408655,
    "precision": 0.9774843406128322,
    "recall": 0.1072556377010811,
    "attack_types": {
        "0": {
            "labelled_normal": 42897,
            "labelled_malicious": 133,
            "recall": 0.9969091331629096
        },
        "1": {
            "labelled_normal": 1779,
            "labelled_malicious": 13,
            "recall": 0.007254464285714286
        },
        "2": {
            "labelled_normal": 1460,
            "labelled_malicious": 0,
            "recall": 0.0
        },
        "3": {
            "labelled_normal": 1697,
            "labelled_malicious": 3,
            "recall": 0.0017647058823529412
        },
        "4": {
            "labelled_normal": 1926,
            "labelled_malicious": 6,
            "recall": 0.003105590062111801
        },
        "5": {
            "labelled_normal": 1412,
            "labelled_malicious": 4,
            "recall": 0.002824858757062147
        },
        "6": {
            "labelled_normal": 2022,
            "labelled_malicious": 4,
            "recall": 0.0019743336623889436
        },
        "7": {
            "labelled_normal": 1498,
            "labelled_malicious": 14,
            "recall": 0.009259259259259259
        },
        "8": {
            "labelled_normal": 1798,
            "labelled_malicious": 0,
            "recall": 0.0
        },
        "9": {
            "labelled_normal": 1390,
            "labelled_malicious": 6,
            "recall": 0.004297994269340974
        },
        "10": {
            "labelled_normal": 1470,
            "labelled_malicious": 4,
            "recall": 0.0027137042062415195
        },
        "11": {
            "labelled_normal": 1822,
            "labelled_malicious": 12,
            "recall": 0.006543075245365322
        },
        "12": {
            "labelled_normal": 2049,
            "labelled_malicious": 23,
            "recall": 0.0111003861003861
        },
        "13": {
            "labelled_normal": 1570,
            "labelled_malicious": 24,
            "recall": 0.015056461731493099
        },
        "14": {
            "labelled_normal": 1672,
            "labelled_malicious": 4,
            "recall": 0.002386634844868735
        },
        "15": {
            "labelled_normal": 1558,
            "labelled_malicious": 0,
            "recall": 0.0
        },
        "16": {
            "labelled_normal": 1650,
            "labelled_malicious": 8,
            "recall": 0.0048250904704463205
        },
        "17": {
            "labelled_normal": 1406,
            "labelled_malicious": 8,
            "recall": 0.005657708628005658
        },
        "18": {
            "labelled_normal": 2168,
            "labelled_malicious": 8,
            "recall": 0.003676470588235294
        },
        "19": {
            "labelled_normal": 1633,
            "labelled_malicious": 1,
            "recall": 0.0006119951040391676
        },
        "20": {
            "labelled_normal": 666,
            "labelled_malicious": 0,
            "recall": 0.0
        },
        "21": {
            "labelled_normal": 1698,
            "labelled_malicious": 24,
            "recall": 0.013937282229965157
        },
        "22": {
            "labelled_normal": 1510,
            "labelled_malicious": 32,
            "recall": 0.020752269779507133
        },
        "23": {
            "labelled_normal": 2010,
            "labelled_malicious": 38,
            "recall": 0.0185546875
        },
        "24": {
            "labelled_normal": 1141,
            "labelled_malicious": 19,
            "recall": 0.016379310344827588
        },
        "25": {
            "labelled_normal": 633,
            "labelled_malicious": 839,
            "recall": 0.5699728260869565
        },
        "26": {
            "labelled_normal": 675,
            "labelled_malicious": 1133,
            "recall": 0.6266592920353983
        },
        "27": {
            "labelled_normal": 1859,
            "labelled_malicious": 220,
            "recall": 0.10582010582010581
        },
        "28": {
            "labelled_normal": 819,
            "labelled_malicious": 1039,
            "recall": 0.5592034445640474
        },
        "29": {
            "labelled_normal": 99,
            "labelled_malicious": 276,
            "recall": 0.736
        },
        "30": {
            "labelled_normal": 141,
            "labelled_malicious": 298,
            "recall": 0.6788154897494305
        },
        "31": {
            "labelled_normal": 5,
            "labelled_malicious": 388,
            "recall": 0.9872773536895675
        },
        "32": {
            "labelled_normal": 3,
            "labelled_malicious": 329,
            "recall": 0.9909638554216867
        },
        "33": {
            "labelled_normal": 1501,
            "labelled_malicious": 103,
            "recall": 0.064214463840399
        },
        "34": {
            "labelled_normal": 1339,
            "labelled_malicious": 671,
            "recall": 0.3338308457711443
        },
        "35": {
            "labelled_normal": 1981,
            "labelled_malicious": 223,
            "recall": 0.10117967332123412
        }
    },
    "attack_categories": {
        "0": {
            "labelled_normal": 42897,
            "labelled_malicious": 133,
            "recall": 0.9969091331629096
        },
        "1": {
            "labelled_normal": 248,
            "labelled_malicious": 1291,
            "recall": 0.838856400259909
        },
        "2": {
            "labelled_normal": 8807,
            "labelled_malicious": 4228,
            "recall": 0.32435749904104333
        },
        "3": {
            "labelled_normal": 7856,
            "labelled_malicious": 44,
            "recall": 0.005569620253164557
        },
        "4": {
            "labelled_normal": 20323,
            "labelled_malicious": 89,
            "recall": 0.0043601802861062125
        },
        "5": {
            "labelled_normal": 4841,
            "labelled_malicious": 57,
            "recall": 0.011637403021641487
        },
        "6": {
            "labelled_normal": 2168,
            "labelled_malicious": 8,
            "recall": 0.003676470588235294
        },
        "7": {
            "labelled_normal": 3817,
            "labelled_malicious": 57,
            "recall": 0.01471347444501807
        }
    }
}