{
    "TP": 526,
    "TN": 42942,
    "FP": 88,
    "FN": 58190,
    "accuracy": 0.4272207261219114,
    "precision": 0.8566775244299675,
    "recall": 0.008958375911165611,
    "attack_types": {
        "0": {
            "labelled_normal": 42942,
            "labelled_malicious": 88,
            "recall": 0.997954915175459
        },
        "1": {
            "labelled_normal": 1792,
            "labelled_malicious": 0,
            "recall": 0.0
        },
        "2": {
            "labelled_normal": 1455,
            "labelled_malicious": 5,
            "recall": 0.003424657534246575
        },
        "3": {
            "labelled_normal": 1700,
            "labelled_malicious": 0,
            "recall": 0.0
        },
        "4": {
            "labelled_normal": 1932,
            "labelled_malicious": 0,
            "recall": 0.0
        },
        "5": {
            "labelled_normal": 1388,
            "labelled_malicious": 28,
            "recall": 0.01977401129943503
        },
        "6": {
            "labelled_normal": 2016,
            "labelled_malicious": 10,
            "recall": 0.004935834155972359
        },
        "7": {
            "labelled_normal": 1512,
            "labelled_malicious": 0,
            "recall": 0.0
        },
        "8": {
            "labelled_normal": 1797,
            "labelled_malicious": 1,
            "recall": 0.0005561735261401557
        },
        "9": {
            "labelled_normal": 1391,
            "labelled_malicious": 5,
            "recall": 0.0035816618911174787
        },
        "10": {
            "labelled_normal": 1460,
            "labelled_malicious": 14,
            "recall": 0.009497964721845319
        },
        "11": {
            "labelled_normal": 1832,
            "labelled_malicious": 2,
            "recall": 0.0010905125408942203
        },
        "12": {
            "labelled_normal": 2072,
            "labelled_malicious": 0,
            "recall": 0.0
        },
        "13": {
            "labelled_normal": 1584,
            "labelled_malicious": 10,
            "recall": 0.006273525721455458
        },
        "14": {
            "labelled_normal": 36,
            "labelled_malicious": 308,
            "recall": 0.8953488372093024
        },
        "15": {
            "labelled_normal": 1479,
            "labelled_malicious": 79,
            "recall": 0.050706033376123234
        },
        "16": {
            "labelled_normal": 1652,
            "labelled_malicious": 6,
            "recall": 0.0036188178528347406
        },
        "17": {
            "labelled_normal": 1407,
            "labelled_malicious": 7,
            "recall": 0.0049504950495049506
        },
        "18": {
            "labelled_normal": 2145,
            "labelled_malicious": 31,
            "recall": 0.014246323529411764
        },
        "19": {
            "labelled_normal": 1628,
            "labelled_malicious": 6,
            "recall": 0.0036719706242350062
        },
        "20": {
            "labelled_normal": 666,
            "labelled_malicious": 0,
            "recall": 0.0
        },
        "21": {
            "labelled_normal": 1721,
            "labelled_malicious": 1,
            "recall": 0.0005807200929152149
        },
        "22": {
            "labelled_normal": 1542,
            "labelled_malicious": 0,
            "recall": 0.0
        },
        "23": {
            "labelled_normal": 2048,
            "labelled_malicious": 0,
            "recall": 0.0
        },
        "24": {
            "labelled_normal": 1160,
            "labelled_malicious": 0,
            "recall": 0.0
        },
        "25": {
            "labelled_normal": 1470,
            "labelled_malicious": 2,
            "recall": 0.001358695652173913
        },
        "26": {
            "labelled_normal": 1798,
            "labelled_malicious": 10,
            "recall": 0.0055309734513274336
        },
        "27": {
            "labelled_normal": 2079,
            "labelled_malicious": 0,
            "recall": 0.0
        },
        "28": {
            "labelled_normal": 1858,
            "labelled_malicious": 0,
            "recall": 0.0
        },
        "29": {
            "labelled_normal": 1855,
            "labelled_malicious": 1,
            "recall": 0.0005387931034482759
        },
        "30": {
            "labelled_normal": 2120,
            "labelled_malicious": 0,
            "recall": 0.0
        },
        "31": {
            "labelled_normal": 1906,
            "labelled_malicious": 0,
            "recall": 0.0
        },
        "32": {
            "labelled_normal": 1871,
            "labelled_malicious": 0,
            "recall": 0.0
        },
        "33": {
            "labelled_normal": 1604,
            "labelled_malicious": 0,
            "recall": 0.0
        },
        "34": {
            "labelled_normal": 2010,
            "labelled_malicious": 0,
            "recall": 0.0
        },
        "35": {
            "labelled_normal": 2204,
            "labelled_malicious": 0,
            "recall": 0.0
        }
    },
    "attack_categories": {
        "0": {
            "labelled_normal": 42942,
            "labelled_malicious": 88,
            "recall": 0.997954915175459
        },
        "1": {
            "labelled_normal": 7752,
            "labelled_malicious": 1,
            "recall": 0.00012898232942086933
        },
        "2": {
            "labelled_normal": 13023,
            "labelled_malicious": 12,
            "recall": 0.0009205983889528193
        },
        "3": {
            "labelled_normal": 6158,
            "labelled_malicious": 410,
            "recall": 0.06242387332521315
        },
        "4": {
            "labelled_normal": 20347,
            "labelled_malicious": 65,
            "recall": 0.003184401332549481
        },
        "5": {
            "labelled_normal": 4891,
            "labelled_malicious": 7,
            "recall": 0.0014291547570436914
        },
        "6": {
            "labelled_normal": 2145,
            "labelled_malicious": 31,
            "recall": 0.014246323529411764
        },
        "7": {
            "labelled_normal": 3874,
            "labelled_malicious": 0,
            "recall": 0.0
        }
    }
}