{
    "TP": 6581,
    "TN": 42994,
    "FP": 34,
    "FN": 52025,
    "accuracy": 0.487779680028337,
    "precision": 0.9948601662887377,
    "recall": 0.11229225676551889,
    "attack_types": {
        "0": {
            "labelled_normal": 42994,
            "labelled_malicious": 34,
            "recall": 0.9992098168634378
        },
        "1": {
            "labelled_normal": 1792,
            "labelled_malicious": 0,
            "recall": 0.0
        },
        "2": {
            "labelled_normal": 1458,
            "labelled_malicious": 2,
            "recall": 0.0013698630136986301
        },
        "3": {
            "labelled_normal": 1700,
            "labelled_malicious": 0,
            "recall": 0.0
        },
        "4": {
            "labelled_normal": 1932,
            "labelled_malicious": 0,
            "recall": 0.0
        },
        "5": {
            "labelled_normal": 1416,
            "labelled_malicious": 0,
            "recall": 0.0
        },
        "6": {
            "labelled_normal": 2024,
            "labelled_malicious": 2,
            "recall": 0.0009871668311944718
        },
        "7": {
            "labelled_normal": 1510,
            "labelled_malicious": 2,
            "recall": 0.0013227513227513227
        },
        "8": {
            "labelled_normal": 1797,
            "labelled_malicious": 1,
            "recall": 0.0005561735261401557
        },
        "9": {
            "labelled_normal": 1394,
            "labelled_malicious": 2,
            "recall": 0.0014326647564469914
        },
        "10": {
            "labelled_normal": 1473,
            "labelled_malicious": 1,
            "recall": 0.0006784260515603799
        },
        "11": {
            "labelled_normal": 1830,
            "labelled_malicious": 4,
            "recall": 0.0021810250817884407
        },
        "12": {
            "labelled_normal": 2071,
            "labelled_malicious": 1,
            "recall": 0.00048262548262548264
        },
        "13": {
            "labelled_normal": 1592,
            "labelled_malicious": 2,
            "recall": 0.0012547051442910915
        },
        "14": {
            "labelled_normal": 1664,
            "labelled_malicious": 12,
            "recall": 0.007159904534606206
        },
        "15": {
            "labelled_normal": 1555,
            "labelled_malicious": 3,
            "recall": 0.0019255455712451862
        },
        "16": {
            "labelled_normal": 1653,
            "labelled_malicious": 5,
            "recall": 0.0030156815440289505
        },
        "17": {
            "labelled_normal": 1412,
            "labelled_malicious": 2,
            "recall": 0.0014144271570014145
        },
        "18": {
            "labelled_normal": 2173,
            "labelled_malicious": 3,
            "recall": 0.0013786764705882354
        },
        "19": {
            "labelled_normal": 1632,
            "labelled_malicious": 2,
            "recall": 0.0012239902080783353
        },
        "20": {
            "labelled_normal": 665,
            "labelled_malicious": 1,
            "recall": 0.0015015015015015015
        },
        "21": {
            "labelled_normal": 1721,
            "labelled_malicious": 1,
            "recall": 0.0005807200929152149
        },
        "22": {
            "labelled_normal": 1542,
            "labelled_malicious": 0,
            "recall": 0.0
        },
        "23": {
            "labelled_normal": 2048,
            "labelled_malicious": 0,
            "recall": 0.0
        },
        "24": {
            "labelled_normal": 1156,
            "labelled_malicious": 4,
            "recall": 0.0034482758620689655
        },
        "25": {
            "labelled_normal": 675,
            "labelled_malicious": 797,
            "recall": 0.5414402173913043
        },
        "26": {
            "labelled_normal": 61,
            "labelled_malicious": 305,
            "recall": 0.8333333333333334
        },
        "27": {
            "labelled_normal": 2076,
            "labelled_malicious": 3,
            "recall": 0.001443001443001443
        },
        "28": {
            "labelled_normal": 879,
            "labelled_malicious": 979,
            "recall": 0.5269106566200216
        },
        "29": {
            "labelled_normal": 762,
            "labelled_malicious": 1094,
            "recall": 0.5894396551724138
        },
        "30": {
            "labelled_normal": 2117,
            "labelled_malicious": 3,
            "recall": 0.0014150943396226414
        },
        "31": {
            "labelled_normal": 459,
            "labelled_malicious": 1447,
            "recall": 0.7591815320041972
        },
        "32": {
            "labelled_normal": 514,
            "labelled_malicious": 1357,
            "recall": 0.7252805986103688
        },
        "33": {
            "labelled_normal": 1604,
            "labelled_malicious": 0,
            "recall": 0.0
        },
        "34": {
            "labelled_normal": 1464,
            "labelled_malicious": 546,
            "recall": 0.2716417910447761
        },
        "35": {
            "labelled_normal": 2204,
            "labelled_malicious": 0,
            "recall": 0.0
        }
    },
    "attack_categories": {
        "0": {
            "labelled_normal": 42994,
            "labelled_malicious": 34,
            "recall": 0.9992098168634378
        },
        "1": {
            "labelled_normal": 3852,
            "labelled_malicious": 3901,
            "recall": 0.5031600670708113
        },
        "2": {
            "labelled_normal": 8963,
            "labelled_malicious": 2630,
            "recall": 0.2268610368325714
        },
        "3": {
            "labelled_normal": 7876,
            "labelled_malicious": 24,
            "recall": 0.0030379746835443038
        },
        "4": {
            "labelled_normal": 20397,
            "labelled_malicious": 15,
            "recall": 0.0007348618459729571
        },
        "5": {
            "labelled_normal": 4895,
            "labelled_malicious": 3,
            "recall": 0.0006124948958758677
        },
        "6": {
            "labelled_normal": 2173,
            "labelled_malicious": 3,
            "recall": 0.0013786764705882354
        },
        "7": {
            "labelled_normal": 3869,
            "labelled_malicious": 5,
            "recall": 0.0012906556530717604
        }
    }
}