{
    "TP": 6576,
    "TN": 42980,
    "FP": 50,
    "FN": 52037,
    "accuracy": 0.4875495607174129,
    "precision": 0.9924539692121944,
    "recall": 0.11219354068210124,
    "attack_types": {
        "0": {
            "labelled_normal": 42980,
            "labelled_malicious": 50,
            "recall": 0.9988380199860563
        },
        "1": {
            "labelled_normal": 1790,
            "labelled_malicious": 2,
            "recall": 0.0011160714285714285
        },
        "2": {
            "labelled_normal": 1455,
            "labelled_malicious": 5,
            "recall": 0.003424657534246575
        },
        "3": {
            "labelled_normal": 1698,
            "labelled_malicious": 2,
            "recall": 0.001176470588235294
        },
        "4": {
            "labelled_normal": 1932,
            "labelled_malicious": 0,
            "recall": 0.0
        },
        "5": {
            "labelled_normal": 1412,
            "labelled_malicious": 4,
            "recall": 0.002824858757062147
        },
        "6": {
            "labelled_normal": 2024,
            "labelled_malicious": 2,
            "recall": 0.0009871668311944718
        },
        "7": {
            "labelled_normal": 1510,
            "labelled_malicious": 2,
            "recall": 0.0013227513227513227
        },
        "8": {
            "labelled_normal": 1797,
            "labelled_malicious": 1,
            "recall": 0.0005561735261401557
        },
        "9": {
            "labelled_normal": 1388,
            "labelled_malicious": 8,
            "recall": 0.0057306590257879654
        },
        "10": {
            "labelled_normal": 1471,
            "labelled_malicious": 3,
            "recall": 0.0020352781546811396
        },
        "11": {
            "labelled_normal": 1834,
            "labelled_malicious": 0,
            "recall": 0.0
        },
        "12": {
            "labelled_normal": 2072,
            "labelled_malicious": 0,
            "recall": 0.0
        },
        "13": {
            "labelled_normal": 1594,
            "labelled_malicious": 0,
            "recall": 0.0
        },
        "14": {
            "labelled_normal": 1667,
            "labelled_malicious": 9,
            "recall": 0.0053699284009546535
        },
        "15": {
            "labelled_normal": 1558,
            "labelled_malicious": 0,
            "recall": 0.0
        },
        "16": {
            "labelled_normal": 1653,
            "labelled_malicious": 5,
            "recall": 0.0030156815440289505
        },
        "17": {
            "labelled_normal": 1412,
            "labelled_malicious": 2,
            "recall": 0.0014144271570014145
        },
        "18": {
            "labelled_normal": 2173,
            "labelled_malicious": 3,
            "recall": 0.0013786764705882354
        },
        "19": {
            "labelled_normal": 1632,
            "labelled_malicious": 2,
            "recall": 0.0012239902080783353
        },
        "20": {
            "labelled_normal": 665,
            "labelled_malicious": 1,
            "recall": 0.0015015015015015015
        },
        "21": {
            "labelled_normal": 1722,
            "labelled_malicious": 0,
            "recall": 0.0
        },
        "22": {
            "labelled_normal": 1542,
            "labelled_malicious": 0,
            "recall": 0.0
        },
        "23": {
            "labelled_normal": 2048,
            "labelled_malicious": 0,
            "recall": 0.0
        },
        "24": {
            "labelled_normal": 1158,
            "labelled_malicious": 2,
            "recall": 0.0017241379310344827
        },
        "25": {
            "labelled_normal": 672,
            "labelled_malicious": 800,
            "recall": 0.5434782608695652
        },
        "26": {
            "labelled_normal": 58,
            "labelled_malicious": 315,
            "recall": 0.8445040214477212
        },
        "27": {
            "labelled_normal": 2076,
            "labelled_malicious": 3,
            "recall": 0.001443001443001443
        },
        "28": {
            "labelled_normal": 876,
            "labelled_malicious": 982,
            "recall": 0.5285252960172229
        },
        "29": {
            "labelled_normal": 771,
            "labelled_malicious": 1085,
            "recall": 0.5845905172413793
        },
        "30": {
            "labelled_normal": 2117,
            "labelled_malicious": 3,
            "recall": 0.0014150943396226414
        },
        "31": {
            "labelled_normal": 458,
            "labelled_malicious": 1448,
            "recall": 0.7597061909758657
        },
        "32": {
            "labelled_normal": 509,
            "labelled_malicious": 1362,
            "recall": 0.7279529663281668
        },
        "33": {
            "labelled_normal": 1604,
            "labelled_malicious": 0,
            "recall": 0.0
        },
        "34": {
            "labelled_normal": 1485,
            "labelled_malicious": 525,
            "recall": 0.26119402985074625
        },
        "35": {
            "labelled_normal": 2204,
            "labelled_malicious": 0,
            "recall": 0.0
        }
    },
    "attack_categories": {
        "0": {
            "labelled_normal": 42980,
            "labelled_malicious": 50,
            "recall": 0.9988380199860563
        },
        "1": {
            "labelled_normal": 3855,
            "labelled_malicious": 3898,
            "recall": 0.5027731200825487
        },
        "2": {
            "labelled_normal": 8975,
            "labelled_malicious": 2625,
            "recall": 0.22629310344827586
        },
        "3": {
            "labelled_normal": 7884,
            "labelled_malicious": 16,
            "recall": 0.0020253164556962027
        },
        "4": {
            "labelled_normal": 20383,
            "labelled_malicious": 29,
            "recall": 0.0014207329022143838
        },
        "5": {
            "labelled_normal": 4896,
            "labelled_malicious": 2,
            "recall": 0.0004083299305839118
        },
        "6": {
            "labelled_normal": 2173,
            "labelled_malicious": 3,
            "recall": 0.0013786764705882354
        },
        "7": {
            "labelled_normal": 3871,
            "labelled_malicious": 3,
            "recall": 0.0007743933918430562
        }
    }
}