{
    "TP": 567,
    "TN": 42933,
    "FP": 97,
    "FN": 58218,
    "accuracy": 0.42724549427883907,
    "precision": 0.8539156626506024,
    "recall": 0.00964531768308242,
    "attack_types": {
        "0": {
            "labelled_normal": 42933,
            "labelled_malicious": 97,
            "recall": 0.9977457587729491
        },
        "1": {
            "labelled_normal": 1739,
            "labelled_malicious": 53,
            "recall": 0.029575892857142856
        },
        "2": {
            "labelled_normal": 1448,
            "labelled_malicious": 12,
            "recall": 0.00821917808219178
        },
        "3": {
            "labelled_normal": 1700,
            "labelled_malicious": 0,
            "recall": 0.0
        },
        "4": {
            "labelled_normal": 1932,
            "labelled_malicious": 0,
            "recall": 0.0
        },
        "5": {
            "labelled_normal": 1381,
            "labelled_malicious": 35,
            "recall": 0.024717514124293787
        },
        "6": {
            "labelled_normal": 2010,
            "labelled_malicious": 16,
            "recall": 0.007897334649555774
        },
        "7": {
            "labelled_normal": 1512,
            "labelled_malicious": 0,
            "recall": 0.0
        },
        "8": {
            "labelled_normal": 1793,
            "labelled_malicious": 5,
            "recall": 0.0027808676307007787
        },
        "9": {
            "labelled_normal": 1380,
            "labelled_malicious": 16,
            "recall": 0.011461318051575931
        },
        "10": {
            "labelled_normal": 1451,
            "labelled_malicious": 23,
            "recall": 0.015603799185888738
        },
        "11": {
            "labelled_normal": 1834,
            "labelled_malicious": 0,
            "recall": 0.0
        },
        "12": {
            "labelled_normal": 2072,
            "labelled_malicious": 0,
            "recall": 0.0
        },
        "13": {
            "labelled_normal": 1533,
            "labelled_malicious": 61,
            "recall": 0.038268506900878296
        },
        "14": {
            "labelled_normal": 1655,
            "labelled_malicious": 21,
            "recall": 0.012529832935560859
        },
        "15": {
            "labelled_normal": 73,
            "labelled_malicious": 222,
            "recall": 0.752542372881356
        },
        "16": {
            "labelled_normal": 1629,
            "labelled_malicious": 29,
            "recall": 0.017490952955367914
        },
        "17": {
            "labelled_normal": 1379,
            "labelled_malicious": 35,
            "recall": 0.024752475247524754
        },
        "18": {
            "labelled_normal": 2147,
            "labelled_malicious": 29,
            "recall": 0.01332720588235294
        },
        "19": {
            "labelled_normal": 1634,
            "labelled_malicious": 0,
            "recall": 0.0
        },
        "20": {
            "labelled_normal": 666,
            "labelled_malicious": 0,
            "recall": 0.0
        },
        "21": {
            "labelled_normal": 1722,
            "labelled_malicious": 0,
            "recall": 0.0
        },
        "22": {
            "labelled_normal": 1542,
            "labelled_malicious": 0,
            "recall": 0.0
        },
        "23": {
            "labelled_normal": 2048,
            "labelled_malicious": 0,
            "recall": 0.0
        },
        "24": {
            "labelled_normal": 1160,
            "labelled_malicious": 0,
            "recall": 0.0
        },
        "25": {
            "labelled_normal": 1467,
            "labelled_malicious": 5,
            "recall": 0.0033967391304347825
        },
        "26": {
            "labelled_normal": 1803,
            "labelled_malicious": 5,
            "recall": 0.0027654867256637168
        },
        "27": {
            "labelled_normal": 2079,
            "labelled_malicious": 0,
            "recall": 0.0
        },
        "28": {
            "labelled_normal": 1858,
            "labelled_malicious": 0,
            "recall": 0.0
        },
        "29": {
            "labelled_normal": 1856,
            "labelled_malicious": 0,
            "recall": 0.0
        },
        "30": {
            "labelled_normal": 2120,
            "labelled_malicious": 0,
            "recall": 0.0
        },
        "31": {
            "labelled_normal": 1906,
            "labelled_malicious": 0,
            "recall": 0.0
        },
        "32": {
            "labelled_normal": 1871,
            "labelled_malicious": 0,
            "recall": 0.0
        },
        "33": {
            "labelled_normal": 1604,
            "labelled_malicious": 0,
            "recall": 0.0
        },
        "34": {
            "labelled_normal": 2010,
            "labelled_malicious": 0,
            "recall": 0.0
        },
        "35": {
            "labelled_normal": 2204,
            "labelled_malicious": 0,
            "recall": 0.0
        }
    },
    "attack_categories": {
        "0": {
            "labelled_normal": 42933,
            "labelled_malicious": 97,
            "recall": 0.9977457587729491
        },
        "1": {
            "labelled_normal": 7753,
            "labelled_malicious": 0,
            "recall": 0.0
        },
        "2": {
            "labelled_normal": 13025,
            "labelled_malicious": 10,
            "recall": 0.0007671653241273494
        },
        "3": {
            "labelled_normal": 6269,
            "labelled_malicious": 368,
            "recall": 0.05544673798402893
        },
        "4": {
            "labelled_normal": 20252,
            "labelled_malicious": 160,
            "recall": 0.007838526357044875
        },
        "5": {
            "labelled_normal": 4898,
            "labelled_malicious": 0,
            "recall": 0.0
        },
        "6": {
            "labelled_normal": 2147,
            "labelled_malicious": 29,
            "recall": 0.01332720588235294
        },
        "7": {
            "labelled_normal": 3874,
            "labelled_malicious": 0,
            "recall": 0.0
        }
    }
}